source_id,Cluster,likelihood,prior,posterior,RVflag,SOS,classifier,G23,C17,New,Final,_RA,_DE
3833326962439414016,Pal_3, 0.5803629911992196, 1.0000000000000000, 5.8036299119921964e-01,False,True ,True ,True ,False,False,True ,151.37679,+00.06051
3833326996797682560,Pal_3, 0.7936641673101691, 0.8753020054478693, 6.9469583729870432e-01,False,True ,True ,True ,False,False,True ,151.39700,+00.06189
3833327202955914368,Pal_3, 0.4144925292803435, 1.0000000000000000, 4.1449252928034352e-01,False,True ,True ,True ,False,False,True ,151.38924,+00.07453
3833327271675597312,Pal_3, 0.5823618158685144, 0.8616317959354882, 5.0178145729104018e-01,False,True ,True ,True ,True ,False,True ,151.36410,+00.08597
6736897172945805056,NGC_6681_M_70, 0.8380760565817000, 1.0000000000000000, 8.3807605658170004e-01,False,True ,True ,True ,True ,False,True ,280.79883,-32.30654
6736897306068158336,NGC_6681_M_70, 0.9955007705623916, 1.0000000000000000, 9.9550077056239161e-01,False,True ,True ,True ,False,False,True ,280.81825,-32.28684
4203848778920519168,NGC_6712, 0.4587487276560583, 1.0000000000000000, 4.5874872765605829e-01,False,True ,True ,True ,True ,False,True ,283.28611,-08.72333
4203848877631995136,NGC_6712, 0.9947959318980422, 1.0000000000000000, 9.9479593189804216e-01,False,True ,True ,True ,True ,False,True ,283.25949,-08.72982
4203849053725057280,NGC_6712, 0.4595192611217361, 1.0000000000000000, 4.5951926112173608e-01,False,True ,True ,True ,True ,False,True ,283.26818,-08.70745
4203849053798612096,NGC_6712, 0.6860117370923364, 1.0000000000000000, 6.8601173709233643e-01,False,True ,True ,True ,True ,False,True ,283.26012,-08.70387
4203849083790434304,NGC_6712, 0.6044496359326836, 1.0000000000000000, 6.0444963593268364e-01,False,True ,True ,True ,True ,False,True ,283.26730,-08.70101
4203849088158338944,NGC_6712, 0.9957908688965914, 1.0000000000000000, 9.9579086889659141e-01,False,True ,True ,True ,True ,False,True ,283.27502,-08.69260
4203849809712937088,NGC_6712, 0.9764213176750453, 1.0000000000000000, 9.7642131767504525e-01,False,True ,True ,True ,True ,False,True ,283.24066,-08.69623
4203849874064518016,NGC_6712, 0.9846475605813588, 1.0000000000000000, 9.8464756058135883e-01,False,True ,True ,True ,True ,False,True ,283.24612,-08.68901
4050198037650939648,NGC_6522, 0.6327193148037435, 1.0000000000000000, 6.3271931480374355e-01,False,True ,True ,True ,True ,False,True ,270.91772,-30.04658
4050198110594112384,NGC_6522, 0.7509761070262805, 1.0000000000000000, 7.5097610702628048e-01,False,True ,True ,True ,True ,False,True ,270.90132,-30.02435
4050198351112412160,NGC_6522, 0.5271488570089711, 1.0000000000000000, 5.2714885700897107e-01,False,True ,True ,True ,True ,False,True ,270.87491,-30.02508
4050201237330707712,NGC_6522, 0.1503158564341007, 0.1231940910947781, 1.8518025310532100e-02,False,True ,True ,True ,False,False,True ,270.82775,-30.01926
5889482086570989952,NGC_5946, 0.1644420204475254, 1.0000000000000000, 1.6444202044752540e-01,False,True ,True ,True ,False,False,True ,233.87313,-50.68663
5889482189650514816,NGC_5946, 0.8329502345359262, 1.0000000000000000, 8.3295023453592620e-01,False,True ,True ,True ,True ,False,True ,233.87879,-50.66221
5889482224057529088,NGC_5946, 0.9823806528911410, 1.0000000000000000, 9.8238065289114096e-01,False,True ,True ,True ,True ,False,True ,233.90772,-50.66885
6029362093371105536,NGC_6266_M_62, 0.7936237003175133, 0.0995227249915840, 7.8983593273503100e-02,False,True ,True ,True ,True ,False,True ,255.27637,-30.24746
6029363841330527232,NGC_6266_M_62, 0.9606152831801354, 0.2929263418984471, 2.8138952087369790e-01,False,True ,True ,True ,False,False,True ,255.32245,-30.18560
6029363948823175168,NGC_6266_M_62, 0.9869925848445200, 0.1998720363387046, 1.9727221778407589e-01,False,True ,True ,True ,False,False,True ,255.36075,-30.19440
6029364184934916096,NGC_6266_M_62, 0.4992872196361968, 0.3267369622319020, 1.6313558942514339e-01,False,True ,True ,True ,False,False,True ,255.35316,-30.16486
6029364189239923712,NGC_6266_M_62, 0.9591974026289960, 0.2800364102980620, 2.6861019739944880e-01,False,True ,True ,True ,False,False,True ,255.35613,-30.17395
6029364189341379584,NGC_6266_M_62, 0.9960917276324124, 0.2938629891552118, 2.9271449255483978e-01,False,True ,True ,True ,False,False,True ,255.34922,-30.17500
6029364494172445824,NGC_6266_M_62, 0.3019334293157341, 0.2533702374253583, 7.6500944672380097e-02,False,True ,True ,True ,False,False,True ,255.26403,-30.18820
6029364601557037952,NGC_6266_M_62, 0.0453907492531694, 0.4526881387990093, 2.0547853798109701e-02,False,True ,True ,True ,False,False,True ,255.31166,-30.16214
6029364635914893440,NGC_6266_M_62, 0.0239717634618940, 0.3782915499030247, 9.0683155539084993e-03,False,True ,True ,True ,False,False,True ,255.28460,-30.17064
6029364837769854976,NGC_6266_M_62, 0.7969163213806582, 0.4191318694812147, 3.3401302760036777e-01,False,True ,True ,True ,False,False,True ,255.28473,-30.16453
6029364872129599360,NGC_6266_M_62, 0.8213131157127637, 0.5622231018148536, 4.6176120747725169e-01,False,True ,True ,True ,False,False,True ,255.28910,-30.14807
6029364872129600256,NGC_6266_M_62, 0.7677929112985266, 0.5131402194890676, 3.9398542302587608e-01,False,True ,True ,True ,False,False,True ,255.28943,-30.15368
6029364906489311104,NGC_6266_M_62, 0.3243940364147328, 0.5111800616235392, 1.6582376352479170e-01,False,True ,True ,True ,False,False,True ,255.26832,-30.14239
6029364906489321472,NGC_6266_M_62, 0.8389724832981403, 0.4966827221675091, 4.1670313682815541e-01,False,True ,True ,True ,False,False,True ,255.27661,-30.15051
6029364940849059456,NGC_6266_M_62, 0.7492625409657441, 0.5863617685945277, 4.3933890866230341e-01,False,True ,True ,True ,False,False,True ,255.27628,-30.13841
6029364979514073856,NGC_6266_M_62, 0.5450692676145039, 0.4077019401741187, 2.2222579793571920e-01,False,True ,True ,True ,False,False,True ,255.32367,-30.16564
6029364979615403008,NGC_6266_M_62, 0.6959569712267353, 0.4070996242853923, 2.8332382150520358e-01,False,True ,True ,True ,False,False,True ,255.32843,-30.16408
6029365009568611968,NGC_6266_M_62, 0.1506393021216333, 0.5032730591829498, 7.5812702411939006e-02,False,True ,True ,True ,False,False,True ,255.33136,-30.14894
6029365013873931008,NGC_6266_M_62, 0.2294861690923525, 0.5323504569533201, 1.2216706698078070e-01,False,True ,True ,True ,False,False,True ,255.33054,-30.14558
6029365048233800704,NGC_6266_M_62, 0.4627341396867128, 0.5501608794702461, 2.5457822125094959e-01,False,True ,True ,True ,False,False,True ,255.30398,-30.15152
6029365048233857408,NGC_6266_M_62, 0.4597867008178965, 0.6480848664702891, 2.9798080260438120e-01,False,True ,True ,True ,False,False,True ,255.31130,-30.14132
6029365078288073728,NGC_6266_M_62, 0.6013470565302435, 0.5707270421903514, 3.4320502690337990e-01,False,True ,True ,True ,False,False,True ,255.32082,-30.14604
6029365082593477504,NGC_6266_M_62, 0.1517061420482768, 0.5852520668681210, 8.8786333190342695e-02,False,True ,True ,True ,False,False,True ,255.32337,-30.14328
6029365082694727808,NGC_6266_M_62, 0.0059101137830969, 0.6571474837860051, 3.8838164014510998e-03,False,True ,True ,True ,False,False,True ,255.31511,-30.13946
6029365112647835904,NGC_6266_M_62, 0.1659300137502488, 0.5179733129126788, 8.5947318933862704e-02,False,True ,True ,True ,False,False,True ,255.33809,-30.14183
6029365112670196224,NGC_6266_M_62, 0.1387550014889882, 0.4527061710049441, 6.2815245431865105e-02,False,True ,True ,True ,False,False,True ,255.34880,-30.14236
6029365151414138624,NGC_6266_M_62, 0.5205062739779263, 0.4650167234611089, 2.4204412206616549e-01,False,True ,True ,True ,False,False,True ,255.35305,-30.13345
6029365220032464384,NGC_6266_M_62, 0.5063951316270465, 0.5410466406558782, 2.7398338481130469e-01,False,True ,True ,True ,False,False,True ,255.34759,-30.12291
6029365220032534400,NGC_6266_M_62, 0.7913495474666188, 0.5962257000718273, 4.7182293793980851e-01,False,True ,True ,True ,False,False,True ,255.34229,-30.11965
6029365250086737280,NGC_6266_M_62, 0.7600094326156085, 0.5962701221267452, 4.5317091720318720e-01,False,True ,True ,True ,False,False,True ,255.29983,-30.14676
6029365288752216704,NGC_6266_M_62, 0.0208548869221002, 0.8376313934424930, 1.7468707992644401e-02,False,True ,True ,True ,False,False,True ,255.31069,-30.12615
6029365288752237824,NGC_6266_M_62, 0.3172107300685902, 0.7932215069439397, 2.5161837332379439e-01,False,True ,True ,True ,False,False,True ,255.30181,-30.13049
6029365323112013312,NGC_6266_M_62, 0.5336631067247972, 0.6731188137395605, 3.5921867733516399e-01,False,True ,True ,True ,False,False,True ,255.29041,-30.13742
6029365323112052736,NGC_6266_M_62, 0.0409674583406827, 0.8365062157642910, 3.4269533546045700e-02,False,True ,True ,True ,False,False,True ,255.29688,-30.12635
6029365323112062336,NGC_6266_M_62, 0.4442120685673062, 0.8052944961532678, 3.5772153394210970e-01,False,True ,True ,True ,False,False,True ,255.29725,-30.12879
6029365323213260544,NGC_6266_M_62, 0.0056235181420735, 0.7571027867128387, 4.2575812564940004e-03,False,True ,True ,True ,False,False,True ,255.29334,-30.13121
6029365323213271168,NGC_6266_M_62, 0.0892615822861652, 0.7428508926300954, 6.6308046078852503e-02,False,True ,True ,True ,False,False,True ,255.28795,-30.12955
6029365357472084096,NGC_6266_M_62, 0.6797504648611685, 0.9063561621666008, 6.1609602256253160e-01,False,True ,True ,True ,False,False,True ,255.29214,-30.11698
6029365357572731008,NGC_6266_M_62, 0.0744200782382680, 0.9274628716229047, 6.9021859469265298e-02,False,True ,True ,True ,False,False,True ,255.29942,-30.12089
6029365357572743552,NGC_6266_M_62, 0.1570370320867919, 0.9024995662202711, 1.4172585333884849e-01,False,True ,True ,True ,False,False,True ,255.30049,-30.12282
6029365357572813312,NGC_6266_M_62, 0.7378576018351464, 0.9212098770946180, 6.7972171069988463e-01,False,True ,True ,True ,False,False,True ,255.29661,-30.11998
6029365357572817536,NGC_6266_M_62, 0.0171446838606368, 0.9158105123550092, 1.5701281710574399e-02,False,True ,True ,True ,False,False,True ,255.29732,-30.12079
6029365391831358336,NGC_6266_M_62, 0.1249631783191088, 0.7609459055775153, 9.5090218889878800e-02,False,True ,True ,True ,False,False,True ,255.32299,-30.12432
6029365391831519488,NGC_6266_M_62, 0.0130664034703604, 0.8488727190196165, 1.1091713441692200e-02,False,True ,True ,True ,False,False,True ,255.32097,-30.11409
6029365391932733824,NGC_6266_M_62, 0.0420717964117041, 0.8802990177231815, 3.7035761055072801e-02,False,True ,True ,False,False,False,True ,255.31855,-30.11431
6029365426191441664,NGC_6266_M_62, 0.9671645768990088, 0.6869012382245711, 6.6434654543887239e-01,False,True ,True ,True ,False,False,True ,255.33242,-30.09963
6029365426292159616,NGC_6266_M_62, 0.0057017761224004, 0.6812863176419424, 3.8845420584489002e-03,False,True ,True ,True ,False,False,True ,255.33525,-30.11054
6029365460551127296,NGC_6266_M_62, 0.0143500935988614, 0.9568067474918972, 1.3730266382530800e-02,False,True ,True ,True ,False,False,True ,255.31371,-30.11233
6029365460551165568,NGC_6266_M_62, 0.0160519687300889, 0.9065048023283504, 1.4551186740650099e-02,False,True ,True ,True ,False,False,True ,255.31722,-30.11182
6029365460551282560,NGC_6266_M_62, 0.2922827910505137, 1.0000000000000000, 2.9228279105051369e-01,False,True ,True ,True ,False,False,True ,255.30740,-30.10519
6029365460551283072,NGC_6266_M_62, 0.8450933122562070, 0.9829308069943524, 8.3066825140152389e-01,False,True ,True ,True ,False,False,True ,255.30969,-30.10501
6029365460651933184,NGC_6266_M_62, 0.0335622038518462, 0.9504043942009648, 3.1897666019863199e-02,False,True ,True ,True ,False,False,True ,255.31429,-30.11133
6029365490604930048,NGC_6266_M_62, 0.0111136101109711, 0.8549320405003716, 9.5013813694979996e-03,False,True ,True ,True ,False,False,True ,255.31817,-30.10185
6029365490605171840,NGC_6266_M_62, 0.0064783704362540, 0.7486129038538425, 4.8497917045250000e-03,False,True ,True ,True ,False,False,True ,255.32285,-30.09490
6029366182207329792,NGC_6266_M_62, 0.6125663037009252, 0.1228044812987597, 7.5225887187090598e-02,False,True ,True ,True ,True ,False,True ,255.19178,-30.18686
6029366899347248512,NGC_6266_M_62, 0.0080700609927175, 0.0248106091001552, 2.0022312870470000e-04,False,True ,True ,True ,False,False,True ,255.07849,-30.18732
6029367758341022720,NGC_6266_M_62, 0.2655116660286089, 0.3800798199341617, 1.0091562621457290e-01,False,True ,True ,True ,False,False,True ,255.24556,-30.14338
6029367895786551552,NGC_6266_M_62, 0.2397792942906776, 0.5824757058647581, 1.3966561369371600e-01,False,True ,True ,True ,False,False,True ,255.27127,-30.13410
6029367900194921856,NGC_6266_M_62, 0.5734756408267863, 0.6553925355882173, 3.7585165433954520e-01,False,True ,True ,True ,False,False,True ,255.27371,-30.12513
6029367964506023168,NGC_6266_M_62, 0.0166617480340529, 0.6080823544260728, 1.0131714973400900e-02,False,True ,True ,True ,False,False,True ,255.26597,-30.11810
6029368033225472256,NGC_6266_M_62, 0.6545628025067425, 0.2846501837684487, 1.8632142202153501e-01,False,True ,True ,True ,False,False,True ,255.22272,-30.13834
6029368106353253120,NGC_6266_M_62, 0.3816142154828410, 0.2594927640091501, 9.9026127560825794e-02,False,True ,True ,True ,False,False,True ,255.21269,-30.12410
6029368278050006144,NGC_6266_M_62, 0.1827199474686317, 0.7100075928246008, 1.2973255006324069e-01,False,True ,True ,True ,False,False,True ,255.27545,-30.11598
6029368308103438208,NGC_6266_M_62, 0.0048487694726441, 0.8531868544256029, 4.1369063742000998e-03,False,True ,True ,True ,False,False,True ,255.29062,-30.10035
6029368312409585408,NGC_6266_M_62, 0.1775670715632745, 0.8697149281184212, 1.5443273288085180e-01,False,True ,True ,True ,False,False,True ,255.28923,-30.11706
6029368312409605632,NGC_6266_M_62, 0.2101418498298387, 0.9204851997296112, 1.9343246261216909e-01,False,True ,True ,True ,False,False,True ,255.29158,-30.11346
6029368312510278016,NGC_6266_M_62, 0.0977959524971784, 0.9761816638105760, 9.5466615622635698e-02,False,True ,True ,True ,False,False,True ,255.29589,-30.10689
6029368312510439680,NGC_6266_M_62, 0.0153325724182677, 0.9533697778381276, 1.4617611160090900e-02,False,True ,True ,True ,False,False,True ,255.29559,-30.10481
6029368312510451456,NGC_6266_M_62, 0.1909009702111446, 0.9727511685903932, 1.8569914185793071e-01,False,True ,True ,True ,False,False,True ,255.29494,-30.11266
6029368342463146240,NGC_6266_M_62, 0.7499649037444196, 0.6281744054656222, 4.7110875752973330e-01,False,True ,True ,True ,False,False,True ,255.26735,-30.10770
6029368342463149184,NGC_6266_M_62, 0.8506908147983993, 0.6555131215067861, 5.5763899144564999e-01,False,True ,True ,True ,False,False,True ,255.27018,-30.11505
6029368342463151616,NGC_6266_M_62, 0.2156662884477941, 0.6738200906015213, 1.4532027802158640e-01,False,True ,True ,True ,False,False,True ,255.27217,-30.10526
6029368346769708672,NGC_6266_M_62, 0.2807159991454404, 0.6022501001256111, 1.6906123859220240e-01,False,True ,True ,True ,False,False,True ,255.26550,-30.10299
6029368346769731712,NGC_6266_M_62, 0.3202277189407085, 0.5879568063953292, 1.8828006694763999e-01,False,True ,True ,True ,False,False,True ,255.26430,-30.10166
6029368376823146752,NGC_6266_M_62, 0.1505508857406116, 0.6278953814828282, 9.4530205834678999e-02,False,True ,True ,True ,False,False,True ,255.27614,-30.08886
6029368381129347712,NGC_6266_M_62, 0.0107569093109369, 0.7309340532302223, 7.8625913228729995e-03,False,True ,True ,True ,False,False,True ,255.27757,-30.10458
6029368381129490304,NGC_6266_M_62, 0.6920951836568865, 0.6457808086021173, 4.4694178733157502e-01,False,True ,True ,True ,False,False,True ,255.27955,-30.08789
6029368415489001856,NGC_6266_M_62, 0.6854564485146324, 0.8624261185975298, 5.9115554436012197e-01,False,True ,True ,True ,False,False,True ,255.29837,-30.09622
6029368415589544192,NGC_6266_M_62, 0.0643677351421612, 0.9988800896006410, 6.4295649046192296e-02,False,True ,True ,True ,False,False,True ,255.29863,-30.10570
6029368415591024000,NGC_6266_M_62, 0.1506233231965276, 0.9360772554488960, 1.4099506698439759e-01,False,True ,True ,True ,False,False,True ,255.30697,-30.10044
6029368445542663168,NGC_6266_M_62, 0.6013120912646930, 0.6470394063230994, 3.8907261854680830e-01,False,True ,True ,True ,False,False,True ,255.31536,-30.08062
6029368479902370048,NGC_6266_M_62, 0.0614839727702816, 0.7083095509436552, 4.3549685143150003e-02,False,True ,True ,True ,False,False,True ,255.28578,-30.08990
6029368479902374528,NGC_6266_M_62, 0.0971198925354015, 0.6221789035535956, 6.0425948250919098e-02,False,True ,True ,True ,False,False,True ,255.29020,-30.07909
6029368479902377088,NGC_6266_M_62, 0.1698602945389398, 0.7344106051566411, 1.2474720170442800e-01,False,True ,True ,True ,False,False,True ,255.29285,-30.08836
6029368479902379904,NGC_6266_M_62, 0.6458390339174351, 0.7120694967674940, 4.5988227587439251e-01,False,True ,True ,True ,False,False,True ,255.29624,-30.08535
6029368484310605184,NGC_6266_M_62, 0.8210341670655169, 0.6742213145276212, 5.5355873539100342e-01,False,True ,True ,True ,False,False,True ,255.28503,-30.08689
6029368548621571328,NGC_6266_M_62, 0.4234056352656188, 0.5632254359265102, 2.3847282349621909e-01,False,True ,True ,True ,False,False,True ,255.26187,-30.10040
6029368548621829632,NGC_6266_M_62, 0.4418699299267596, 0.5802463566979312, 2.5639341697437240e-01,False,True ,True ,True ,False,False,True ,255.26469,-30.09794
6029368582981570176,NGC_6266_M_62, 0.0698567538311308, 0.5562104456697632, 3.8855056181456203e-02,False,True ,True ,True ,False,False,True ,255.26807,-30.08703
6029368587287993344,NGC_6266_M_62, 0.6773762818748414, 0.5523232208782710, 3.7413064975165999e-01,False,True ,True ,True ,False,False,True ,255.26538,-30.09003
6029368690367277696,NGC_6266_M_62, 0.3745333013055907, 0.5281635827223987, 1.9781485026640841e-01,False,True ,True ,True ,False,False,True ,255.27555,-30.07595
6029368724727004800,NGC_6266_M_62, 0.9557150929175220, 0.5279368829192967, 5.0455724711380268e-01,False,True ,True ,True ,False,False,True ,255.28573,-30.07062
6029368759188584320,NGC_6266_M_62, 0.0623808736270716, 0.4686780851355919, 2.9236548400621200e-02,False,True ,True ,True ,False,False,True ,255.27330,-30.06905
6029368789140003840,NGC_6266_M_62, 0.8865316328200278, 0.3778179209650729, 3.3494753838183428e-01,False,True ,True ,True ,True ,False,True ,255.27329,-30.05482
6029368789140005888,NGC_6266_M_62, 0.6097549581674657, 0.3578342608806864, 2.1819121477418890e-01,False,True ,True ,True ,False,False,True ,255.27536,-30.05050
6029368857852851200,NGC_6266_M_62, 0.2351374901671369, 0.2232552359136904, 5.2495675839417201e-02,False,True ,True ,True ,False,False,True ,255.20218,-30.10976
6029369171505228672,NGC_6266_M_62, 0.7836172223506194, 0.1017033931119124, 7.9696530413989899e-02,False,True ,True ,True ,False,False,True ,255.15694,-30.07967
6029369549462623232,NGC_6266_M_62, 0.0886028924780472, 0.3002014762348737, 2.6598719120589500e-02,False,True ,True ,True ,False,False,True ,255.27307,-30.04049
6029369579407892352,NGC_6266_M_62, 0.5983159497071040, 0.2190500142934510, 1.3106111733534079e-01,False,True ,True ,True ,True ,False,True ,255.23714,-30.03972
6029387897465549056,NGC_6266_M_62, 0.4250571573498988, 0.2619601971126592, 1.1134805672352610e-01,False,True ,True ,True ,False,False,True ,255.39432,-30.12228
6029388687814313728,NGC_6266_M_62, 0.7571919878504806, 0.5123343335083300, 3.8793545243322342e-01,False,True ,True ,True ,False,False,True ,255.35288,-30.11507
6029388687844124160,NGC_6266_M_62, 0.7432528285664446, 0.5129339312373705, 3.8123959525988182e-01,False,True ,True ,True ,False,False,True ,255.35308,-30.10918
6029388687844125312,NGC_6266_M_62, 0.0215614093173583, 0.5121727792863210, 1.1043166935401401e-02,False,True ,True ,True ,False,False,True ,255.35313,-30.10799
6029388687844328192,NGC_6266_M_62, 0.9170892187565034, 0.5162660273575603, 4.7346200769986863e-01,False,True ,True ,True ,False,False,True ,255.35267,-30.11114
6029388756459108992,NGC_6266_M_62, 0.6727555190851877, 0.2746631395976895, 1.8478114305361101e-01,False,True ,True ,True ,False,False,True ,255.39207,-30.10355
6029388820889756544,NGC_6266_M_62, 0.2707436929280151, 0.3075306864001696, 8.3261993724669206e-02,False,True ,True ,True ,False,False,True ,255.38002,-30.08384
6029388893898293888,NGC_6266_M_62, 0.0444223305260014, 0.5984927482432730, 2.6586442679877600e-02,False,True ,True ,True ,False,False,True ,255.34205,-30.10094
6029388894002790528,NGC_6266_M_62, 0.7125978667368575, 0.6448727253713995, 4.5953492841644261e-01,False,True ,True ,True ,False,False,True ,255.33683,-30.10000
6029388958306491520,NGC_6266_M_62, 0.2925777461427885, 0.5960295296756393, 1.7438497642704481e-01,False,True ,True ,True ,False,False,True ,255.33774,-30.09125
6029388958306494080,NGC_6266_M_62, 0.4567645968085695, 0.5367764967451888, 2.4518050011213249e-01,False,True ,True ,True ,False,False,True ,255.34279,-30.08726
6029388962692889600,NGC_6266_M_62, 0.0792951079047000, 0.6419948733441333, 5.0907052756087298e-02,False,True ,True ,True ,False,False,True ,255.33377,-30.09351
6029388992666234624,NGC_6266_M_62, 0.4340334247898961, 0.4225055893167914, 1.8338154792404029e-01,False,True ,True ,True ,False,False,True ,255.34554,-30.06908
6029388996977617792,NGC_6266_M_62, 0.0672216353726069, 0.5135613322153539, 3.4522432615650703e-02,False,True ,True ,True ,False,False,True ,255.34285,-30.08294
6029389203210407296,NGC_6266_M_62, 0.8905749968175919, 0.1691894922260619, 1.5067593150079511e-01,False,True ,True ,True ,False,False,True ,255.41201,-30.06468
6029389233178105856,NGC_6266_M_62, 0.8832476451125943, 0.1980642150803486, 1.7493975155079231e-01,False,True ,True ,True ,False,False,True ,255.39755,-30.05904
6029389301897649792,NGC_6266_M_62, 0.6856721101248506, 0.1131771628578072, 7.7602424074656506e-02,False,True ,True ,True ,True ,False,True ,255.43065,-30.04705
6029389409368865280,NGC_6266_M_62, 0.7663674059383646, 0.0917612226835153, 7.0322810193698196e-02,False,True ,True ,True ,True ,False,True ,255.43873,-30.03568
6029389645495269760,NGC_6266_M_62, 0.7372155146072723, 0.1281932572020468, 9.4506058077389293e-02,False,True ,True ,True ,False,False,True ,255.39667,-30.01876
6029391913243973376,NGC_6266_M_62, 0.3437033700593913, 0.6232643974560108, 2.1421807384366681e-01,False,True ,True ,True ,False,False,True ,255.31988,-30.07998
6029391913243978752,NGC_6266_M_62, 0.6474629690333873, 0.6036010720682136, 3.9080934223302111e-01,False,True ,True ,True ,False,False,True ,255.32316,-30.07946
6029391947603726592,NGC_6266_M_62, 0.6501258975027724, 0.4565211335540008, 2.9679621168077780e-01,False,True ,True ,True ,False,False,True ,255.33414,-30.06673
6029391951989626112,NGC_6266_M_62, 0.9965519450271731, 0.4309545702222235, 4.2946861517330631e-01,False,True ,True ,True ,False,False,True ,255.33745,-30.06473
6029391981963439744,NGC_6266_M_62, 0.7176180171681958, 0.5204304631633376, 3.7347027704920011e-01,False,True ,True ,True ,False,False,True ,255.31039,-30.06677
6029392153756103680,NGC_6266_M_62, 0.5974439881206686, 0.2407632345950467, 1.4384254706929681e-01,False,True ,True ,True ,True ,False,True ,255.34210,-30.02916
6029392261227381376,NGC_6266_M_62, 0.8915815993701703, 0.3663019401998088, 3.2658806969574200e-01,False,True ,True ,True ,True ,False,True ,255.29581,-30.04675
6029392634792649856,NGC_6266_M_62, 0.8641865140597672, 0.0990479893081499, 8.5595936604839107e-02,False,True ,True ,True ,True ,False,True ,255.40242,-30.00362
6029392776623481216,NGC_6266_M_62, 0.8043415871625590, 0.1383063705456657, 1.1124556559939371e-01,False,True ,True ,True ,True ,False,True ,255.35044,-29.99792
6029395280493111936,NGC_6266_M_62, 0.9924099837888184, 0.0499181201255825, 4.9539240784597600e-02,False,True ,True ,True ,True ,False,True ,255.36002,-29.93918
6029416141251872896,NGC_6266_M_62, 0.6747573585754418, 0.0995014384260430, 6.7139327766813695e-02,False,True ,True ,True ,False,False,True ,255.15811,-30.07101
2811888666052959232,Pal_13, 0.9826028576574320, 0.0219547772641432, 2.1572826878979500e-02,False,True ,True ,True ,True ,False,True ,346.70357,+12.68967
2814893910504601600,Pal_13, 0.9977612217805972, 1.0000000000000000, 9.9776122178059723e-01,False,True ,True ,True ,True ,False,True ,346.67979,+12.77981
2814893910504602624,Pal_13, 0.9863271905198120, 1.0000000000000000, 9.8632719051981199e-01,False,True ,True ,True ,True ,False,True ,346.68533,+12.77101
2814894112367752192,Pal_13, 0.9992060081593310, 1.0000000000000000, 9.9920600815933103e-01,False,True ,True ,True ,True ,False,True ,346.67311,+12.78291
4376296526138812672,NGC_6426, 0.9943433229181904, 0.0748863596930128, 7.4462751738397198e-02,False,True ,True ,True ,True ,False,True ,266.26828,+03.10552
4376297556931069696,NGC_6426, 0.9606391910869232, 0.1992402493932389, 1.9139799200907789e-01,False,True ,True ,True ,True ,False,True ,266.17326,+03.15566
4376297625650498560,NGC_6426, 0.9329674369762044, 1.0000000000000000, 9.3296743697620443e-01,False,True ,True ,True ,True ,False,True ,266.21896,+03.14742
4376297655712538624,NGC_6426, 0.9631562323311912, 1.0000000000000000, 9.6315623233119119e-01,False,True ,True ,True ,True ,False,True ,266.23192,+03.16050
4376297660006581632,NGC_6426, 0.9976592978629768, 1.0000000000000000, 9.9765929786297680e-01,False,True ,True ,True ,True ,False,True ,266.22626,+03.15643
4376297690072232576,NGC_6426, 0.9993117639808268, 1.0000000000000000, 9.9931176398082677e-01,False,True ,True ,True ,True ,False,True ,266.20868,+03.15049
4376297831808934016,NGC_6426, 0.9930184296041472, 1.0000000000000000, 9.9301842960414721e-01,False,True ,True ,True ,True ,False,True ,266.23902,+03.17003
4376297831808939776,NGC_6426, 0.9000305262851490, 1.0000000000000000, 9.0003052628514901e-01,False,True ,True ,True ,True ,False,True ,266.23237,+03.16945
4376297866168673664,NGC_6426, 0.9795307013543548, 1.0000000000000000, 9.7953070135435483e-01,False,True ,True ,True ,True ,False,True ,266.24235,+03.17438
4376297934888172672,NGC_6426, 0.9090392649937384, 1.0000000000000000, 9.0903926499373844e-01,False,True ,True ,True ,True ,False,True ,266.21654,+03.17008
4376297934888172800,NGC_6426, 0.9452153789631615, 1.0000000000000000, 9.4521537896316155e-01,False,True ,True ,True ,True ,False,True ,266.21054,+03.16473
4376298033669714304,NGC_6426, 0.9352948865555279, 1.0000000000000000, 9.3529488655552795e-01,False,True ,True ,True ,True ,False,True ,266.21709,+03.18530
4376300924185441280,NGC_6426, 0.9561790467236346, 0.3845107654822411, 3.6766113719378429e-01,False,True ,True ,True ,True ,False,True ,266.18231,+03.18246
5961661241050700288,FSR_1758, 0.9856866393714676, 1.0000000000000000, 9.8568663937146761e-01,False,True ,True ,True ,False,False,True ,262.80975,-39.83405
5961662791584163456,FSR_1758, 0.0369252614961486, 1.0000000000000000, 3.6925261496148602e-02,False,True ,True ,True ,False,False,True ,262.77060,-39.83700
5961664440810837632,FSR_1758, 0.9131319525732086, 1.0000000000000000, 9.1313195257320856e-01,False,True ,True ,True ,False,False,True ,262.80971,-39.77662
5961664509530324096,FSR_1758, 0.4645550876056530, 1.0000000000000000, 4.6455508760565301e-01,False,True ,True ,True ,False,False,True ,262.78402,-39.78578
5961664681369976192,FSR_1758, 0.8369934727120392, 1.0000000000000000, 8.3699347271203917e-01,False,True ,True ,True ,False,False,True ,262.77938,-39.77486
5961712819343337344,FSR_1758, 0.0582004286948266, 0.3562703578235455, 2.0735087556589600e-02,False,True ,True ,True ,False,False,True ,262.72721,-39.67458
6701973591250186496,NGC_6584, 0.9964946070223428, 0.0329763692904553, 3.2860774157115899e-02,False,True ,True ,True ,True ,False,True ,274.51542,-52.08910
2957165011424483584,NGC_1904_M_79, 0.0058398146997697, 0.0016833045835320, 9.8301868511000907e-06,False,True ,True ,True ,False,False,True ,081.30787,-24.89775
2957940029686151168,NGC_1904_M_79, 0.9681675730330760, 1.0000000000000000, 9.6816757303307599e-01,False,True ,True ,True ,True ,False,True ,081.07408,-24.53790
2957940098405362944,NGC_1904_M_79, 0.0043412858566713, 1.0000000000000000, 4.3412858566713002e-03,False,True ,True ,False,True ,False,True ,081.05241,-24.53136
2957940854319418752,NGC_1904_M_79, 0.4227822033187566, 1.0000000000000000, 4.2278220331875660e-01,False,True ,True ,True ,True ,False,True ,081.04416,-24.51989
2957940923038991232,NGC_1904_M_79, 0.9724648595576936, 1.0000000000000000, 9.7246485955769357e-01,False,True ,True ,True ,True ,False,True ,081.03240,-24.51680
2957941129197777920,NGC_1904_M_79, 0.9758321656573612, 1.0000000000000000, 9.7583216565736119e-01,False,True ,True ,True ,True ,False,True ,081.02514,-24.49251
2957945282425312384,NGC_1904_M_79, 0.0205717010863522, 0.0687162053420446, 1.4136092360849000e-03,False,True ,True ,False,False,False,True ,081.29818,-24.44000
2957990469782163200,NGC_1904_M_79, 0.9975383341572612, 0.1746460960198910, 1.7421617569075110e-01,False,True ,True ,True ,False,False,True ,080.84901,-24.46292
5813081043646129024,NGC_6362, 0.9978262280730950, 1.0000000000000000, 9.9782622807309496e-01,False,True ,True ,True ,True ,False,True ,262.99209,-67.12011
5813081146725293184,NGC_6362, 0.9841431446334432, 0.7286879378011017, 7.1713323856403510e-01,False,True ,True ,True ,True ,False,True ,263.11132,-67.13198
5813081524682776832,NGC_6362, 0.9934307173476392, 1.0000000000000000, 9.9343071734763921e-01,False,True ,True ,True ,True ,False,True ,262.95920,-67.07375
5813081662107609856,NGC_6362, 0.8902454044545058, 1.0000000000000000, 8.9024540445450584e-01,False,True ,True ,True ,True ,False,True ,262.97010,-67.05964
5813081662121536128,NGC_6362, 0.9271189217642322, 1.0000000000000000, 9.2711892176423216e-01,False,True ,True ,True ,True ,False,True ,262.96860,-67.05565
5813082177504068480,NGC_6362, 0.9367953868314836, 1.0000000000000000, 9.3679538683148356e-01,False,True ,True ,True ,True ,False,True ,262.80461,-67.07529
5813082177517744128,NGC_6362, 0.9448440401695199, 1.0000000000000000, 9.4484404016951995e-01,False,True ,True ,True ,True ,False,True ,262.81300,-67.07992
5813082280583010944,NGC_6362, 0.8705792606921878, 1.0000000000000000, 8.7057926069218783e-01,False,True ,True ,True ,True ,False,True ,262.92038,-67.07111
5813082486741728768,NGC_6362, 0.9851753232559344, 1.0000000000000000, 9.8517532325593438e-01,False,True ,True ,False,False,False,True ,262.88391,-67.03437
5813084685779344512,NGC_6362, 0.9976869528578132, 0.6308786097068870, 6.2941935774163771e-01,False,True ,True ,True ,True ,False,True ,263.24138,-67.03693
5813087022241327616,NGC_6362, 0.9983279280633476, 0.3315756542638009, 3.3102123591742921e-01,False,True ,True ,True ,True ,False,True ,263.19958,-66.94346
5813087194039879936,NGC_6362, 0.9868082718371872, 1.0000000000000000, 9.8680827183718722e-01,False,True ,True ,True ,True ,False,True ,263.09409,-67.07518
5813087331478831488,NGC_6362, 0.9901273340550124, 1.0000000000000000, 9.9012733405501241e-01,False,True ,True ,True ,True ,False,True ,263.12270,-67.06426
5813087400198352000,NGC_6362, 0.6370211004904189, 1.0000000000000000, 6.3702110049041893e-01,False,True ,True ,True ,True ,False,True ,263.06656,-67.05271
5813087468905220480,NGC_6362, 0.8623764267273296, 1.0000000000000000, 8.6237642672732961e-01,False,True ,True ,True ,True ,False,True ,263.02989,-67.05575
5813087498968977920,NGC_6362, 0.9944218834044612, 1.0000000000000000, 9.9442188340446125e-01,False,True ,True ,True ,True ,False,True ,263.01099,-67.04984
5813087503264999680,NGC_6362, 0.7949681463680045, 1.0000000000000000, 7.9496814636800450e-01,False,True ,True ,True ,True ,False,True ,263.03389,-67.05084
5813087503265151232,NGC_6362, 0.0652416015908512, 1.0000000000000000, 6.5241601590851198e-02,False,True ,True ,True ,True ,False,True ,263.01443,-67.04570
5813087503277594496,NGC_6362, 0.9218168951191252, 1.0000000000000000, 9.2181689511912523e-01,False,True ,True ,True ,True ,False,True ,263.03668,-67.04985
5813087533328690944,NGC_6362, 0.9174867293214074, 1.0000000000000000, 9.1748672932140740e-01,False,True ,True ,True ,False,False,True ,262.97807,-67.04613
5813087537624885120,NGC_6362, 0.9987487268725642, 1.0000000000000000, 9.9874872687256422e-01,False,True ,True ,True ,False,False,True ,262.99524,-67.05621
5813087537637367936,NGC_6362, 0.9919016770722646, 1.0000000000000000, 9.9190167707226462e-01,False,True ,True ,True ,True ,False,True ,263.00045,-67.05214
5813087571984721664,NGC_6362, 0.9902468895480900, 1.0000000000000000, 9.9024688954809004e-01,False,True ,True ,True ,True ,False,True ,263.00755,-67.03692
5813087571984803712,NGC_6362, 0.0369081940807669, 1.0000000000000000, 3.6908194080766898e-02,False,True ,True ,True ,True ,False,True ,262.99639,-67.03550
5813087640704102784,NGC_6362, 0.9257833495590724, 1.0000000000000000, 9.2578334955907238e-01,False,True ,True ,True ,True ,False,True ,263.05692,-67.02599
5813087709424022784,NGC_6362, 0.9972823011448784, 1.0000000000000000, 9.9728230114487837e-01,False,True ,True ,True ,True ,False,True ,262.99375,-67.01708
5813088121753051776,NGC_6362, 0.9933591761275292, 1.0000000000000000, 9.9335917612752922e-01,False,True ,True ,True ,True ,False,True ,263.01597,-66.99776
5813088327899334400,NGC_6362, 0.9964993702215840, 1.0000000000000000, 9.9649937022158397e-01,False,True ,True ,True ,True ,False,True ,262.95790,-67.03278
5813088327899449216,NGC_6362, 0.7053049069403023, 1.0000000000000000, 7.0530490694030235e-01,False,True ,True ,True ,True ,False,True ,262.95488,-67.02247
5813088362259306752,NGC_6362, 0.9621197828117144, 1.0000000000000000, 9.6211978281171440e-01,False,True ,True ,True ,True ,False,True ,262.91484,-67.02603
5813089221264790912,NGC_6362, 0.9790215552510642, 0.4622801036556720, 4.5258218604259909e-01,False,True ,True ,True ,True ,False,True ,262.84014,-66.94105
5813089633581547136,NGC_6362, 0.9857241765324114, 0.5422860274246089, 5.3454444782815524e-01,False,True ,True ,True ,True ,False,True ,263.10881,-66.94799
5813127463653847808,NGC_6362, 0.9751725452701115, 0.5143131626257582, 5.0154407586368144e-01,False,True ,True ,True ,True ,False,True ,262.72655,-67.10520
5813181197970338560,NGC_6362, 0.0120668597298497, 0.0671655472393808, 8.1047723721620001e-04,False,True ,True ,True ,True ,False,True ,263.35817,-66.89556
4077237914664773376,NGC_6626_M_28, 0.7960336350307975, 0.8797528524135826, 7.0031286103549684e-01,False,True ,True ,True ,False,False,True ,276.05002,-24.83577
5939808623557068288,FSR_1735, 0.1416061035234430, 0.5947403140916665, 8.4218858486829501e-02,False,True ,True ,False,False,False,True ,253.04054,-47.07791
2039253740629754112,NGC_6779_M_56, 0.9962367913171586, 0.3316202537664231, 3.3037229754804320e-01,False,True ,True ,True ,True ,False,True ,289.07186,+30.15658
2039253774989396480,NGC_6779_M_56, 0.9906975144726470, 0.6096712068798658, 6.0399974930142197e-01,False,True ,True ,True ,True ,False,True ,289.11438,+30.13919
2039260165901345792,NGC_6779_M_56, 0.9781112628019552, 1.0000000000000000, 9.7811126280195515e-01,False,True ,True ,False,True ,False,True ,289.12434,+30.20762
4058636828025832704,HP_1_BH_229, 0.4633197620632775, 1.0000000000000000, 4.6331976206327752e-01,False,True ,True ,True ,False,False,True ,262.75785,-29.99482
4058636862306591360,HP_1_BH_229, 0.0105925864107340, 1.0000000000000000, 1.0592586410734000e-02,False,True ,True ,True ,False,False,True ,262.77838,-29.98863
4058636862306814336,HP_1_BH_229, 0.4562495973014763, 1.0000000000000000, 4.5624959730147630e-01,False,True ,True ,False,False,False,True ,262.77090,-29.98098
4058637034105637376,HP_1_BH_229, 0.1804571081758390, 0.8705144807704457, 1.5709052582502661e-01,False,True ,True ,True ,False,False,True ,262.74588,-29.99224
4058638271055657856,HP_1_BH_229, 0.4081174879592706, 1.0000000000000000, 4.0811748795927061e-01,False,True ,True ,True ,False,False,True ,262.79029,-29.99330
4058638339855124224,HP_1_BH_229, 0.7797238197410261, 1.0000000000000000, 7.7972381974102611e-01,False,True ,True ,True ,False,False,True ,262.78229,-29.98081
4058638339879043328,HP_1_BH_229, 0.9756090294519048, 1.0000000000000000, 9.7560902945190475e-01,False,True ,True ,True ,False,False,True ,262.78215,-29.97680
4058638374135087104,HP_1_BH_229, 0.0304587773965082, 1.0000000000000000, 3.0458777396508201e-02,False,True ,True ,True ,False,False,True ,262.79409,-29.97664
4058638374135298048,HP_1_BH_229, 0.8205310229460537, 1.0000000000000000, 8.2053102294605373e-01,False,True ,True ,True ,False,False,True ,262.79012,-29.96638
4058638545937258368,HP_1_BH_229, 0.8971525021850770, 1.0000000000000000, 8.9715250218507703e-01,False,True ,True ,False,False,False,True ,262.77091,-29.96666
5579128295207137536,NGC_2298, 0.9764669847677444, 1.0000000000000000, 9.7646698476774441e-01,False,True ,True ,True ,True ,False,True ,102.23641,-36.01100
5579128333863719168,NGC_2298, 0.9681555487344200, 1.0000000000000000, 9.6815554873442000e-01,False,True ,True ,False,True ,False,True ,102.24365,-36.00867
5579150976931375872,NGC_2298, 0.9974963373424610, 1.0000000000000000, 9.9749633734246101e-01,False,True ,True ,True ,True ,False,True ,102.28953,-36.01592
4041578214305884288,NGC_6453, 0.0091271496774448, 1.0000000000000000, 9.1271496774447992e-03,False,True ,True ,True ,True ,False,True ,267.71000,-34.60133
4041579657413167104,NGC_6453, 0.4578351303985898, 0.7143080769974313, 3.2703533157688480e-01,False,True ,True ,True ,True ,False,True ,267.74998,-34.58431
4041582715430250624,NGC_6453, 0.6402992854004961, 1.0000000000000000, 6.4029928540049608e-01,False,True ,True ,True ,True ,False,True ,267.70563,-34.57552
1745773608754511616,NGC_7078_M_15, 0.4160597388494439, 0.0242334403341298, 1.0082558856841600e-02,False,True ,True ,True ,False,False,True ,322.44768,+11.60815
1745896921560657152,NGC_7078_M_15, 0.5453082494032828, 0.0076241149849724, 4.1574927957045999e-03,False,True ,True ,True ,False,False,True ,323.17055,+11.95918
1745927158130387200,NGC_7078_M_15, 0.9977970144593912, 0.4717713130911889, 4.7073200770997509e-01,False,True ,True ,True ,True ,False,True ,322.38744,+11.96186
1745932483889892992,NGC_7078_M_15, 0.9749787837327240, 0.7347532210347636, 7.1636880178817519e-01,False,True ,True ,True ,True ,False,True ,322.45108,+11.98869
1745935443126155008,NGC_7078_M_15, 0.9959114763941432, 1.0000000000000000, 9.9591147639414324e-01,False,True ,True ,True ,True ,False,True ,322.51654,+12.08315
1745935511845633792,NGC_7078_M_15, 0.9883558594768344, 1.0000000000000000, 9.8835585947683435e-01,False,True ,True ,True ,True ,False,True ,322.51724,+12.09645
1745936297825722368,NGC_7078_M_15, 0.9944374948675166, 1.0000000000000000, 9.9443749486751665e-01,False,True ,True ,True ,True ,False,True ,322.53023,+12.13519
1745936336479800448,NGC_7078_M_15, 0.9952415064013024, 1.0000000000000000, 9.9524150640130238e-01,False,True ,True ,True ,True ,False,True ,322.52888,+12.14859
1745936336479815808,NGC_7078_M_15, 0.9014693917093176, 1.0000000000000000, 9.0146939170931761e-01,False,True ,True ,True ,True ,False,True ,322.53906,+12.15358
1745936435268587136,NGC_7078_M_15, 0.9730784190889934, 1.0000000000000000, 9.7307841908899340e-01,False,True ,True ,True ,True ,False,True ,322.54741,+12.16166
1745936439559043328,NGC_7078_M_15, 0.9819552358553216, 1.0000000000000000, 9.8195523585532163e-01,False,True ,True ,True ,True ,False,True ,322.54164,+12.16177
1745936439559046784,NGC_7078_M_15, 0.9944783672425296, 1.0000000000000000, 9.9447836724252958e-01,False,True ,True ,True ,True ,False,True ,322.55731,+12.15761
1745945957206173568,NGC_7078_M_15, 0.9830640770038052, 1.0000000000000000, 9.8306407700380516e-01,False,True ,True ,True ,True ,False,True ,322.42186,+12.09084
1745947400315238656,NGC_7078_M_15, 0.9999630658508520, 1.0000000000000000, 9.9996306585085204e-01,False,True ,True ,True ,True ,False,True ,322.39892,+12.15396
1745947499096443264,NGC_7078_M_15, 0.8802865115644491, 1.0000000000000000, 8.8028651156444915e-01,False,True ,True ,True ,True ,False,True ,322.46467,+12.10808
1745947533460096640,NGC_7078_M_15, 0.9960970888639630, 1.0000000000000000, 9.9609708886396298e-01,False,True ,True ,True ,True ,False,True ,322.48341,+12.12191
1745947572113855616,NGC_7078_M_15, 0.9954822658465244, 1.0000000000000000, 9.9548226584652444e-01,False,True ,True ,True ,True ,False,True ,322.46101,+12.12159
1745947602179557248,NGC_7078_M_15, 0.9005072172009503, 1.0000000000000000, 9.0050721720095028e-01,False,True ,True ,True ,True ,False,True ,322.47345,+12.13617
1745947636539339648,NGC_7078_M_15, 0.8459962043564137, 1.0000000000000000, 8.4599620435641365e-01,False,True ,True ,True ,True ,False,True ,322.49873,+12.13285
1745947640833297920,NGC_7078_M_15, 0.9852825239639836, 1.0000000000000000, 9.8528252396398364e-01,False,True ,True ,True ,True ,False,True ,322.49511,+12.12680
1745947670899087232,NGC_7078_M_15, 0.9899085512223356, 1.0000000000000000, 9.8990855122233556e-01,False,True ,True ,True ,True ,False,True ,322.50366,+12.14370
1745947709552800640,NGC_7078_M_15, 0.9977422119012852, 1.0000000000000000, 9.9774221190128520e-01,False,True ,True ,True ,True ,False,True ,322.48500,+12.14477
1745947743913254272,NGC_7078_M_15, 0.1696093673316068, 1.0000000000000000, 1.6960936733160681e-01,False,True ,True ,True ,True ,False,True ,322.49495,+12.15596
1745947812632032000,NGC_7078_M_15, 0.9863808702266292, 1.0000000000000000, 9.8638087022662924e-01,False,True ,True ,True ,True ,False,True ,322.46677,+12.13654
1745947950068170240,NGC_7078_M_15, 0.7798398964797008, 1.0000000000000000, 7.7983989647970076e-01,False,True ,True ,True ,True ,False,True ,322.47941,+12.15996
1745947950068186624,NGC_7078_M_15, 0.6047819253470803, 1.0000000000000000, 6.0478192534708031e-01,False,True ,True ,True ,True ,False,True ,322.48314,+12.16200
1745947950068187520,NGC_7078_M_15, 0.8131600320594887, 1.0000000000000000, 8.1316003205948872e-01,False,True ,True ,True ,True ,False,True ,322.48234,+12.16023
1745947950068358016,NGC_7078_M_15, 0.7112619680298311, 1.0000000000000000, 7.1126196802983110e-01,False,True ,True ,True ,True ,False,True ,322.48296,+12.16388
1745947950070998272,NGC_7078_M_15, 0.5805608851482247, 1.0000000000000000, 5.8056088514822468e-01,False,True ,True ,True ,True ,False,True ,322.47377,+12.15584
1745947984430759040,NGC_7078_M_15, 0.8297370696734314, 1.0000000000000000, 8.2973706967343142e-01,False,True ,True ,True ,True ,False,True ,322.46378,+12.15661
1745948014496412288,NGC_7078_M_15, 0.8385680804145201, 1.0000000000000000, 8.3856808041452013e-01,False,True ,True ,True ,True ,False,True ,322.47019,+12.17540
1745948018786102272,NGC_7078_M_15, 0.9720212114900630, 1.0000000000000000, 9.7202121149006304e-01,False,True ,True ,True ,True ,False,True ,322.46821,+12.16448
1745948018790506240,NGC_7078_M_15, 0.9298097232019588, 1.0000000000000000, 9.2980972320195876e-01,False,True ,True ,True ,True ,False,True ,322.46245,+12.16547
1745948018791181824,NGC_7078_M_15, 0.7105759432927479, 1.0000000000000000, 7.1057594329274787e-01,False,True ,True ,True ,True ,False,True ,322.47698,+12.16973
1745948048856217088,NGC_7078_M_15, 0.8399609103274962, 1.0000000000000000, 8.3996091032749620e-01,False,True ,True ,True ,True ,False,True ,322.50798,+12.15108
1745948053150580736,NGC_7078_M_15, 0.9080182004610536, 1.0000000000000000, 9.0801820046105364e-01,False,True ,True ,True ,True ,False,True ,322.51411,+12.15227
1745948053150909056,NGC_7078_M_15, 0.9307499304268412, 1.0000000000000000, 9.3074993042684118e-01,False,True ,True ,True ,True ,False,True ,322.51077,+12.15221
1745948117575673216,NGC_7078_M_15, 0.9485830363723016, 1.0000000000000000, 9.4858303637230157e-01,False,True ,True ,True ,True ,False,True ,322.49708,+12.15796
1745948117575699968,NGC_7078_M_15, 0.9995290440974476, 1.0000000000000000, 9.9952904409744758e-01,False,True ,True ,True ,True ,False,True ,322.51169,+12.15880
1745948121866991360,NGC_7078_M_15, 0.4720297037348312, 1.0000000000000000, 4.7202970373483122e-01,False,True ,True ,True ,True ,False,True ,322.49354,+12.15878
1745948121867044992,NGC_7078_M_15, 0.8899283843893350, 1.0000000000000000, 8.8992838438933497e-01,False,True ,True ,True ,True ,False,True ,322.50117,+12.15808
1745948121870270848,NGC_7078_M_15, 0.8289479399170436, 1.0000000000000000, 8.2894793991704363e-01,False,True ,True ,True ,True ,False,True ,322.50240,+12.15142
1745948121870318720,NGC_7078_M_15, 0.0727473640343908, 1.0000000000000000, 7.2747364034390805e-02,False,True ,True ,True ,True ,False,True ,322.50003,+12.16079
1745948151935440256,NGC_7078_M_15, 0.6450224675214513, 1.0000000000000000, 6.4502246752145131e-01,False,True ,True ,True ,True ,False,True ,322.51293,+12.17554
1745948151935444352,NGC_7078_M_15, 0.9233700220345372, 1.0000000000000000, 9.2337002203453722e-01,False,True ,True ,True ,True ,False,True ,322.51572,+12.16483
1745948156226032512,NGC_7078_M_15, 0.7250710192581050, 1.0000000000000000, 7.2507101925810502e-01,False,True ,True ,True ,True ,False,True ,322.51861,+12.16856
1745948156227025536,NGC_7078_M_15, 0.0113661730709483, 1.0000000000000000, 1.1366173070948300e-02,False,True ,True ,True ,False,False,True ,322.50895,+12.16764
1745948156230148480,NGC_7078_M_15, 0.9773817152113368, 1.0000000000000000, 9.7738171521133677e-01,False,True ,True ,True ,True ,False,True ,322.51142,+12.16231
1745948186295195904,NGC_7078_M_15, 0.9856005285944136, 1.0000000000000000, 9.8560052859441361e-01,False,True ,True ,True ,True ,False,True ,322.52845,+12.16808
1745948328025322368,NGC_7078_M_15, 0.1686341534833136, 1.0000000000000000, 1.6863415348331359e-01,False,True ,True ,True ,True ,False,True ,322.49170,+12.17301
1745948328025377024,NGC_7078_M_15, 0.0834351031084542, 1.0000000000000000, 8.3435103108454201e-02,False,True ,True ,True ,True ,False,True ,322.48976,+12.16112
1745948328025421184,NGC_7078_M_15, 0.1962506054357402, 1.0000000000000000, 1.9625060543574019e-01,False,True ,True ,True ,True ,False,True ,322.49311,+12.15939
1745948328025500160,NGC_7078_M_15, 0.9348419703694404, 1.0000000000000000, 9.3484197036944039e-01,False,True ,True ,True ,True ,False,True ,322.48669,+12.16597
1745948328025590144,NGC_7078_M_15, 0.0119558177692352, 1.0000000000000000, 1.1955817769235200e-02,False,True ,True ,True ,True ,False,True ,322.50156,+12.16593
1745948328025659008,NGC_7078_M_15, 0.6647414376579355, 1.0000000000000000, 6.6474143765793547e-01,False,True ,True ,True ,True ,False,True ,322.50189,+12.16872
1745948328025669632,NGC_7078_M_15, 0.4658018262341540, 1.0000000000000000, 4.6580182623415400e-01,False,True ,True ,True ,True ,False,True ,322.49075,+12.17241
1745948328028759424,NGC_7078_M_15, 0.6708048557342814, 1.0000000000000000, 6.7080485573428139e-01,False,True ,True ,True ,True ,False,True ,322.48689,+12.16792
1745948328028820608,NGC_7078_M_15, 0.0042756368105224, 1.0000000000000000, 4.2756368105224003e-03,False,True ,True ,True ,True ,False,True ,322.48614,+12.16539
1745948362385608960,NGC_7078_M_15, 0.9280635954735200, 1.0000000000000000, 9.2806359547352002e-01,False,True ,True ,True ,True ,False,True ,322.51111,+12.17540
1745948362388576896,NGC_7078_M_15, 0.3394146572935469, 1.0000000000000000, 3.3941465729354692e-01,False,True ,True ,True ,True ,False,True ,322.50190,+12.17034
1745948362388628736,NGC_7078_M_15, 0.5122826280913739, 1.0000000000000000, 5.1228262809137393e-01,False,True ,True ,True ,True ,False,True ,322.50651,+12.17605
1745948362388628992,NGC_7078_M_15, 0.5854515888695841, 1.0000000000000000, 5.8545158886958415e-01,False,True ,True ,True ,True ,False,True ,322.50908,+12.17647
1745948362391096832,NGC_7078_M_15, 0.0501453146071633, 1.0000000000000000, 5.0145314607163302e-02,False,True ,True ,True ,True ,False,True ,322.50435,+12.17924
1745948392453549184,NGC_7078_M_15, 0.6130599286308982, 1.0000000000000000, 6.1305992863089820e-01,False,True ,True ,True ,True ,False,True ,322.47958,+12.17285
1745948396745121152,NGC_7078_M_15, 0.1204158613173055, 1.0000000000000000, 1.2041586131730550e-01,False,True ,True ,True ,True ,False,True ,322.48425,+12.17515
1745948396746387712,NGC_7078_M_15, 0.9420338020330428, 1.0000000000000000, 9.4203380203304277e-01,False,True ,True ,True ,True ,False,True ,322.48281,+12.17428
1745948396748306688,NGC_7078_M_15, 0.1063910208742162, 1.0000000000000000, 1.0639102087421620e-01,False,True ,True ,True ,True ,False,True ,322.48264,+12.16908
1745948396748626432,NGC_7078_M_15, 0.8161072279853495, 1.0000000000000000, 8.1610722798534951e-01,False,True ,True ,True ,True ,False,True ,322.47242,+12.17806
1745948426813307776,NGC_7078_M_15, 0.3905120464456066, 1.0000000000000000, 3.9051204644560661e-01,False,True ,True ,True ,True ,False,True ,322.49083,+12.18060
1745948426813316864,NGC_7078_M_15, 0.8613711126494732, 1.0000000000000000, 8.6137111264947319e-01,False,True ,True ,True ,True ,False,True ,322.49569,+12.19193
1745948426813324032,NGC_7078_M_15, 0.9003791391430255, 1.0000000000000000, 9.0037913914302548e-01,False,True ,True ,True ,True ,False,True ,322.49956,+12.18872
1745948431105266304,NGC_7078_M_15, 0.9284041731242176, 1.0000000000000000, 9.2840417312421764e-01,False,True ,True ,True ,True ,False,True ,322.49561,+12.18789
1745948431105351936,NGC_7078_M_15, 0.9930274691665713, 1.0000000000000000, 9.9302746916657125e-01,False,True ,True ,True ,True ,False,True ,322.49435,+12.19278
1745948461173088128,NGC_7078_M_15, 0.9772593490444051, 1.0000000000000000, 9.7725934904440515e-01,False,True ,True ,True ,True ,False,True ,322.51458,+12.19548
1745948564252305664,NGC_7078_M_15, 0.8887969755044564, 1.0000000000000000, 8.8879697550445635e-01,False,True ,True ,True ,True ,False,True ,322.51635,+12.19811
1745948568544603520,NGC_7078_M_15, 0.9924278816005913, 1.0000000000000000, 9.9242788160059126e-01,False,True ,True ,True ,True ,False,True ,322.52112,+12.20356
1745948568547157632,NGC_7078_M_15, 0.9951994126693428, 1.0000000000000000, 9.9519941266934275e-01,False,True ,True ,True ,True ,False,True ,322.50941,+12.20926
1745948602906075648,NGC_7078_M_15, 0.9991991235407982, 1.0000000000000000, 9.9919912354079821e-01,False,True ,True ,True ,True ,False,True ,322.42232,+12.15392
1745948740340735488,NGC_7078_M_15, 0.7351998071904015, 1.0000000000000000, 7.3519980719040146e-01,False,True ,True ,True ,True ,False,True ,322.44589,+12.16609
1745948740345026304,NGC_7078_M_15, 0.9845405628790080, 1.0000000000000000, 9.8454056287900804e-01,False,True ,True ,True ,True ,False,True ,322.44386,+12.16876
1745949182727528832,NGC_7078_M_15, 0.6838974753044127, 1.0000000000000000, 6.8389747530441269e-01,False,True ,True ,True ,True ,False,True ,322.47817,+12.19716
1745949285806838528,NGC_7078_M_15, 0.9849247998148408, 1.0000000000000000, 9.8492479981484082e-01,False,True ,True ,True ,True ,False,True ,322.49672,+12.20598
1745949290101635584,NGC_7078_M_15, 0.9892770019443460, 1.0000000000000000, 9.8927700194434598e-01,False,True ,True ,True ,True ,False,True ,322.49247,+12.20273
1745949324458868608,NGC_7078_M_15, 0.4647049794560313, 1.0000000000000000, 4.6470497945603129e-01,False,True ,True ,True ,False,False,True ,322.50384,+12.21360
1745959872900633088,NGC_7078_M_15, 0.9670096114454624, 1.0000000000000000, 9.6700961144546238e-01,False,True ,True ,True ,True ,False,True ,322.57875,+12.16503
1745960044699363456,NGC_7078_M_15, 0.9829125132810720, 1.0000000000000000, 9.8291251328107199e-01,False,True ,True ,True ,True ,False,True ,322.61092,+12.19676
1745971757079641728,NGC_7078_M_15, 0.9916819054404944, 1.0000000000000000, 9.9168190544049439e-01,False,True ,True ,True ,True ,False,True ,322.53923,+12.19544
1745972036248476544,NGC_7078_M_15, 0.9948706057841876, 1.0000000000000000, 9.9487060578418762e-01,False,True ,True ,True ,True ,False,True ,322.52412,+12.21218
1745972066313382144,NGC_7078_M_15, 0.9988849950731742, 1.0000000000000000, 9.9888499507317419e-01,False,True ,True ,True ,True ,False,True ,322.53937,+12.22738
1745972070608234112,NGC_7078_M_15, 0.9670646839303052, 1.0000000000000000, 9.6706468393030520e-01,False,True ,True ,True ,True ,False,True ,322.53858,+12.22640
1745972169389653760,NGC_7078_M_15, 0.9596761312152010, 1.0000000000000000, 9.5967613121520101e-01,False,True ,True ,True ,True ,False,True ,322.54674,+12.23887
1745973170119875456,NGC_7078_M_15, 0.7765309708423981, 1.0000000000000000, 7.7653097084239808e-01,False,True ,True ,True ,True ,False,True ,322.49874,+12.25959
1745975266063238912,NGC_7078_M_15, 0.9991854146781184, 0.8013120775000161, 8.0065934044343812e-01,False,True ,True ,True ,True ,False,True ,322.57967,+12.31643
1745976571733997056,NGC_7078_M_15, 0.9922365325586022, 0.9820560538064228, 9.7443189360706906e-01,False,True ,True ,True ,True ,False,True ,322.46230,+12.31744
1746142421890405632,NGC_7078_M_15, 0.0090226068577430, 0.2852850204238845, 2.5740145816879000e-03,False,True ,True ,True ,False,False,True ,322.24123,+12.32655
6032358262478805376,ESO452-11, 0.9602721540479098, 1.0000000000000000, 9.6027215404790978e-01,False,True ,True ,True ,False,False,True ,249.86668,-28.40708
6816580700432823936,NGC_7099_M_30, 0.9946538557595040, 1.0000000000000000, 9.9465385575950405e-01,False,True ,True ,True ,True ,False,True ,325.11020,-23.21437
6816580975310780288,NGC_7099_M_30, 0.9697642056905827, 1.0000000000000000, 9.6976420569058275e-01,False,True ,True ,True ,True ,False,True ,325.10338,-23.19703
6816580979606731008,NGC_7099_M_30, 0.9981817499148584, 1.0000000000000000, 9.9818174991485842e-01,False,True ,True ,True ,True ,False,True ,325.10104,-23.19640
6816581048324457088,NGC_7099_M_30, 0.9863380558272858, 1.0000000000000000, 9.8633805582728584e-01,False,True ,True ,True ,True ,False,True ,325.08793,-23.19205
6816581151405638400,NGC_7099_M_30, 0.3605035742251299, 1.0000000000000000, 3.6050357422512991e-01,False,True ,True ,True ,True ,False,True ,325.09083,-23.18075
6816581765584723200,NGC_7099_M_30, 0.9968361990574324, 1.0000000000000000, 9.9683619905743237e-01,False,True ,True ,True ,True ,False,True ,325.06269,-23.19123
6009556762141450240,NGC_5986, 0.7518951774182462, 1.0000000000000000, 7.5189517741824619e-01,False,True ,True ,True ,True ,False,True ,236.52373,-37.79334
6009556762141861760,NGC_5986, 0.6493799156786588, 1.0000000000000000, 6.4937991567865883e-01,False,True ,True ,True ,True ,False,True ,236.52457,-37.79263
6009556830860887552,NGC_5986, 0.2615851836399592, 1.0000000000000000, 2.6158518363995920e-01,False,True ,True ,True ,False,False,True ,236.51907,-37.79051
6009556865210190208,NGC_5986, 0.6324330206792348, 1.0000000000000000, 6.3243302067923479e-01,False,True ,True ,True ,False,False,True ,236.53372,-37.78863
6009557174458833792,NGC_5986, 0.9858390082194904, 1.0000000000000000, 9.8583900821949044e-01,False,True ,True ,True ,True ,False,True ,236.51987,-37.75625
6009557346257522304,NGC_5986, 0.9797461075246532, 0.8970107268926254, 8.7884276808090944e-01,False,True ,True ,True ,True ,False,True ,236.54519,-37.75812
6009557861653607424,NGC_5986, 0.9999161927378116, 0.7348535231142325, 7.3479193705235091e-01,False,True ,True ,True ,False,False,True ,236.47859,-37.75243
4733700580405300480,NGC_1261, 0.9912282104349712, 1.0000000000000000, 9.9122821043497122e-01,False,True ,True ,True ,True ,False,True ,048.00186,-55.25459
4733700713548568832,NGC_1261, 0.9485936552663774, 1.0000000000000000, 9.4859365526637740e-01,False,True ,True ,True ,True ,False,True ,048.02915,-55.24261
4733700717844254080,NGC_1261, 0.9846834808760142, 1.0000000000000000, 9.8468348087601421e-01,False,True ,True ,True ,True ,False,True ,048.04070,-55.23545
4733793764014756224,NGC_1261, 0.0397771315999866, 1.0000000000000000, 3.9777131599986602e-02,False,True ,True ,True ,False,False,True ,048.09089,-55.23103
4733793867093968896,NGC_1261, 0.9799059585283468, 1.0000000000000000, 9.7990595852834683e-01,False,True ,True ,True ,True ,False,True ,048.10451,-55.21904
4733794519928245888,NGC_1261, 0.9281296124090564, 1.0000000000000000, 9.2812961240905645e-01,False,True ,True ,True ,True ,False,True ,048.07742,-55.22459
4733794519928956800,NGC_1261, 0.8992840640873025, 1.0000000000000000, 8.9928406408730255e-01,False,True ,True ,True ,False,False,True ,048.08538,-55.22657
4733794519931924224,NGC_1261, 0.8011764573613229, 1.0000000000000000, 8.0117645736132292e-01,False,True ,True ,True ,False,False,True ,048.06867,-55.22721
4733794588651163648,NGC_1261, 0.3496022261317101, 1.0000000000000000, 3.4960222613171010e-01,False,True ,True ,True ,True ,False,True ,048.06025,-55.20873
4733794588651177344,NGC_1261, 0.5734450705324277, 1.0000000000000000, 5.7344507053242766e-01,False,True ,True ,True ,False,False,True ,048.05637,-55.21677
4733794588651284992,NGC_1261, 0.0182329768644052, 1.0000000000000000, 1.8232976864405202e-02,False,True ,True ,True ,False,False,True ,048.06098,-55.21839
4733794588651555584,NGC_1261, 0.3289094043235436, 1.0000000000000000, 3.2890940432354360e-01,False,True ,True ,True ,False,False,True ,048.05800,-55.22012
4733794588651585664,NGC_1261, 0.0432917136095628, 1.0000000000000000, 4.3291713609562799e-02,False,True ,True ,True ,True ,False,True ,048.05000,-55.21718
4733794623011123200,NGC_1261, 0.8570816432594719, 1.0000000000000000, 8.5708164325947189e-01,False,True ,True ,True ,True ,False,True ,048.08069,-55.21670
4733794657370122880,NGC_1261, 0.9972202598330662, 1.0000000000000000, 9.9722025983306617e-01,False,True ,True ,True ,True ,False,True ,048.10904,-55.21269
4733794691727354624,NGC_1261, 0.0487205040816474, 1.0000000000000000, 4.8720504081647402e-02,False,True ,True ,True ,True ,False,True ,048.07594,-55.21240
4733794726089585664,NGC_1261, 0.9983355962833728, 1.0000000000000000, 9.9833559628337276e-01,False,True ,True ,True ,True ,False,True ,048.09173,-55.19607
4733794790512123904,NGC_1261, 0.6556667298436387, 1.0000000000000000, 6.5566672984363872e-01,False,True ,True ,True ,True ,False,True ,048.04704,-55.20613
4733794859231637376,NGC_1261, 0.9809025047793514, 1.0000000000000000, 9.8090250477935137e-01,False,True ,True ,True ,True ,False,True ,048.02291,-55.19105
4733797852825688704,NGC_1261, 0.9999438511060872, 1.0000000000000000, 9.9994385110608719e-01,False,True ,True ,True ,True ,False,True ,047.99346,-55.17704
4733801701116515200,NGC_1261, 0.4072427888974721, 0.1196286636342776, 4.8717910610500799e-02,False,True ,True ,True ,False,False,True ,048.08118,-54.98301
4734551739843543808,NGC_1261, 0.0294091760898262, 0.0479685816212789, 1.4107164636793000e-03,False,True ,True ,True ,False,False,True ,047.88531,-54.94973
4109826202356385920,NGC_6355, 0.8679546941623193, 1.0000000000000000, 8.6795469416231930e-01,False,True ,True ,True ,True ,False,True ,261.02539,-26.35580
4109826241016602880,NGC_6355, 0.8045572964023956, 1.0000000000000000, 8.0455729640239559e-01,False,True ,True ,False,False,False,True ,260.99431,-26.35927
4109826275376289024,NGC_6355, 0.1930900870546367, 1.0000000000000000, 1.9309008705463671e-01,False,True ,True ,True ,True ,False,True ,261.01144,-26.35037
4109826309822777600,NGC_6355, 0.0204322769597924, 1.0000000000000000, 2.0432276959792401e-02,False,True ,True ,True ,True ,False,True ,260.97517,-26.36780
4109826412902013056,NGC_6355, 0.9115499305441864, 1.0000000000000000, 9.1154993054418643e-01,False,True ,True ,True ,False,False,True ,260.97649,-26.35036
4109826442883187712,NGC_6355, 0.8693535935397807, 1.0000000000000000, 8.6935359353978070e-01,False,True ,True ,True ,True ,False,True ,260.98912,-26.34811
4109826447175131008,NGC_6355, 0.9511169260118494, 1.0000000000000000, 9.5111692601184938e-01,False,True ,True ,False,False,False,True ,260.99560,-26.34349
4109829638335198720,NGC_6355, 0.8110222669886089, 0.2950199588285089, 2.3926775581598339e-01,False,True ,True ,True ,False,False,True ,260.94468,-26.31916
6724031478150071680,NGC_6541, 0.8132134405869320, 1.0000000000000000, 8.1321344058693201e-01,False,True ,True ,False,False,False,True ,272.01803,-43.73851
6736536395695126912,NGC_6681_M_70, 0.5691963622720126, 0.0012749644767850, 7.2570514221199998e-04,False,True ,True ,True ,False,False,True ,280.48918,-32.31059
1763618746898574976,NGC_7006, 0.8753017020954396, 1.0000000000000000, 8.7530170209543956e-01,False,True ,True ,True ,True ,False,True ,315.36304,+16.16171
1763619193573512192,NGC_7006, 0.9377961738030436, 0.0778805842645846, 7.3036113936872996e-02,False,True ,True ,True ,True ,False,True ,315.41199,+16.13824
1763619983849172352,NGC_7006, 0.9517078598786952, 0.4120181164749367, 3.9212087986161298e-01,False,True ,True ,True ,True ,False,True ,315.40677,+16.16877
1763620263021181440,NGC_7006, 0.7001800414953958, 1.0000000000000000, 7.0018004149539581e-01,False,True ,True ,True ,True ,False,True ,315.38206,+16.18591
1763620263022660736,NGC_7006, 0.2655622756325102, 1.0000000000000000, 2.6556227563251023e-01,False,True ,True ,True ,True ,False,True ,315.37777,+16.18142
1763620263022663552,NGC_7006, 0.9647381223265344, 1.0000000000000000, 9.6473812232653444e-01,False,True ,True ,True ,True ,False,True ,315.38394,+16.18328
1763620293086917888,NGC_7006, 0.7794966121494863, 1.0000000000000000, 7.7949661214948629e-01,False,True ,True ,True ,True ,False,True ,315.35987,+16.18456
1763620293086919296,NGC_7006, 0.8571819169256070, 1.0000000000000000, 8.5718191692560697e-01,False,True ,True ,True ,True ,False,True ,315.36135,+16.17623
1763620297380786304,NGC_7006, 0.9139317852081298, 1.0000000000000000, 9.1393178520812979e-01,False,True ,True ,True ,True ,False,True ,315.36759,+16.17421
1763620297380790528,NGC_7006, 0.9380613511411936, 1.0000000000000000, 9.3806135114119360e-01,False,True ,True ,True ,True ,False,True ,315.36552,+16.17979
1763620297380802304,NGC_7006, 0.2042176349529444, 1.0000000000000000, 2.0421763495294440e-01,False,True ,True ,False,True ,False,True ,315.36793,+16.18222
1763620297380803584,NGC_7006, 0.5157700048856431, 1.0000000000000000, 5.1577000488564306e-01,False,True ,True ,False,True ,False,True ,315.36846,+16.18320
1763620297380806144,NGC_7006, 0.1084769688878413, 1.0000000000000000, 1.0847696888784129e-01,False,True ,True ,True ,True ,False,True ,315.36372,+16.18443
1763620297382328448,NGC_7006, 0.5713920636300329, 1.0000000000000000, 5.7139206363003292e-01,False,True ,True ,True ,True ,False,True ,315.36550,+16.18148
1763620327446653056,NGC_7006, 0.9863144627086839, 1.0000000000000000, 9.8631446270868395e-01,False,True ,True ,True ,False,False,True ,315.38077,+16.19279
1763620331740583040,NGC_7006, 0.0205315666871487, 1.0000000000000000, 2.0531566687148700e-02,False,True ,True ,False,True ,False,True ,315.36861,+16.18871
1763620331740629120,NGC_7006, 0.2199446756609606, 1.0000000000000000, 2.1994467566096060e-01,False,True ,True ,True ,False,False,True ,315.36950,+16.18401
1763620331740646784,NGC_7006, 0.6679651773947155, 1.0000000000000000, 6.6796517739471550e-01,False,True ,True ,True ,True ,False,True ,315.36600,+16.18798
1763620331740647040,NGC_7006, 0.0436616033774801, 1.0000000000000000, 4.3661603377480103e-02,False,True ,True ,True ,True ,False,True ,315.36540,+16.18748
1763620331740665216,NGC_7006, 0.5796587867061125, 1.0000000000000000, 5.7965878670611248e-01,False,True ,True ,True ,True ,False,True ,315.37920,+16.18904
1763620331740668416,NGC_7006, 0.0063242998241243, 1.0000000000000000, 6.3242998241243003e-03,False,True ,True ,False,True ,False,True ,315.37769,+16.19041
1763620331740675072,NGC_7006, 0.6202737442010611, 1.0000000000000000, 6.2027374420106107e-01,False,True ,True ,False,True ,False,True ,315.38156,+16.19032
1763620331740688000,NGC_7006, 0.9325674333999396, 1.0000000000000000, 9.3256743339993964e-01,False,True ,True ,True ,True ,False,True ,315.37409,+16.19815
1763620331742091008,NGC_7006, 0.4170392329982783, 1.0000000000000000, 4.1703923299827828e-01,False,True ,True ,True ,True ,False,True ,315.37782,+16.18809
1763620396166104576,NGC_7006, 0.6566459621749354, 0.8409031817562249, 5.5217567888028096e-01,False,True ,True ,True ,True ,False,True ,315.40126,+16.19757
1763620396166113664,NGC_7006, 0.9666569725773422, 0.3710416106835976, 3.5866996008362728e-01,False,True ,True ,True ,True ,False,True ,315.41464,+16.20055
1763620430525853568,NGC_7006, 0.9807422964393698, 1.0000000000000000, 9.8074229643936983e-01,False,True ,True ,True ,True ,False,True ,315.38855,+16.19963
1763620434819902336,NGC_7006, 0.5183398457362771, 1.0000000000000000, 5.1833984573627712e-01,False,True ,True ,True ,True ,False,True ,315.38170,+16.19529
1763621633116606208,NGC_7006, 0.8119465411306721, 0.1503390964234168, 1.2206730933770379e-01,False,True ,True ,True ,True ,False,True ,315.31648,+16.16532
1763621736195836032,NGC_7006, 0.9839566970697364, 0.4885477165212907, 4.8070979750925108e-01,False,True ,True ,True ,True ,False,True ,315.33545,+16.17105
1763621804915334784,NGC_7006, 0.8910691261699452, 0.1926309359658963, 1.7164747978442990e-01,False,True ,True ,True ,True ,False,True ,315.31839,+16.17994
1763623282384157056,NGC_7006, 0.6449324819001265, 1.0000000000000000, 6.4493248190012653e-01,False,True ,True ,True ,True ,False,True ,315.36557,+16.19722
1763623286678175104,NGC_7006, 0.8224490057207695, 1.0000000000000000, 8.2244900572076951e-01,False,True ,True ,True ,True ,False,True ,315.36450,+16.19603
1763623286678347008,NGC_7006, 0.6581174763183564, 1.0000000000000000, 6.5811747631835638e-01,False,True ,True ,True ,False,False,True ,315.36108,+16.19210
1763623351103646592,NGC_7006, 0.9667641338468056, 0.4563116354441558, 4.4114572300438859e-01,False,True ,True ,True ,True ,False,True ,315.34285,+16.20873
1763623389757412864,NGC_7006, 0.8311384123436577, 1.0000000000000000, 8.3113841234365771e-01,False,True ,True ,True ,True ,False,True ,315.37234,+16.21061
1763623419823156736,NGC_7006, 0.9486789495225900, 0.5351360529663115, 5.0767230857974555e-01,False,True ,True ,True ,True ,False,True ,315.38185,+16.22211
1763623454182885504,NGC_7006, 0.9410832444394840, 0.6539940120192134, 6.1546280667503628e-01,False,True ,True ,True ,True ,False,True ,315.36840,+16.21835
1763623454182896384,NGC_7006, 0.9017531124445726, 0.3866544804546482, 3.4866688119061812e-01,False,True ,True ,True ,True ,False,True ,315.36029,+16.22409
1763623561557556096,NGC_7006, 0.9892728194134676, 0.3980310263140949, 3.9376127561578073e-01,False,True ,True ,True ,True ,False,True ,315.34306,+16.21200
1763623595917294208,NGC_7006, 0.9334613771047232, 0.0931658388113872, 8.6966712195994098e-02,False,True ,True ,True ,True ,False,True ,315.32008,+16.21849
1763624764146964608,NGC_7006, 0.9969724512496726, 0.0032173037303678, 3.2075631864794999e-03,False,True ,True ,True ,False,False,True ,315.30180,+16.27132
6083498811731561600,NGC_5139_oCen, 0.7374591969182840, 1.0000000000000000, 7.3745919691828399e-01,False,True ,True ,True ,True ,False,True ,202.03389,-47.67960
6083508814715809536,NGC_5139_oCen, 0.9714954652999748, 1.0000000000000000, 9.7149546529997477e-01,False,True ,True ,True ,True ,False,True ,201.70404,-47.68438
6083508986514535168,NGC_5139_oCen, 0.9467632195371610, 1.0000000000000000, 9.4676321953716103e-01,False,True ,True ,True ,True ,False,True ,201.72659,-47.65215
6083509261392571264,NGC_5139_oCen, 0.8028668785158444, 1.0000000000000000, 8.0286687851584437e-01,False,True ,True ,True ,True ,False,True ,201.71280,-47.62040
6083511460414909440,NGC_5139_oCen, 0.4540648756923932, 1.0000000000000000, 4.5406487569239318e-01,False,True ,True ,True ,True ,False,True ,201.90711,-47.62645
6083511975811149824,NGC_5139_oCen, 0.8112249762294658, 1.0000000000000000, 8.1122497622946577e-01,False,True ,True ,True ,True ,False,True ,201.99922,-47.57845
6083513448979071488,NGC_5139_oCen, 0.7064693991789113, 1.0000000000000000, 7.0646939917891127e-01,False,True ,True ,True ,True ,False,True ,202.03248,-47.56246
6083514106115158656,NGC_5139_oCen, 0.9708810750819158, 1.0000000000000000, 9.7088107508191579e-01,False,True ,True ,True ,True ,False,True ,202.10445,-47.49026
6083514724590238336,NGC_5139_oCen, 0.9981491520628120, 1.0000000000000000, 9.9814915206281196e-01,False,True ,True ,True ,True ,False,True ,201.90969,-47.57085
6083515102547368064,NGC_5139_oCen, 0.5545299339356875, 1.0000000000000000, 5.5452993393568750e-01,False,True ,True ,True ,True ,False,True ,201.92103,-47.56894
6083515201325224064,NGC_5139_oCen, 0.6343464559137282, 1.0000000000000000, 6.3434645591372818e-01,False,True ,True ,True ,True ,False,True ,201.94180,-47.54566
6083515583583724672,NGC_5139_oCen, 0.8885472870551028, 1.0000000000000000, 8.8854728705510277e-01,False,True ,True ,True ,True ,False,True ,201.86562,-47.56203
6083515716716242944,NGC_5139_oCen, 0.9002834068558830, 1.0000000000000000, 9.0028340685588304e-01,False,True ,True ,True ,True ,False,True ,201.81867,-47.55506
6083515888515056768,NGC_5139_oCen, 0.7236898532071779, 1.0000000000000000, 7.2368985320717794e-01,False,True ,True ,True ,True ,False,True ,201.86870,-47.52670
6083516438277274112,NGC_5139_oCen, 0.9449782550040652, 1.0000000000000000, 9.4497825500406518e-01,False,True ,True ,True ,True ,False,True ,201.95179,-47.47244
6083676898261067008,NGC_5139_oCen, 0.9990482654063524, 1.0000000000000000, 9.9904826540635239e-01,False,True ,True ,True ,True ,False,True ,201.41705,-47.58018
6083682434491476736,NGC_5139_oCen, 0.9518036913664364, 0.1520240578585086, 1.4469705944623310e-01,False,True ,True ,True ,True ,False,True ,200.85140,-47.72584
6083690096713720960,NGC_5139_oCen, 0.8842843420811553, 1.0000000000000000, 8.8428434208115525e-01,False,True ,True ,True ,True ,False,True ,201.35372,-47.48139
6083690131073461504,NGC_5139_oCen, 0.9554071538992124, 1.0000000000000000, 9.5540715389921238e-01,False,True ,True ,True ,True ,False,True ,201.33094,-47.47712
6083694426040492160,NGC_5139_oCen, 0.8980978282272289, 1.0000000000000000, 8.9809782822722894e-01,False,True ,True ,True ,True ,False,True ,201.27749,-47.39269
6083696006588948864,NGC_5139_oCen, 0.7821733649852650, 1.0000000000000000, 7.8217336498526502e-01,False,True ,True ,True ,True ,False,True ,201.49856,-47.65278
6083696144027918336,NGC_5139_oCen, 0.8166772995456434, 1.0000000000000000, 8.1667729954564339e-01,False,True ,True ,True ,True ,False,True ,201.53216,-47.63222
6083698239948991360,NGC_5139_oCen, 0.3013210909329374, 1.0000000000000000, 3.0132109093293741e-01,False,True ,True ,True ,True ,False,True ,201.62623,-47.55074
6083698377388098944,NGC_5139_oCen, 0.0734320421809986, 1.0000000000000000, 7.3432042180998594e-02,False,True ,True ,True ,True ,False,True ,201.65946,-47.52178
6083698476167422848,NGC_5139_oCen, 0.0961226228994598, 1.0000000000000000, 9.6122622899459803e-02,False,True ,True ,True ,True ,False,True ,201.73455,-47.53001
6083698514829801088,NGC_5139_oCen, 0.3785402320331595, 1.0000000000000000, 3.7854023203315951e-01,False,True ,True ,True ,True ,False,True ,201.71337,-47.51915
6083698613606397824,NGC_5139_oCen, 0.0177801875262779, 1.0000000000000000, 1.7780187526277899e-02,False,True ,True ,True ,True ,False,True ,201.76297,-47.50922
6083698927146904448,NGC_5139_oCen, 0.0587644398431868, 1.0000000000000000, 5.8764439843186800e-02,False,True ,True ,True ,True ,False,True ,201.72763,-47.48014
6083699133325181312,NGC_5139_oCen, 0.8277718810453468, 1.0000000000000000, 8.2777188104534682e-01,False,True ,True ,True ,True ,False,True ,201.50895,-47.60548
6083699889239506688,NGC_5139_oCen, 0.3593878132070383, 1.0000000000000000, 3.5938781320703828e-01,False,True ,True ,True ,True ,False,True ,201.52987,-47.55305
6083700816927599872,NGC_5139_oCen, 0.1083995952946010, 1.0000000000000000, 1.0839959529460100e-01,False,True ,True ,True ,True ,False,True ,201.57668,-47.49648
6083701194886450304,NGC_5139_oCen, 0.6131413668260497, 1.0000000000000000, 6.1314136682604969e-01,False,True ,True ,True ,True ,False,True ,201.60628,-47.54699
6083701263629296896,NGC_5139_oCen, 0.2714910738385849, 1.0000000000000000, 2.7149107383858490e-01,False,True ,True ,True ,True ,False,True ,201.61729,-47.53086
6083701847725575296,NGC_5139_oCen, 0.0298288611448037, 1.0000000000000000, 2.9828861144803698e-02,False,True ,True ,True ,True ,False,True ,201.71173,-47.46286
6083702363140938240,NGC_5139_oCen, 0.5489129248035469, 1.0000000000000000, 5.4891292480354692e-01,False,True ,True ,True ,True ,False,True ,201.58283,-47.48934
6083702397477511424,NGC_5139_oCen, 0.5231008452514609, 1.0000000000000000, 5.2310084525146094e-01,False,True ,True ,True ,False,False,True ,201.60837,-47.47142
6083702397500982016,NGC_5139_oCen, 0.3410830481452405, 1.0000000000000000, 3.4108304814524049e-01,False,True ,True ,True ,True ,False,True ,201.61069,-47.46555
6083702427537501568,NGC_5139_oCen, 0.5963012623909283, 1.0000000000000000, 5.9630126239092829e-01,False,True ,True ,True ,True ,False,True ,201.62942,-47.46139
6083702534915238144,NGC_5139_oCen, 0.1957361767325123, 1.0000000000000000, 1.9573617673251231e-01,False,True ,True ,True ,True ,False,True ,201.64627,-47.43646
6083703015976193024,NGC_5139_oCen, 0.7117243626468079, 1.0000000000000000, 7.1172436264680794e-01,False,True ,True ,True ,True ,False,True ,201.72347,-47.41192
6083703153390905472,NGC_5139_oCen, 0.9632826087004366, 1.0000000000000000, 9.6328260870043658e-01,False,True ,True ,True ,True ,False,True ,201.67741,-47.40603
6083703325213994112,NGC_5139_oCen, 0.5267157937738327, 1.0000000000000000, 5.2671579377383271e-01,False,True ,True ,True ,True ,False,True ,201.68215,-47.38011
6083703565733102080,NGC_5139_oCen, 0.9079578180897064, 1.0000000000000000, 9.0795781808970644e-01,False,True ,True ,True ,True ,False,True ,201.87592,-47.49769
6083703595768499200,NGC_5139_oCen, 0.7862377559074162, 1.0000000000000000, 7.8623775590741618e-01,False,True ,True ,True ,True ,False,True ,201.84204,-47.50360
6083704214239347200,NGC_5139_oCen, 0.8058851136591428, 1.0000000000000000, 8.0588511365914284e-01,False,True ,True ,True ,True ,False,True ,201.87551,-47.46828
6083704321647472000,NGC_5139_oCen, 0.6169237736320741, 1.0000000000000000, 6.1692377363207407e-01,False,True ,True ,True ,True ,False,True ,201.89825,-47.44192
6083704527806558208,NGC_5139_oCen, 0.4080829233169150, 1.0000000000000000, 4.0808292331691498e-01,False,True ,True ,True ,True ,False,True ,201.80944,-47.47692
6083704592196499328,NGC_5139_oCen, 0.3637295946321186, 1.0000000000000000, 3.6372959463211862e-01,False,True ,True ,True ,True ,False,True ,201.80848,-47.46859
6083704630866277248,NGC_5139_oCen, 0.4642835503207400, 1.0000000000000000, 4.6428355032073998e-01,False,True ,True ,True ,True ,False,True ,201.82779,-47.47321
6083704837024927360,NGC_5139_oCen, 0.8912038042626045, 1.0000000000000000, 8.9120380426260448e-01,False,True ,True ,True ,True ,False,True ,201.76673,-47.45941
6083704837025113216,NGC_5139_oCen, 0.8267330191624590, 1.0000000000000000, 8.2673301916245900e-01,False,True ,True ,True ,True ,False,True ,201.77430,-47.44921
6083705180641023104,NGC_5139_oCen, 0.1565814772454450, 1.0000000000000000, 1.5658147724544499e-01,False,True ,True ,True ,True ,False,True ,201.90266,-47.41357
6083705932226710400,NGC_5139_oCen, 0.8013992333801150, 1.0000000000000000, 8.0139923338011498e-01,False,True ,True ,True ,True ,False,True ,201.93776,-47.41584
6083706486311277696,NGC_5139_oCen, 0.9969133965643160, 1.0000000000000000, 9.9691339656431599e-01,False,True ,True ,True ,True ,False,True ,202.01482,-47.35780
6083707826322845056,NGC_5139_oCen, 0.9505057760832660, 1.0000000000000000, 9.5050577608326603e-01,False,True ,True ,True ,True ,False,True ,201.78535,-47.42541
6083708337408564864,NGC_5139_oCen, 0.9112919172152664, 1.0000000000000000, 9.1129191721526637e-01,False,True ,True ,True ,True ,False,True ,201.83522,-47.39990
6083708612286811776,NGC_5139_oCen, 0.6858488190515417, 1.0000000000000000, 6.8584881905154171e-01,False,True ,True ,True ,True ,False,True ,201.83695,-47.36837
6083709028931903104,NGC_5139_oCen, 0.8195688649341167, 1.0000000000000000, 8.1956886493411674e-01,False,True ,True ,True ,True ,False,True ,201.78510,-47.35959
6083709093323257856,NGC_5139_oCen, 0.3527316215021215, 1.0000000000000000, 3.5273162150212151e-01,False,True ,True ,True ,True ,False,True ,201.76392,-47.36092
6083709544328111872,NGC_5139_oCen, 0.5264074241610934, 1.0000000000000000, 5.2640742416109343e-01,False,True ,True ,True ,True ,False,True ,201.83203,-47.31308
6083711365394311808,NGC_5139_oCen, 0.9040800233302756, 1.0000000000000000, 9.0408002333027560e-01,False,True ,True ,True ,True ,False,True ,201.88757,-47.27301
6083712632375036032,NGC_5139_oCen, 0.9028868331470374, 1.0000000000000000, 9.0288683314703744e-01,False,True ,True ,True ,True ,False,True ,201.46483,-47.48506
6083712980302688000,NGC_5139_oCen, 0.9762600534681682, 1.0000000000000000, 9.7626005346816824e-01,False,True ,True ,True ,True ,False,True ,201.54645,-47.43316
6083713079051816704,NGC_5139_oCen, 0.2637458027765980, 1.0000000000000000, 2.6374580277659798e-01,False,True ,True ,True ,True ,False,True ,201.47463,-47.46007
6083713117729004928,NGC_5139_oCen, 0.3631320065647319, 1.0000000000000000, 3.6313200656473188e-01,False,True ,True ,True ,True ,False,True ,201.49818,-47.44014
6083713869326043776,NGC_5139_oCen, 0.8658185018625586, 1.0000000000000000, 8.6581850186255860e-01,False,True ,True ,True ,True ,False,True ,201.48388,-47.43174
6083713869326160640,NGC_5139_oCen, 0.9567913778408826, 1.0000000000000000, 9.5679137784088264e-01,False,True ,True ,True ,True ,False,True ,201.49234,-47.42280
6083714011095222528,NGC_5139_oCen, 0.4486321650745487, 1.0000000000000000, 4.4863216507454873e-01,False,True ,True ,True ,True ,False,True ,201.52909,-47.41030
6083714144204220416,NGC_5139_oCen, 0.7576479633939177, 1.0000000000000000, 7.5764796339391771e-01,False,True ,True ,True ,True ,False,True ,201.48526,-47.40344
6083714316003217280,NGC_5139_oCen, 0.9860166518489956, 1.0000000000000000, 9.8601665184899556e-01,False,True ,True ,True ,True ,False,True ,201.48778,-47.37958
6083714526491346944,NGC_5139_oCen, 0.3883516034500827, 1.0000000000000000, 3.8835160345008268e-01,False,True ,True ,True ,True ,False,True ,201.61280,-47.41069
6083714629560806784,NGC_5139_oCen, 0.8602513678025479, 1.0000000000000000, 8.6025136780254785e-01,False,True ,True ,True ,True ,False,True ,201.61319,-47.40186
6083714728317131136,NGC_5139_oCen, 0.1734611412482845, 1.0000000000000000, 1.7346114124828449e-01,False,True ,True ,True ,True ,False,True ,201.55428,-47.40098
6083714732649408896,NGC_5139_oCen, 0.1431389590000553, 1.0000000000000000, 1.4313895900005530e-01,False,True ,True ,True ,True ,False,True ,201.55379,-47.40537
6083714767009508224,NGC_5139_oCen, 0.8512191376436778, 1.0000000000000000, 8.5121913764367785e-01,False,True ,True ,True ,True ,False,True ,201.57629,-47.38693
6083715003197937408,NGC_5139_oCen, 0.5310633747234559, 1.0000000000000000, 5.3106337472345588e-01,False,True ,True ,True ,True ,False,True ,201.62723,-47.38389
6083715007527754240,NGC_5139_oCen, 0.6422169097249264, 1.0000000000000000, 6.4221690972492640e-01,False,True ,True ,True ,True ,False,True ,201.63756,-47.37379
6083715832161135744,NGC_5139_oCen, 0.9534712645778144, 1.0000000000000000, 9.5347126457781439e-01,False,True ,True ,True ,False,False,True ,201.51691,-47.36305
6083716343238319360,NGC_5139_oCen, 0.4284343187392454, 1.0000000000000000, 4.2843431873924542e-01,False,True ,True ,True ,True ,False,True ,201.61899,-47.31314
6083716381917325056,NGC_5139_oCen, 0.6791300402693627, 1.0000000000000000, 6.7913004026936274e-01,False,True ,True ,True ,True ,False,True ,201.59790,-47.31339
6083716622434953472,NGC_5139_oCen, 0.5266215726498891, 1.0000000000000000, 5.2662157264988907e-01,False,True ,True ,True ,True ,False,True ,201.37593,-47.43104
6083717618867576448,NGC_5139_oCen, 0.9220911577253580, 1.0000000000000000, 9.2209115772535799e-01,False,True ,True ,True ,True ,False,True ,201.45610,-47.33940
6083720230207777536,NGC_5139_oCen, 0.9913629228159820, 1.0000000000000000, 9.9136292281598204e-01,False,True ,True ,True ,True ,False,True ,201.47353,-47.26965
6083720333287009792,NGC_5139_oCen, 0.9692810200196500, 1.0000000000000000, 9.6928102001965000e-01,False,True ,True ,True ,True ,False,True ,201.54165,-47.22778
6083721020482566272,NGC_5139_oCen, 0.8349329573282778, 1.0000000000000000, 8.3493295732827777e-01,False,True ,True ,True ,True ,False,True ,201.73863,-47.33556
6083721604597960832,NGC_5139_oCen, 0.9278191803574286, 1.0000000000000000, 9.2781918035742861e-01,False,True ,True ,True ,True ,False,True ,201.78020,-47.29290
6083721845116156032,NGC_5139_oCen, 0.9936066001370798, 1.0000000000000000, 9.9360660013707980e-01,False,True ,True ,True ,True ,False,True ,201.79244,-47.25823
6083722704109632384,NGC_5139_oCen, 0.9903211779070836, 1.0000000000000000, 9.9032117790708363e-01,False,True ,True ,True ,True ,False,True ,201.75422,-47.23340
6083752116046117632,NGC_5139_oCen, 0.9707271627168774, 0.0563234210028736, 5.4674674664627700e-02,False,True ,True ,True ,False,False,True ,200.56032,-47.40602
6083766822014698880,NGC_5139_oCen, 0.8535264911362961, 0.8178400284195396, 6.9804812976773833e-01,False,True ,True ,True ,True ,False,True ,201.40030,-47.20898
6083875226954757760,NGC_5139_oCen, 0.9997225704400728, 0.5874255361856981, 5.8726256697770407e-01,False,True ,True ,True ,True ,False,True ,202.26728,-47.60597
6083888318015154816,NGC_5139_oCen, 0.9683601516030060, 0.8116343084760106, 7.8595432200203053e-01,False,True ,True ,False,True ,False,True ,202.22897,-47.50459
6083892441183959168,NGC_5139_oCen, 0.9522431325493272, 0.2775498504166582, 2.6429493899935569e-01,False,True ,True ,True ,True ,False,True ,202.42969,-47.28164
6084082828493948672,NGC_5139_oCen, 0.9762446094006448, 0.8735847927437259, 8.5283244477044184e-01,False,True ,True ,True ,True ,False,True ,202.10541,-47.26671
6084100592478780416,NGC_5139_oCen, 0.9760889875393888, 0.4349681895094063, 4.2456765971007732e-01,False,True ,True ,True ,True ,False,True ,201.97930,-47.07737
4075700870442390144,NGC_6717_Pal9, 0.9828536803711256, 1.0000000000000000, 9.8285368037112564e-01,False,True ,True ,True ,True ,False,True ,283.77564,-22.69663
6758367126027481984,Arp_2, 0.0241623572677047, 0.0036753614002753, 8.8805395241384449e-05,False,True ,True ,True ,False,False,True ,292.01615,-30.35923
6045462310778659200,NGC_6121_M_4, 0.0248907240429819, 1.0000000000000000, 2.4890724042981899e-02,True ,True ,True ,True ,True ,False,True ,245.99845,-26.54296
6045462482577303168,NGC_6121_M_4, 0.8921863184700227, 0.8485096544643457, 7.5702870480281570e-01,True ,True ,True ,True ,True ,False,True ,245.83100,-26.66595
6045463341570846720,NGC_6121_M_4, 0.9950041633129288, 1.0000000000000000, 9.9500416331292885e-01,True ,True ,True ,True ,True ,False,True ,245.87479,-26.60692
6045463375930616832,NGC_6121_M_4, 0.9815680007561099, 1.0000000000000000, 9.8156800075610995e-01,True ,True ,True ,True ,True ,False,True ,245.88025,-26.59305
6045463444650135808,NGC_6121_M_4, 0.2197007686677348, 1.0000000000000000, 2.1970076866773480e-01,True ,True ,True ,True ,True ,False,True ,245.87825,-26.58315
6045464028765745664,NGC_6121_M_4, 0.6154439919431693, 1.0000000000000000, 6.1544399194316934e-01,True ,True ,True ,True ,True ,False,True ,245.83091,-26.59708
6045464303643755008,NGC_6121_M_4, 0.9677110398260638, 1.0000000000000000, 9.6771103982606377e-01,True ,True ,True ,True ,True ,False,True ,245.81776,-26.57973
6045464475442517120,NGC_6121_M_4, 0.6229184884901509, 1.0000000000000000, 6.2291848849015086e-01,False,True ,True ,True ,True ,False,True ,245.83746,-26.55175
6045464887759118464,NGC_6121_M_4, 0.9968426088483022, 1.0000000000000000, 9.9684260884830223e-01,False,True ,True ,True ,True ,False,True ,245.91447,-26.56672
6045465025198137984,NGC_6121_M_4, 0.8284586531378606, 1.0000000000000000, 8.2845865313786060e-01,False,True ,True ,True ,True ,False,True ,245.92343,-26.54488
6045465574954001152,NGC_6121_M_4, 0.8443375182460257, 1.0000000000000000, 8.4433751824602565e-01,True ,True ,True ,True ,True ,False,True ,245.97324,-26.50157
6045465708087960704,NGC_6121_M_4, 0.1274223892376198, 1.0000000000000000, 1.2742238923761981e-01,False,True ,True ,True ,True ,False,True ,245.89432,-26.54794
6045465712392974336,NGC_6121_M_4, 0.6126710501468620, 1.0000000000000000, 6.1267105014686196e-01,False,True ,True ,True ,True ,False,True ,245.88678,-26.55109
6045465811167182336,NGC_6121_M_4, 0.7368434562277983, 1.0000000000000000, 7.3684345622779834e-01,False,True ,True ,False,True ,False,True ,245.89733,-26.54343
6045465845526924544,NGC_6121_M_4, 0.9899288313155802, 1.0000000000000000, 9.8992883131558018e-01,False,True ,True ,True ,True ,False,True ,245.89955,-26.52614
6045465849821655936,NGC_6121_M_4, 0.9764987421893606, 1.0000000000000000, 9.7649874218936061e-01,False,True ,True ,True ,True ,False,True ,245.90540,-26.53238
6045465884191787136,NGC_6121_M_4, 0.9046106503713646, 1.0000000000000000, 9.0461065037136457e-01,False,True ,True ,False,True ,False,True ,245.88150,-26.52529
6045465918541687296,NGC_6121_M_4, 0.9383193130881518, 1.0000000000000000, 9.3831931308815175e-01,False,True ,True ,True ,True ,False,True ,245.90164,-26.51200
6045465918551521536,NGC_6121_M_4, 0.9883788950497668, 1.0000000000000000, 9.8837889504976684e-01,False,True ,True ,True ,True ,False,True ,245.89443,-26.51805
6045466055990618496,NGC_6121_M_4, 0.3005257743669516, 1.0000000000000000, 3.0052577436695160e-01,False,True ,True ,False,True ,False,True ,245.85010,-26.50785
6045466120404801920,NGC_6121_M_4, 0.9016647126064508, 1.0000000000000000, 9.0166471260645076e-01,False,True ,True ,True ,True ,False,True ,245.88527,-26.50649
6045466193429560704,NGC_6121_M_4, 0.7039012745927269, 1.0000000000000000, 7.0390127459272689e-01,False,True ,True ,False,True ,False,True ,245.87383,-26.49742
6045466292203538816,NGC_6121_M_4, 0.9298668323536016, 1.0000000000000000, 9.2986683235360157e-01,False,True ,True ,True ,True ,False,True ,245.90835,-26.51171
6045466292203546880,NGC_6121_M_4, 0.5293819463125276, 1.0000000000000000, 5.2938194631252755e-01,False,True ,True ,True ,True ,False,True ,245.91410,-26.50603
6045466296508678272,NGC_6121_M_4, 0.7958088308002917, 1.0000000000000000, 7.9580883080029174e-01,False,True ,True ,True ,True ,False,True ,245.90382,-26.50372
6045466674465916416,NGC_6121_M_4, 0.1015321066933607, 1.0000000000000000, 1.0153210669336070e-01,True ,True ,True ,True ,True ,False,True ,245.92974,-26.45464
6045476363912659328,NGC_6121_M_4, 0.9832295560173152, 1.0000000000000000, 9.8322955601731521e-01,False,True ,True ,True ,True ,False,True ,245.80682,-26.51503
6045476604430897920,NGC_6121_M_4, 0.0985371293039212, 1.0000000000000000, 9.8537129303921195e-02,True ,True ,True ,True ,True ,False,True ,245.77732,-26.50763
6045477910100361600,NGC_6121_M_4, 0.9480119960046516, 1.0000000000000000, 9.4801199600465158e-01,True ,True ,True ,True ,True ,False,True ,245.86150,-26.49678
6045477910100852736,NGC_6121_M_4, 0.9622801092992670, 1.0000000000000000, 9.6228010929926699e-01,False,True ,True ,True ,True ,False,True ,245.85881,-26.49501
6045478322417726848,NGC_6121_M_4, 0.8233617345760140, 1.0000000000000000, 8.2336173457601403e-01,False,True ,True ,True ,True ,False,True ,245.87154,-26.48185
6045478391137284224,NGC_6121_M_4, 0.6988926778102430, 1.0000000000000000, 6.9889267781024300e-01,True ,True ,True ,True ,True ,False,True ,245.85799,-26.46175
6045478562936001920,NGC_6121_M_4, 0.5554434010524230, 1.0000000000000000, 5.5544340105242296e-01,True ,True ,True ,True ,True ,False,True ,245.89590,-26.42688
6045478696063803648,NGC_6121_M_4, 0.9739162847431440, 1.0000000000000000, 9.7391628474314396e-01,False,True ,True ,True ,True ,False,True ,245.85732,-26.43798
6045481895830805632,NGC_6121_M_4, 0.9986745066809632, 0.2585365021712658, 2.5819381376491057e-01,False,True ,True ,True ,True ,False,True ,245.64009,-26.41305
6045485228725626752,NGC_6121_M_4, 0.9728566334667320, 0.4702622175550480, 4.5749771781720400e-01,True ,True ,True ,True ,True ,False,True ,246.12362,-26.53412
6045488767778755456,NGC_6121_M_4, 0.8225946344665509, 1.0000000000000000, 8.2259463446655090e-01,True ,True ,True ,True ,True ,False,True ,246.00257,-26.51178
6045490932442436096,NGC_6121_M_4, 0.8627089299681759, 0.5734166488835150, 4.9469166358423439e-01,True ,True ,True ,True ,True ,False,True ,246.00823,-26.37038
6045491928874778624,NGC_6121_M_4, 0.9870844869583094, 0.1882699319816954, 1.8583832921982760e-01,True ,True ,True ,True ,True ,False,True ,246.13880,-26.34953
6045493200184931584,NGC_6121_M_4, 0.9869526709800766, 0.0764612048377967, 7.5463590341018197e-02,True ,True ,True ,True ,True ,False,True ,246.28097,-26.42898
6045502305516138368,NGC_6121_M_4, 0.6753805001573102, 1.0000000000000000, 6.7538050015731022e-01,True ,True ,True ,True ,True ,False,True ,245.88305,-26.40515
6045502679159938560,NGC_6121_M_4, 0.4442410597263659, 0.5606387070397802, 2.4905873333897161e-01,True ,True ,True ,True ,True ,False,True ,245.99259,-26.35984
2409630932576898176,NGC_7492, 0.9897995591817832, 1.0000000000000000, 9.8979955918178320e-01,False,True ,True ,True ,True ,False,True ,347.11117,-15.58298
4045069266800854016,NGC_6637_M_69, 0.0905902751902706, 0.0367978160076647, 3.3335242785352001e-03,False,True ,True ,True ,False,False,True ,277.68883,-32.37721
3641355427683683456,NGC_5634, 0.9655461289346760, 0.7485108647617342, 7.2272176793623932e-01,False,True ,True ,True ,True ,False,True ,217.40160,-06.02242
3641358902312004352,NGC_5634, 0.8804468191125256, 1.0000000000000000, 8.8044681911252565e-01,False,True ,True ,True ,True ,False,True ,217.41734,-05.99200
3641358902312006400,NGC_5634, 0.6888832457111633, 1.0000000000000000, 6.8888324571116333e-01,False,True ,True ,True ,True ,False,True ,217.42130,-05.98795
3641358902313485824,NGC_5634, 0.9952622208630478, 1.0000000000000000, 9.9526222086304783e-01,False,True ,True ,True ,True ,False,True ,217.42034,-05.99555
3641359177190278528,NGC_5634, 0.9569830999333296, 1.0000000000000000, 9.5698309993332964e-01,False,True ,True ,True ,True ,False,True ,217.39294,-05.96545
3641359275974954496,NGC_5634, 0.9484019737493532, 1.0000000000000000, 9.4840197374935320e-01,False,True ,True ,True ,True ,False,True ,217.39862,-05.95411
4418724034151291776,Pal_5, 0.9912595035318486, 0.2329997573837248, 2.3096322382723219e-01,False,True ,True ,True ,False,False,True ,229.03957,-00.27315
4418725232446508032,Pal_5, 0.0209063992384389, 0.6852056820712700, 1.4325183549828801e-02,False,True ,True ,True ,False,False,True ,229.01046,-00.22427
4418725889577171328,Pal_5, 0.9815514058445806, 1.0000000000000000, 9.8155140584458056e-01,False,True ,True ,True ,True ,False,True ,229.02409,-00.18686
4418726027016125056,Pal_5, 0.9859494527961360, 1.0000000000000000, 9.8594945279613599e-01,False,True ,True ,True ,True ,False,True ,229.05318,-00.16753
4418731829516302848,Pal_5, 0.9969037114268784, 0.8418738130400746, 8.3926712877274834e-01,False,True ,True ,True ,False,False,True ,229.09705,-00.14192
4418732791593809152,Pal_5, 0.9976388179832320, 0.0767799538052638, 7.6598662359090505e-02,False,True ,True ,True ,False,False,True ,229.20458,-00.12969
4418734165978521728,Pal_5, 0.9832755644259834, 0.2768217082565554, 2.7219202143132942e-01,False,True ,True ,True ,False,False,True ,229.14462,-00.07362
4418913218870688768,Pal_5, 0.9981931581060640, 1.0000000000000000, 9.9819315810606402e-01,False,True ,True ,True ,True ,False,True ,228.99145,-00.18985
4418914863842345856,Pal_5, 0.9983161453702162, 1.0000000000000000, 9.9831614537021618e-01,False,True ,True ,True ,True ,False,True ,228.98840,-00.11480
4418920808077110784,Pal_5, 0.9996039564676880, 1.0000000000000000, 9.9960395646768796e-01,False,True ,True ,True ,True ,False,True ,228.99267,-00.09660
4418920846732620032,Pal_5, 0.9453159580127016, 1.0000000000000000, 9.4531595801270163e-01,False,True ,True ,True ,False,False,True ,228.99635,-00.08978
4170383390102462720,NGC_6517, 0.9900381501955926, 1.0000000000000000, 9.9003815019559260e-01,False,True ,True ,True ,False,False,True ,270.43438,-08.95970
4421450341952985600,NGC_5904_M_5, 0.9968886341290428, 0.1124283703997090, 1.1207856460512000e-01,False,True ,True ,True ,False,False,True ,229.50994,+01.67698
4421474462489349504,NGC_5904_M_5, 0.9998709948746010, 1.0000000000000000, 9.9987099487460096e-01,False,True ,True ,True ,True ,False,True ,229.65708,+01.96510
4421474771727002880,NGC_5904_M_5, 0.9794492749633548, 1.0000000000000000, 9.7944927496335477e-01,False,True ,True ,False,True ,False,True ,229.65849,+01.99386
4421477864103479040,NGC_5904_M_5, 0.9939165739513268, 1.0000000000000000, 9.9391657395132682e-01,False,True ,True ,True ,True ,False,True ,229.62227,+02.01182
4421477898463214080,NGC_5904_M_5, 0.9991364766708278, 1.0000000000000000, 9.9913647667082783e-01,False,True ,True ,True ,True ,False,True ,229.64320,+02.02115
4421477898463224832,NGC_5904_M_5, 0.9942386638344866, 1.0000000000000000, 9.9423866383448656e-01,False,True ,True ,True ,True ,False,True ,229.63561,+02.02738
4421477967182706944,NGC_5904_M_5, 0.9992622325008615, 1.0000000000000000, 9.9926223250086155e-01,False,True ,True ,True ,True ,False,True ,229.60157,+02.01220
4421478173341156224,NGC_5904_M_5, 0.9469135935894184, 1.0000000000000000, 9.4691359358941840e-01,False,True ,True ,True ,True ,False,True ,229.61747,+02.04730
4421478997973523328,NGC_5904_M_5, 0.9664911845031584, 1.0000000000000000, 9.6649118450315841e-01,False,True ,True ,True ,True ,False,True ,229.59325,+02.05590
4421479268555534976,NGC_5904_M_5, 0.9972948745135378, 1.0000000000000000, 9.9729487451353782e-01,False,True ,True ,True ,True ,False,True ,229.56729,+02.07410
4421479272852825856,NGC_5904_M_5, 0.9746026596984352, 1.0000000000000000, 9.7460265969843518e-01,False,True ,True ,True ,True ,False,True ,229.56722,+02.07588
4421526036456747648,NGC_5904_M_5, 0.9975576266747777, 1.0000000000000000, 9.9755762667477765e-01,False,True ,True ,True ,True ,False,True ,229.53353,+02.06267
4421526070816489472,NGC_5904_M_5, 0.9801061735484818, 1.0000000000000000, 9.8010617354848184e-01,False,True ,True ,True ,True ,False,True ,229.54265,+02.07488
4421527445206047616,NGC_5904_M_5, 0.9962913007193666, 1.0000000000000000, 9.9629130071936656e-01,False,True ,True ,True ,True ,False,True ,229.47133,+02.13271
4421568741314525952,NGC_5904_M_5, 0.9962376158411416, 1.0000000000000000, 9.9623761584114157e-01,False,True ,True ,True ,True ,False,True ,229.68331,+02.01872
4421568883053178112,NGC_5904_M_5, 0.9630221138176543, 1.0000000000000000, 9.6302211381765435e-01,False,True ,True ,True ,True ,False,True ,229.70334,+02.04223
4421569123571336576,NGC_5904_M_5, 0.9964817597110774, 1.0000000000000000, 9.9648175971107744e-01,False,True ,True ,True ,True ,False,True ,229.75810,+02.05374
4421569982565299200,NGC_5904_M_5, 0.9802056355293782, 1.0000000000000000, 9.8020563552937823e-01,False,True ,True ,True ,True ,False,True ,229.83133,+02.08462
4421570223083766528,NGC_5904_M_5, 0.9948690744732210, 0.8574785208093425, 8.5307886237825714e-01,False,True ,True ,True ,True ,False,True ,229.88939,+02.08531
4421571631832748672,NGC_5904_M_5, 0.9894061847612220, 1.0000000000000000, 9.8940618476122200e-01,False,True ,True ,False,True ,False,True ,229.82628,+02.15484
4421571696256301312,NGC_5904_M_5, 0.9846750278217484, 1.0000000000000000, 9.8467502782174843e-01,False,True ,True ,True ,True ,False,True ,229.65960,+02.03436
4421571799335544704,NGC_5904_M_5, 0.9861924107994928, 1.0000000000000000, 9.8619241079949282e-01,False,True ,True ,True ,True ,False,True ,229.67999,+02.04906
4421571803630949504,NGC_5904_M_5, 0.9840760744592366, 1.0000000000000000, 9.8407607445923662e-01,False,True ,True ,True ,True ,False,True ,229.67970,+02.03966
4421571803630958848,NGC_5904_M_5, 0.9352804763753090, 1.0000000000000000, 9.3528047637530898e-01,False,True ,True ,True ,True ,False,True ,229.67446,+02.04561
4421571941065401728,NGC_5904_M_5, 0.9803523143039594, 1.0000000000000000, 9.8035231430395942e-01,False,True ,True ,True ,True ,False,True ,229.63428,+02.04870
4421571975425039744,NGC_5904_M_5, 0.9172169855157200, 1.0000000000000000, 9.1721698551571995e-01,False,True ,True ,True ,True ,False,True ,229.65144,+02.05431
4421572009789470336,NGC_5904_M_5, 0.9754543297047358, 1.0000000000000000, 9.7545432970473578e-01,False,True ,True ,True ,True ,False,True ,229.62184,+02.04669
4421572044144923392,NGC_5904_M_5, 0.8801058923064397, 1.0000000000000000, 8.8010589230643965e-01,False,True ,True ,True ,True ,False,True ,229.63616,+02.06625
4421572142932875008,NGC_5904_M_5, 0.9193449093752184, 1.0000000000000000, 9.1934490937521840e-01,False,True ,True ,True ,True ,False,True ,229.64584,+02.06722
4421572147224052096,NGC_5904_M_5, 0.9671899620505940, 1.0000000000000000, 9.6718996205059404e-01,False,True ,True ,True ,True ,False,True ,229.65058,+02.07015
4421572147224101504,NGC_5904_M_5, 0.8192885999894816, 1.0000000000000000, 8.1928859998948156e-01,False,True ,True ,False,True ,False,True ,229.64640,+02.07077
4421572147228491008,NGC_5904_M_5, 0.8589602877227477, 1.0000000000000000, 8.5896028772274768e-01,False,True ,True ,True ,True ,False,True ,229.64689,+02.07944
4421572181588286080,NGC_5904_M_5, 0.7161603718803260, 1.0000000000000000, 7.1616037188032600e-01,False,True ,True ,False,True ,False,True ,229.64825,+02.08007
4421572181588289408,NGC_5904_M_5, 0.8561784981422934, 1.0000000000000000, 8.5617849814229341e-01,False,True ,True ,True ,True ,False,True ,229.65143,+02.07934
4421572319027518080,NGC_5904_M_5, 0.9796756972207128, 1.0000000000000000, 9.7967569722071279e-01,False,True ,True ,True ,True ,False,True ,229.69222,+02.07963
4421572456466029696,NGC_5904_M_5, 0.9997238474105604, 1.0000000000000000, 9.9972384741056042e-01,False,True ,True ,True ,True ,False,True ,229.72918,+02.09791
4421572555249774336,NGC_5904_M_5, 0.9050584083647608, 1.0000000000000000, 9.0505840836476081e-01,False,True ,True ,True ,True ,False,True ,229.66889,+02.09156
4421572555249775488,NGC_5904_M_5, 0.6971000216441456, 1.0000000000000000, 6.9710002164414564e-01,False,True ,True ,True ,True ,False,True ,229.66903,+02.08923
4421572628264755072,NGC_5904_M_5, 0.9942430949215980, 1.0000000000000000, 9.9424309492159801e-01,False,True ,True ,True ,True ,False,True ,229.69838,+02.09280
4421572696984276992,NGC_5904_M_5, 0.9944719899078430, 1.0000000000000000, 9.9447198990784302e-01,False,True ,True ,True ,True ,False,True ,229.69376,+02.10300
4421572696984389760,NGC_5904_M_5, 0.9823710324656986, 1.0000000000000000, 9.8237103246569857e-01,False,True ,True ,True ,False,False,True ,229.68424,+02.11045
4421572800063590144,NGC_5904_M_5, 0.9723530601244152, 1.0000000000000000, 9.7235306012441525e-01,False,True ,True ,True ,True ,False,True ,229.62528,+02.06700
4421572830127576960,NGC_5904_M_5, 0.9398584699426960, 1.0000000000000000, 9.3985846994269595e-01,False,True ,True ,True ,True ,False,True ,229.60108,+02.07275
4421572864487320448,NGC_5904_M_5, 0.9467495904592657, 1.0000000000000000, 9.4674959045926566e-01,False,True ,True ,True ,True ,False,True ,229.60812,+02.08372
4421572898847087616,NGC_5904_M_5, 0.4423301883934374, 1.0000000000000000, 4.4233018839343741e-01,False,True ,True ,False,False,False,True ,229.62843,+02.07835
4421572903138451200,NGC_5904_M_5, 0.3601228112039859, 1.0000000000000000, 3.6012281120398593e-01,False,True ,True ,True ,True ,False,True ,229.63729,+02.07845
4421572903138522240,NGC_5904_M_5, 0.9655787630814636, 1.0000000000000000, 9.6557876308146362e-01,False,True ,True ,False,True ,False,True ,229.64537,+02.07923
4421572903138572288,NGC_5904_M_5, 0.0110628709801725, 1.0000000000000000, 1.1062870980172499e-02,False,True ,True ,False,True ,False,True ,229.64418,+02.08240
4421572903142724992,NGC_5904_M_5, 0.5801430727484389, 1.0000000000000000, 5.8014307274843890e-01,False,True ,True ,False,True ,False,True ,229.64097,+02.08253
4421572903142776320,NGC_5904_M_5, 0.2223671025321256, 1.0000000000000000, 2.2236710253212560e-01,False,True ,True ,True ,False,False,True ,229.64408,+02.08066
4421572903142779520,NGC_5904_M_5, 0.7383764370122816, 1.0000000000000000, 7.3837643701228162e-01,False,True ,True ,False,False,False,True ,229.64546,+02.08104
4421572903142792192,NGC_5904_M_5, 0.5055845803255952, 1.0000000000000000, 5.0558458032559517e-01,False,True ,True ,True ,False,False,True ,229.64436,+02.07783
4421572903142829440,NGC_5904_M_5, 0.7283919122667575, 1.0000000000000000, 7.2839191226675748e-01,False,True ,True ,False,True ,False,True ,229.63706,+02.08473
4421572933206861056,NGC_5904_M_5, 0.9099168323837362, 1.0000000000000000, 9.0991683238373622e-01,False,True ,True ,True ,True ,False,True ,229.64755,+02.09599
4421572937498286464,NGC_5904_M_5, 0.6287365516319712, 1.0000000000000000, 6.2873655163197117e-01,False,True ,True ,True ,True ,False,True ,229.63862,+02.08843
4421572937498435968,NGC_5904_M_5, 0.7994794571193721, 1.0000000000000000, 7.9947945711937207e-01,False,True ,True ,False,True ,False,True ,229.64926,+02.08559
4421572937498514944,NGC_5904_M_5, 0.3821746935201919, 1.0000000000000000, 3.8217469352019190e-01,False,True ,True ,True ,True ,False,True ,229.65118,+02.09259
4421572937502497920,NGC_5904_M_5, 0.1248269753273981, 1.0000000000000000, 1.2482697532739810e-01,False,True ,True ,False,True ,False,True ,229.64224,+02.08461
4421572967566560384,NGC_5904_M_5, 0.9553099381916949, 1.0000000000000000, 9.5530993819169485e-01,False,True ,True ,False,True ,False,True ,229.62632,+02.08506
4421572967566565760,NGC_5904_M_5, 0.9323331475043756, 1.0000000000000000, 9.3233314750437557e-01,False,True ,True ,True ,True ,False,True ,229.62893,+02.09051
4421572967566573696,NGC_5904_M_5, 0.4090727837228057, 1.0000000000000000, 4.0907278372280570e-01,False,True ,True ,True ,True ,False,True ,229.63374,+02.08960
4421573001926317952,NGC_5904_M_5, 0.9942209229768318, 1.0000000000000000, 9.9422092297683184e-01,False,True ,True ,True ,True ,False,True ,229.63689,+02.09483
4421573001926325248,NGC_5904_M_5, 0.9874470734192072, 1.0000000000000000, 9.8744707341920723e-01,False,True ,True ,True ,True ,False,True ,229.64048,+02.09474
4421573006218144512,NGC_5904_M_5, 0.9635550782930414, 1.0000000000000000, 9.6355507829304143e-01,False,True ,True ,False,True ,False,True ,229.63982,+02.09394
4421573006222096384,NGC_5904_M_5, 0.8586610834672019, 1.0000000000000000, 8.5866108346720194e-01,False,True ,True ,True ,True ,False,True ,229.63586,+02.10098
4421573040581848704,NGC_5904_M_5, 0.9589573825223572, 1.0000000000000000, 9.5895738252235718e-01,False,True ,True ,True ,True ,False,True ,229.58958,+02.07728
4421573070645752832,NGC_5904_M_5, 0.9645668504162233, 1.0000000000000000, 9.6456685041622325e-01,False,True ,True ,True ,True ,False,True ,229.61034,+02.08997
4421573173724964224,NGC_5904_M_5, 0.9483795541763228, 1.0000000000000000, 9.4837955417632280e-01,False,True ,True ,True ,True ,False,True ,229.60664,+02.09972
4421573208084843776,NGC_5904_M_5, 0.9844370765502328, 1.0000000000000000, 9.8443707655023283e-01,False,True ,True ,True ,True ,False,True ,229.62602,+02.11182
4421573208084845056,NGC_5904_M_5, 0.8571867237125926, 1.0000000000000000, 8.5718672371259264e-01,False,True ,True ,True ,True ,False,True ,229.62729,+02.11336
4421573208084847360,NGC_5904_M_5, 0.9250314683604168, 1.0000000000000000, 9.2503146836041683e-01,False,True ,True ,True ,True ,False,True ,229.63096,+02.10838
4421573212380566400,NGC_5904_M_5, 0.9394718399974724, 1.0000000000000000, 9.3947183999747241e-01,False,True ,True ,True ,True ,False,True ,229.62639,+02.10933
4421573246737016320,NGC_5904_M_5, 0.9740364912540842, 1.0000000000000000, 9.7403649125408420e-01,False,True ,True ,True ,True ,False,True ,229.59894,+02.11051
4421573246740334208,NGC_5904_M_5, 0.9925395394982468, 1.0000000000000000, 9.9253953949824680e-01,False,True ,True ,True ,True ,False,True ,229.59625,+02.10530
4421573311164000640,NGC_5904_M_5, 0.9803861679310366, 1.0000000000000000, 9.8038616793103661e-01,False,True ,True ,True ,True ,False,True ,229.65734,+02.09697
4421573315455598464,NGC_5904_M_5, 0.9895459483213986, 1.0000000000000000, 9.8954594832139864e-01,False,True ,True ,True ,True ,False,True ,229.66081,+02.09563
4421573315457946752,NGC_5904_M_5, 0.9864504687607760, 1.0000000000000000, 9.8645046876077602e-01,False,True ,True ,False,True ,False,True ,229.66086,+02.09494
4421573315459692288,NGC_5904_M_5, 0.9669899464096016, 1.0000000000000000, 9.6698994640960156e-01,False,True ,True ,True ,True ,False,True ,229.65591,+02.09781
4421573345523821440,NGC_5904_M_5, 0.9561522274441560, 1.0000000000000000, 9.5615222744415596e-01,False,True ,True ,True ,True ,False,True ,229.66473,+02.10284
4421573345523828352,NGC_5904_M_5, 0.8968363222108818, 1.0000000000000000, 8.9683632221088183e-01,False,True ,True ,True ,True ,False,True ,229.67439,+02.11074
4421573414243293568,NGC_5904_M_5, 0.9850149961203279, 1.0000000000000000, 9.8501499612032795e-01,False,True ,True ,True ,True ,False,True ,229.65822,+02.12409
4421573590337692800,NGC_5904_M_5, 0.9658883070447316, 1.0000000000000000, 9.6588830704473161e-01,False,True ,True ,True ,True ,False,True ,229.63380,+02.11596
4421575480123356416,NGC_5904_M_5, 0.9948511205643068, 1.0000000000000000, 9.9485112056430680e-01,False,True ,True ,True ,True ,False,True ,229.70296,+02.19121
4421582523869925760,NGC_5904_M_5, 0.9798190911926588, 0.5790591226982288, 5.6737318334899689e-01,False,True ,True ,True ,True ,False,True ,229.82720,+02.28301
4421620250862457216,NGC_5904_M_5, 0.9901624383916990, 1.0000000000000000, 9.9016243839169904e-01,False,True ,True ,True ,True ,False,True ,229.58365,+02.12506
4421623892994761856,NGC_5904_M_5, 0.9639541860415100, 1.0000000000000000, 9.6395418604150995e-01,False,True ,True ,True ,True ,False,True ,229.64857,+02.24802
4421628840797165440,NGC_5904_M_5, 0.9986982908138869, 1.0000000000000000, 9.9869829081388695e-01,False,True ,True ,True ,True ,False,True ,229.75377,+02.25064
4076171598953129088,NGC_6638, 0.9960169530197276, 0.2739809871621706, 2.7288970801860218e-01,False,True ,True ,True ,True ,False,True ,277.72951,-25.53795
4076171835061635328,NGC_6638, 0.6970473434574800, 0.0817748098025294, 5.7000913934593798e-02,False,True ,True ,True ,False,False,True ,277.78423,-25.52831
4076172011269991168,NGC_6638, 0.9183385207149432, 0.7969484595236039, 7.3186846940495931e-01,False,True ,True ,True ,True ,False,True ,277.75168,-25.51640
4076172109939586816,NGC_6638, 0.8861947834880237, 0.7321272678219776, 6.4880736559317576e-01,False,True ,True ,True ,True ,False,True ,277.75861,-25.51086
4076172767184266368,NGC_6638, 0.0211707200250900, 1.0000000000000000, 2.1170720025090000e-02,False,True ,True ,True ,True ,False,True ,277.74650,-25.50729
4076172797138030848,NGC_6638, 0.1317084455835886, 1.0000000000000000, 1.3170844558358860e-01,False,True ,True ,True ,True ,False,True ,277.72082,-25.50351
4076172835872469888,NGC_6638, 0.3195225419137768, 1.0000000000000000, 3.1952254191377683e-01,False,True ,True ,True ,False,False,True ,277.74150,-25.50220
4076172835903800064,NGC_6638, 0.1187416289107147, 1.0000000000000000, 1.1874162891071470e-01,False,True ,True ,True ,True ,False,True ,277.73183,-25.50245
4076172870231959168,NGC_6638, 0.6008796849119136, 1.0000000000000000, 6.0087968491191357e-01,False,True ,True ,True ,True ,False,True ,277.75475,-25.50803
4076173042031167488,NGC_6638, 0.8170709596007107, 1.0000000000000000, 8.1707095960071074e-01,False,True ,True ,True ,True ,False,True ,277.72727,-25.49121
4076173076391156864,NGC_6638, 0.9946316261499892, 0.9578612280075700, 9.5271907083919483e-01,False,True ,True ,True ,True ,False,True ,277.71020,-25.48922
4076173175091582336,NGC_6638, 0.9254703232191468, 0.4477014174494029, 4.1433437551256908e-01,False,True ,True ,True ,True ,False,True ,277.74790,-25.46608
 899279397741381888,NGC_2419, 0.6224996783884413, 0.5029424564084216, 3.1308151736213508e-01,False,True ,True ,True ,True ,False,True ,246.90964,-38.88628
 899282004785415040,NGC_2419, 0.9139803782687760, 1.0000000000000000, 9.1398037826877598e-01,False,True ,True ,True ,True ,False,True ,246.89294,-38.85537
 899282382740840960,NGC_2419, 0.8137773755724111, 1.0000000000000000, 8.1377737557241114e-01,False,True ,True ,True ,True ,False,True ,246.85965,-38.81870
 899282520183903232,NGC_2419, 0.7212466965145814, 1.0000000000000000, 7.2124669651458140e-01,False,True ,True ,True ,True ,False,True ,246.93245,-38.80602
 899282524477570176,NGC_2419, 0.9339125040762892, 1.0000000000000000, 9.3391250407628923e-01,False,True ,True ,True ,True ,False,True ,273.52075,-28.63344
 899282627553641344,NGC_2419, 0.7020782858278566, 1.0000000000000000, 7.0207828582785659e-01,False,True ,True ,True ,True ,False,True ,013.19455,-26.56894
 899282627553726720,NGC_2419, 0.1993207327576092, 1.0000000000000000, 1.9932073275760920e-01,False,True ,True ,True ,True ,False,True ,013.16780,-26.54154
 899282627554780416,NGC_2419, 0.1174440135350274, 1.0000000000000000, 1.1744401353502740e-01,False,True ,True ,False,True ,False,True ,259.85995,-18.57636
 899282627554799488,NGC_2419, 0.9640166470467664, 1.0000000000000000, 9.6401664704676637e-01,False,True ,True ,True ,True ,False,True ,259.76295,-18.59201
 899282627556788352,NGC_2419, 0.3547692342490699, 1.0000000000000000, 3.5476923424906992e-01,False,True ,True ,True ,True ,False,True ,259.80669,-18.52770
 899282696273079296,NGC_2419, 0.9584674990178120, 1.0000000000000000, 9.5846749901781203e-01,False,True ,True ,False,True ,False,True ,259.89748,-18.57145
 899282696274260096,NGC_2419, 0.0901730426928720, 1.0000000000000000, 9.0173042692872005e-02,False,True ,True ,True ,True ,False,True ,259.82629,-18.53935
 899282730632801664,NGC_2419, 0.8572767014114512, 1.0000000000000000, 8.5727670141145118e-01,False,True ,True ,True ,True ,False,True ,259.81146,-18.52675
 899282730633991680,NGC_2419, 0.7831496483606523, 1.0000000000000000, 7.8314964836065226e-01,False,True ,True ,False,True ,False,True ,259.80886,-18.52234
 899283069935903616,NGC_2419, 0.0384194855038628, 1.0000000000000000, 3.8419485503862802e-02,False,True ,True ,True ,True ,False,True ,259.83808,-18.50287
 899283069939331072,NGC_2419, 0.8806228320045497, 1.0000000000000000, 8.8062283200454972e-01,False,True ,True ,True ,True ,False,True ,279.13372,-23.92805
 899283276095573504,NGC_2419, 0.4680732217404293, 0.9950936271622374, 4.6577667999919797e-01,False,True ,True ,True ,True ,False,True ,279.09904,-23.92753
 899283344813869824,NGC_2419, 0.3760199267314360, 0.6166030597482358, 2.3185503734891089e-01,False,True ,True ,True ,False,False,True ,279.15411,-23.90934
 899283417827759872,NGC_2419, 0.8689251580578028, 1.0000000000000000, 8.6892515805780279e-01,False,True ,True ,False,True ,False,True ,279.12787,-23.89835
 899283417828122752,NGC_2419, 0.7369229635674628, 1.0000000000000000, 7.3692296356746279e-01,False,True ,True ,False,True ,False,True ,279.10733,-23.88283
 899283417829343744,NGC_2419, 0.0362047495298657, 1.0000000000000000, 3.6204749529865701e-02,False,True ,True ,True ,True ,False,True ,279.08583,-23.87153
 899283417829344000,NGC_2419, 0.0149338400921456, 1.0000000000000000, 1.4933840092145600e-02,False,True ,True ,False,True ,False,True ,279.11942,-23.86106
 899283452188498816,NGC_2419, 0.2771843845772419, 1.0000000000000000, 2.7718438457724193e-01,False,True ,True ,True ,True ,False,True ,279.19293,-23.80073
 899283486547234560,NGC_2419, 0.0496228909924468, 1.0000000000000000, 4.9622890992446801e-02,False,True ,True ,True ,True ,False,True ,279.06732,-23.78757
 899283516616065152,NGC_2419, 0.0940010124886011, 1.0000000000000000, 9.4001012488601099e-02,False,True ,True ,True ,True ,False,True ,279.12749,-23.68432
 899283555267703936,NGC_2419, 0.7788236941410432, 1.0000000000000000, 7.7882369414104324e-01,False,True ,True ,True ,False,False,True ,284.97944,-36.62529
 899283654055131008,NGC_2419, 0.7857901667559736, 1.0000000000000000, 7.8579016675597357e-01,False,True ,True ,True ,True ,False,True ,284.94042,-36.60762
 899284238168505344,NGC_2419, 0.4959273874614766, 0.7781361233685741, 3.8589901475157817e-01,False,True ,True ,True ,True ,False,True ,284.93554,-36.56725
 899285238896956032,NGC_2419, 0.9693185330248056, 0.0856580361573201, 8.3029921949799204e-02,False,True ,True ,True ,True ,False,True ,301.53361,-21.94192
6018105155815937408,NGC_6139, 0.9752121719784740, 1.0000000000000000, 9.7521217197847399e-01,False,True ,True ,False,False,False,True ,301.51537,-21.94587
6018106014809586944,NGC_6139, 0.9326144986881696, 1.0000000000000000, 9.3261449868816959e-01,False,True ,True ,True ,True ,False,True ,301.52490,-21.94527
6018106354092799232,NGC_6139, 0.9888255825973312, 0.9166169758028976, 9.0637431511690403e-01,False,True ,True ,False,True ,False,True ,301.53389,-21.92882
6018129615632065536,NGC_6139, 0.9948761328377440, 1.0000000000000000, 9.9487613283774401e-01,False,True ,True ,False,True ,False,True ,301.51650,-21.93317
4050624270079129216,BH_261_AL_3, 0.2638457806552958, 1.0000000000000000, 2.6384578065529579e-01,False,True ,True ,True ,False,False,True ,301.52364,-21.92669
2342907756640334848,NGC_288, 0.9996453868936812, 1.0000000000000000, 9.9964538689368121e-01,False,True ,True ,True ,False,False,True ,301.51843,-21.91486
2342908787434423040,NGC_288, 0.9897292295897516, 1.0000000000000000, 9.8972922958975162e-01,False,True ,True ,True ,True ,False,True ,301.48385,-21.89809
4122446121946623488,NGC_6333_M_9, 0.4079386797868309, 0.7307869098565315, 2.9811624721237129e-01,False,True ,True ,True ,True ,False,True ,301.35720,-21.94850
4122446641654250496,NGC_6333_M_9, 0.9911129384916074, 0.7807935440756240, 7.7385458382406802e-01,False,True ,True ,True ,True ,False,True ,301.55924,-21.93844
4122447294486953728,NGC_6333_M_9, 0.2544705248116806, 1.0000000000000000, 2.5447052481168059e-01,False,True ,True ,True ,True ,False,True ,301.53479,-21.91684
4122469422182483968,NGC_6333_M_9, 0.7722092854316696, 0.4049789529541184, 3.1272850787556550e-01,False,True ,True ,True ,True ,False,True ,301.52085,-21.91084
4122470693492988032,NGC_6333_M_9, 0.5062182522574912, 1.0000000000000000, 5.0621825225749117e-01,False,True ,True ,True ,True ,False,True ,301.52616,-21.89758
4122470762199319552,NGC_6333_M_9, 0.3120236905658469, 1.0000000000000000, 3.1202369056584689e-01,False,True ,True ,False,True ,False,True ,301.53163,-21.90108
4122470762212531456,NGC_6333_M_9, 0.0143172523675525, 1.0000000000000000, 1.4317252367552500e-02,False,True ,True ,True ,True ,False,True ,264.00049,-44.72966
4122470895318178048,NGC_6333_M_9, 0.4136736656026006, 1.0000000000000000, 4.1367366560260060e-01,False,True ,True ,True ,True ,False,True ,263.93801,-44.47867
4077587559356597888,NGC_6656_M_22, 0.4955142123779508, 1.0000000000000000, 4.9551421237795079e-01,False,True ,True ,True ,True ,False,True ,267.19896,-37.01973
4077587598099748224,NGC_6656_M_22, 0.2965450301873271, 1.0000000000000000, 2.9654503018732709e-01,False,True ,True ,True ,True ,False,True ,286.31595,+01.88609
4077587696804128768,NGC_6656_M_22, 0.2434360315666350, 1.0000000000000000, 2.4343603156663501e-01,False,True ,True ,True ,False,False,True ,286.51395,+02.03138
4077588491366194560,NGC_6656_M_22, 0.8216373509272403, 1.0000000000000000, 8.2163735092724033e-01,False,True ,True ,False,True ,False,True ,198.36764,+18.08694
4077588560172542848,NGC_6656_M_22, 0.3299495461332911, 1.0000000000000000, 3.2994954613329108e-01,False,True ,True ,True ,True ,False,True ,198.25065,+18.03440
4077588830675524352,NGC_6656_M_22, 0.2448532747936360, 1.0000000000000000, 2.4485327479363600e-01,False,True ,True ,True ,True ,False,True ,198.14895,+18.08893
4077589174272939392,NGC_6656_M_22, 0.9505122340928612, 1.0000000000000000, 9.5051223409286123e-01,False,True ,True ,True ,True ,False,True ,198.16284,+18.09507
4077590754812727296,NGC_6656_M_22, 0.5405101921031248, 0.3736991282674445, 2.0198818760860671e-01,False,True ,True ,True ,True ,False,True ,198.19248,+18.11085
4077593331792623616,NGC_6656_M_22, 0.5739418345263059, 0.4915209265107222, 2.8210442226963350e-01,False,True ,True ,True ,True ,False,True ,198.20951,+18.11687
4077595810077798528,NGC_6656_M_22, 0.6812969187080503, 0.1090192038720196, 7.4274447678011696e-02,False,True ,True ,True ,True ,False,True ,198.28779,+18.07121
6731268566741149696,NGC_6723, 0.9870333209824368, 0.6472389593043871, 6.3884641947142551e-01,False,True ,True ,True ,True ,False,True ,198.33558,+18.11196
6731280558289933824,NGC_6723, 0.9982996200609868, 1.0000000000000000, 9.9829962006098683e-01,False,True ,True ,False,True ,False,True ,198.23475,+18.12048
6731280863231991808,NGC_6723, 0.9854664543163320, 0.6154803074236546, 6.0653519625831487e-01,False,True ,True ,True ,True ,False,True ,198.25974,+18.14332
6853720691391737728,NGC_6864_M_75, 0.9945541078201908, 1.0000000000000000, 9.9455410782019082e-01,False,True ,True ,True ,True ,False,True ,198.21407,+18.12926
6853720725751455744,NGC_6864_M_75, 0.1079438466457738, 1.0000000000000000, 1.0794384664577381e-01,False,True ,True ,True ,True ,False,True ,198.25032,+18.15695
6853720730044486144,NGC_6864_M_75, 0.9820732550906736, 1.0000000000000000, 9.8207325509067356e-01,False,True ,True ,True ,True ,False,True ,198.22373,+18.15720
6853720764408427392,NGC_6864_M_75, 0.9472410506410788, 1.0000000000000000, 9.4724105064107877e-01,False,True ,True ,True ,True ,False,True ,198.22984,+18.15760
6853720936203437952,NGC_6864_M_75, 0.9605718357319818, 1.0000000000000000, 9.6057183573198179e-01,False,True ,True ,True ,True ,False,True ,198.23309,+18.16450
6853720970566756096,NGC_6864_M_75, 0.8666540566905213, 1.0000000000000000, 8.6665405669052131e-01,False,True ,True ,False,True ,False,True ,198.23166,+18.15859
6853721039286098944,NGC_6864_M_75, 0.6277749545811189, 1.0000000000000000, 6.2777495458111887e-01,False,True ,True ,False,True ,False,True ,198.26775,+18.14637
6853721863920106240,NGC_6864_M_75, 0.9907426156513266, 0.8933311010416924, 8.8506119168872588e-01,False,True ,True ,True ,True ,False,True ,198.27922,+18.15730
6853731656445557888,NGC_6864_M_75, 0.9991688409799396, 0.0082657286160502, 8.2588584811536005e-03,False,True ,True ,True ,False,False,True ,198.26838,+18.17702
6853741208452967936,NGC_6864_M_75, 0.9971536067729144, 1.0000000000000000, 9.9715360677291442e-01,False,True ,True ,True ,True ,False,True ,198.26627,+18.17220
6853744438265283840,NGC_6864_M_75, 0.9725218205224168, 1.0000000000000000, 9.7252182052241676e-01,False,True ,True ,True ,True ,False,True ,198.24819,+18.16800
6853744506987521664,NGC_6864_M_75, 0.3658798116659509, 1.0000000000000000, 3.6587981166595090e-01,False,True ,True ,True ,True ,False,True ,197.64977,+18.01957
6853744541344608896,NGC_6864_M_75, 0.4678120205729265, 1.0000000000000000, 4.6781202057292648e-01,False,True ,True ,True ,True ,False,True ,198.17260,+18.12321
6853744541347618176,NGC_6864_M_75, 0.9280456877474540, 1.0000000000000000, 9.2804568774745400e-01,False,True ,True ,True ,False,False,True ,198.18286,+18.12395
5958271343627900800,NGC_6388, 0.3839615040083182, 1.0000000000000000, 3.8396150400831819e-01,False,True ,True ,True ,True ,False,True ,198.19890,+18.14326
5958299213679878144,NGC_6388, 0.0051554320454855, 0.0165156041596268, 8.5145074935093950e-05,False,True ,True ,True ,False,False,True ,198.18911,+18.15053
4040152937984200576,NGC_6441, 0.0493559725944340, 0.0019693735336515, 9.7200346155109342e-05,False,True ,True ,True ,False,False,True ,198.19703,+18.15897
4267678967911089664,NGC_6749, 0.8918400973442204, 1.0000000000000000, 8.9184009734422043e-01,False,True ,True ,True ,False,False,True ,198.21529,+18.16680
4267687931487135616,NGC_6749, 0.7795901044792611, 0.0011271991400230, 8.7875329533949995e-04,False,True ,True ,True ,False,False,True ,198.22723,+18.17694
3937267133802945024,NGC_5024_M_53, 0.9690437598499992, 1.0000000000000000, 9.6904375984999924e-01,False,True ,True ,True ,True ,False,True ,198.20283,+18.17029
3937268160297720576,NGC_5024_M_53, 0.9973520012493214, 1.0000000000000000, 9.9735200124932144e-01,False,True ,True ,True ,True ,False,True ,198.21064,+18.17220
3937269191089937536,NGC_5024_M_53, 0.9893773064677036, 1.0000000000000000, 9.8937730646770361e-01,False,True ,True ,True ,True ,False,True ,198.21785,+18.18479
3937269573344246528,NGC_5024_M_53, 0.9937762534618720, 1.0000000000000000, 9.9377625346187204e-01,False,True ,True ,True ,True ,False,True ,198.22119,+18.18205
3937269642063727360,NGC_5024_M_53, 0.9997594543239696, 1.0000000000000000, 9.9975945432396962e-01,False,True ,True ,True ,True ,False,True ,198.18276,+18.17025
3937269676423468672,NGC_5024_M_53, 0.9915962060122900, 1.0000000000000000, 9.9159620601229004e-01,False,True ,True ,True ,True ,False,True ,198.19052,+18.18206
3937269813863337088,NGC_5024_M_53, 0.9998574454705290, 1.0000000000000000, 9.9985744547052902e-01,False,True ,True ,True ,True ,False,True ,198.23648,+18.18567
3937270359321073792,NGC_5024_M_53, 0.9994417662183072, 1.0000000000000000, 9.9944176621830716e-01,False,True ,True ,True ,True ,False,True ,198.23299,+18.17692
3937270982093531648,NGC_5024_M_53, 0.9982736018706364, 1.0000000000000000, 9.9827360187063641e-01,False,True ,True ,True ,True ,False,True ,198.25177,+18.18472
3937271119532519808,NGC_5024_M_53, 0.9917770113680046, 1.0000000000000000, 9.9177701136800456e-01,False,True ,True ,True ,True ,False,True ,198.25360,+18.19164
3937271149597965312,NGC_5024_M_53, 0.9849987059798592, 1.0000000000000000, 9.8499870597985917e-01,False,True ,True ,True ,True ,False,True ,198.23275,+18.19851
3937271321396679936,NGC_5024_M_53, 0.9978752786984194, 1.0000000000000000, 9.9787527869841941e-01,False,True ,True ,True ,True ,False,True ,198.26008,+18.21047
3937271360050576512,NGC_5024_M_53, 0.8748282034998340, 1.0000000000000000, 8.7482820349983403e-01,False,True ,True ,True ,True ,False,True ,198.21010,+18.20681
3937271394410013312,NGC_5024_M_53, 0.5711510251395204, 1.0000000000000000, 5.7115102513952043e-01,False,True ,True ,True ,True ,False,True ,198.16809,+18.19831
3937271394411045760,NGC_5024_M_53, 0.2404136732394453, 1.0000000000000000, 2.4041367323944529e-01,False,True ,True ,False,True ,False,True ,198.17547,+18.27714
3937271394411059072,NGC_5024_M_53, 0.2057401505713407, 1.0000000000000000, 2.0574015057134071e-01,False,True ,True ,True ,True ,False,True ,199.17177,+17.63624
3937271497489647616,NGC_5024_M_53, 0.9945405592125768, 1.0000000000000000, 9.9454055921257678e-01,False,True ,True ,True ,True ,False,True ,199.11679,+17.66563
3937271531849398400,NGC_5024_M_53, 0.9869442217539348, 1.0000000000000000, 9.8694422175393481e-01,False,True ,True ,True ,True ,False,True ,199.13562,+17.71288
3937271733710749056,NGC_5024_M_53, 0.9878682230681608, 1.0000000000000000, 9.8786822306816080e-01,False,True ,True ,True ,True ,False,True ,199.14185,+17.71114
3937271733713546624,NGC_5024_M_53, 0.9737033061292112, 1.0000000000000000, 9.7370330612921119e-01,False,True ,True ,True ,True ,False,True ,199.14433,+17.71866
3937271772365640064,NGC_5024_M_53, 0.8531356105523134, 1.0000000000000000, 8.5313561055231335e-01,False,True ,True ,False,True ,False,True ,199.05158,+17.69631
3938004631227430144,NGC_5024_M_53, 0.4233658543891559, 0.0034568048704559, 1.4634931474371000e-03,False,True ,True ,True ,False,False,True ,199.14848,+17.73770
3938020333627916928,NGC_5024_M_53, 0.9922077388534016, 1.0000000000000000, 9.9220773885340163e-01,False,True ,True ,True ,True ,False,True ,199.08226,+17.74399
3938020367987656320,NGC_5024_M_53, 0.9960688639993844, 1.0000000000000000, 9.9606886399938444e-01,False,True ,True ,True ,True ,False,True ,198.99724,+17.74102
3938021841161792640,NGC_5024_M_53, 0.9776007948181774, 1.0000000000000000, 9.7760079481817741e-01,False,True ,True ,True ,True ,False,True ,199.04960,+17.80299
3938021909878970752,NGC_5024_M_53, 0.9967126862878856, 1.0000000000000000, 9.9671268628788556e-01,False,True ,True ,True ,True ,False,True ,198.35863,+18.16209
3938021948535632768,NGC_5024_M_53, 0.9420026817661762, 1.0000000000000000, 9.4200268176617619e-01,False,True ,True ,False,True ,False,True ,198.34928,+18.22126
3938021982896346240,NGC_5024_M_53, 0.9848412920751092, 1.0000000000000000, 9.8484129207510918e-01,False,True ,True ,True ,True ,False,True ,198.30160,+18.23205
3938022017255848704,NGC_5024_M_53, 0.8343753730299095, 1.0000000000000000, 8.3437537302990950e-01,False,True ,True ,True ,False,False,True ,198.26370,+18.25287
3938022047320224768,NGC_5024_M_53, 0.6236078186820364, 1.0000000000000000, 6.2360781868203641e-01,False,True ,True ,True ,False,False,True ,198.30981,+18.36778
3938022051615475712,NGC_5024_M_53, 0.8626073058884935, 1.0000000000000000, 8.6260730588849355e-01,False,True ,True ,True ,True ,False,True ,182.51550,+18.53002
3938022085972862848,NGC_5024_M_53, 0.9991154690394700, 1.0000000000000000, 9.9911546903947002e-01,False,True ,True ,True ,True ,False,True ,182.51814,+18.53280
3938022085975189504,NGC_5024_M_53, 0.9662729297418162, 1.0000000000000000, 9.6627292974181622e-01,False,True ,True ,True ,True ,False,True ,182.52296,+18.53097
3938022154692482944,NGC_5024_M_53, 0.9330109301332776, 1.0000000000000000, 9.3301093013327763e-01,False,True ,True ,True ,True ,False,True ,182.52884,+18.54225
3938022253478651392,NGC_5024_M_53, 0.9997073481803864, 1.0000000000000000, 9.9970734818038642e-01,False,True ,True ,True ,True ,False,True ,182.52056,+18.53450
3938022395210877312,NGC_5024_M_53, 0.9942426536540708, 1.0000000000000000, 9.9424265365407083e-01,False,True ,True ,True ,True ,False,True ,182.52782,+18.54114
3938022395212932864,NGC_5024_M_53, 0.7021015504915962, 1.0000000000000000, 7.0210155049159617e-01,False,True ,True ,False,True ,False,True ,182.52644,+18.53717
3938022429571836288,NGC_5024_M_53, 0.9863626681602000, 1.0000000000000000, 9.8636266816020002e-01,False,True ,True ,True ,True ,False,True ,182.49734,+18.53003
3938022429572023424,NGC_5024_M_53, 0.9963262915925044, 1.0000000000000000, 9.9632629159250441e-01,False,True ,True ,True ,True ,False,True ,182.52763,+18.54428
3938022498291497088,NGC_5024_M_53, 0.9993227716481958, 1.0000000000000000, 9.9932277164819583e-01,False,True ,True ,True ,True ,False,True ,182.53055,+18.54437
3938022567010985984,NGC_5024_M_53, 0.8879330595247268, 1.0000000000000000, 8.8793305952472679e-01,False,True ,True ,True ,True ,False,True ,182.52887,+18.54292
3938022738809664000,NGC_5024_M_53, 0.9827233545373936, 1.0000000000000000, 9.8272335453739357e-01,False,True ,True ,True ,True ,False,True ,182.53535,+18.54992
3938023082408053504,NGC_5024_M_53, 0.9958186621418053, 1.0000000000000000, 9.9581866214180526e-01,False,True ,True ,True ,True ,False,True ,182.52655,+18.54715
3938026930697675648,NGC_5024_M_53, 0.9995067787917254, 1.0000000000000000, 9.9950677879172545e-01,False,True ,True ,True ,True ,False,True ,182.54436,+18.58080
3938492883108232960,NGC_5053, 0.9998087104954974, 1.0000000000000000, 9.9980871049549735e-01,False,True ,True ,True ,True ,False,True ,182.59147,+18.58380
3938493948260097024,NGC_5053, 0.9958036316496184, 1.0000000000000000, 9.9580363164961838e-01,False,True ,True ,True ,True ,False,True ,267.61382,-37.11628
3938494459361028992,NGC_5053, 0.6649443649245212, 1.0000000000000000, 6.6494436492452125e-01,False,True ,True ,True ,True ,False,True ,267.52400,-37.16558
3938494463656186880,NGC_5053, 0.9998276096413872, 1.0000000000000000, 9.9982760964138717e-01,False,True ,True ,True ,True ,False,True ,267.57754,-37.04892
3938494566735402880,NGC_5053, 0.9231281469387684, 1.0000000000000000, 9.2312814693876843e-01,False,True ,True ,True ,True ,False,True ,267.50608,-37.08863
3938681827309432448,NGC_5053, 0.9998785203465675, 1.0000000000000000, 9.9987852034656755e-01,False,True ,True ,True ,True ,False,True ,267.50366,-37.07353
3938682273986049792,NGC_5053, 0.9983585047965612, 1.0000000000000000, 9.9835850479656119e-01,False,True ,True ,True ,True ,False,True ,267.56814,-37.02877
3938682445784738688,NGC_5053, 0.9965464285056498, 1.0000000000000000, 9.9654642850564978e-01,False,True ,True ,True ,True ,False,True ,267.54230,-37.02713
3938682995540541440,NGC_5053, 0.9927324576953452, 1.0000000000000000, 9.9273245769534524e-01,False,True ,True ,True ,True ,False,True ,267.56618,-37.01870
3938686637672823424,NGC_5053, 0.9971681899162051, 1.0000000000000000, 9.9716818991620515e-01,False,True ,True ,True ,True ,False,True ,267.55668,-37.00766
3938772017327358336,NGC_5024_M_53, 0.9947672826165912, 1.0000000000000000, 9.9476728261659120e-01,False,True ,True ,True ,True ,False,True ,267.62043,-37.05766
3938773048119562496,NGC_5024_M_53, 0.9978555821079824, 1.0000000000000000, 9.9785558210798242e-01,False,True ,True ,True ,True ,False,True ,267.60543,-37.00281
3939523915777402368,NGC_5024_M_53, 0.9976512155796872, 1.0000000000000000, 9.9765121557968717e-01,False,True ,True ,True ,True ,False,True ,267.48792,-36.99973
3939524087576094848,NGC_5024_M_53, 0.9997375562754216, 1.0000000000000000, 9.9973755627542160e-01,False,True ,True ,True ,True ,False,True ,137.02152,-64.90735
3939527386110983424,NGC_5024_M_53, 0.9995212911130475, 0.7098399406043104, 7.0950013391642941e-01,False,True ,True ,True ,True ,False,True ,137.53810,-64.47892
3950102385867864832,NGC_4147, 0.9806734753063954, 1.0000000000000000, 9.8067347530639537e-01,False,True ,True ,True ,True ,False,True ,256.12563,-24.77946
3950102415931813120,NGC_4147, 0.9985730570559826, 1.0000000000000000, 9.9857305705598265e-01,False,True ,True ,True ,True ,False,True ,256.13880,-24.78210
3950102415931813248,NGC_4147, 0.9932750816098660, 1.0000000000000000, 9.9327508160986600e-01,False,True ,True ,True ,True ,False,True ,256.11560,-24.77919
3950102420226433920,NGC_4147, 0.9547155925642667, 1.0000000000000000, 9.5471559256426675e-01,False,True ,True ,True ,True ,False,True ,256.10539,-24.77154
3950102420227606016,NGC_4147, 0.9956555145514528, 1.0000000000000000, 9.9565551455145285e-01,False,True ,True ,True ,True ,False,True ,256.13017,-24.75551
3950102420227635328,NGC_4147, 0.0324700171646622, 1.0000000000000000, 3.2470017164662197e-02,False,True ,True ,True ,True ,False,True ,256.13774,-24.75809
3950102420227640704,NGC_4147, 0.9998064475208328, 1.0000000000000000, 9.9980644752083281e-01,False,True ,True ,True ,True ,False,True ,245.52305,-26.36207
3950102488947078912,NGC_4147, 0.9122603057541580, 1.0000000000000000, 9.1226030575415795e-01,False,True ,True ,True ,True ,False,True ,323.30842,-01.01818
3950102798183576448,NGC_4147, 0.9608560766673200, 1.0000000000000000, 9.6085607666731998e-01,False,True ,True ,True ,True ,False,True ,323.42837,-00.96214
3950102798184798336,NGC_4147, 0.3263272774834787, 1.0000000000000000, 3.2632727748347867e-01,False,True ,True ,True ,True ,False,True ,323.40402,-00.87295
3950102798184817280,NGC_4147, 0.4125244780079207, 1.0000000000000000, 4.1252447800792069e-01,False,True ,True ,True ,True ,False,True ,323.31348,-00.85658
3950102798184833536,NGC_4147, 0.9904548368053072, 1.0000000000000000, 9.9045483680530721e-01,False,True ,True ,True ,True ,False,True ,323.36253,-00.83815
3950103004343222400,NGC_4147, 0.9517543787508884, 1.0000000000000000, 9.5175437875088842e-01,False,True ,True ,True ,True ,False,True ,323.36202,-00.83224
3950103210501697152,NGC_4147, 0.9984200301432988, 0.9272985505483372, 9.2583344679030799e-01,False,True ,True ,True ,True ,False,True ,323.34291,-00.83658
3950104443156396800,NGC_4147, 0.9439010969008336, 0.2165946828471516, 2.0444395872231449e-01,False,True ,True ,True ,True ,False,True ,323.35355,-00.82836
4039955128999268736,NGC_6441, 0.8787494378616658, 0.6132652692154037, 5.3890651058311911e-01,False,True ,True ,True ,True ,False,True ,323.34765,-00.82631
4039960484752606848,NGC_6441, 0.1019849674391526, 0.2198534089604757, 2.2421742754220798e-02,False,True ,True ,True ,False,False,True ,323.47118,-00.79910
4039967395429829504,NGC_6441, 0.0662757302254585, 1.0000000000000000, 6.6275730225458504e-02,False,True ,True ,True ,True ,False,True ,323.38486,-00.83917
4039967494165287680,NGC_6441, 0.4133312088612633, 1.0000000000000000, 4.1333120886126329e-01,False,True ,True ,True ,True ,False,True ,323.38435,-00.84157
4039967665963944064,NGC_6441, 0.0730699147189419, 1.0000000000000000, 7.3069914718941906e-02,False,True ,True ,True ,True ,False,True ,323.42339,-00.83142
4039968185703931648,NGC_6441, 0.0121920035006584, 1.0000000000000000, 1.2192003500658400e-02,False,True ,True ,True ,True ,False,True ,323.37533,-00.83273
4039968215764884480,NGC_6441, 0.0276614749421697, 1.0000000000000000, 2.7661474942169698e-02,False,True ,True ,True ,True ,False,True ,323.38154,-00.82296
4039968250124320256,NGC_6441, 0.0038547835794257, 1.0000000000000000, 3.8547835794257002e-03,False,True ,True ,True ,True ,False,True ,323.37993,-00.82323
4039968456210422144,NGC_6441, 0.9033677894198991, 1.0000000000000000, 9.0336778941989915e-01,False,True ,True ,True ,True ,False,True ,323.37592,-00.82185
4039968632338750080,NGC_6441, 0.8332300389943218, 1.0000000000000000, 8.3323003899432180e-01,False,True ,True ,True ,True ,False,True ,323.38637,-00.80975
4039969800613026688,NGC_6441, 0.3986293949843434, 0.8969013334688993, 3.5753123592135821e-01,False,True ,True ,True ,False,False,True ,323.45397,-00.76260
4039971381160139776,NGC_6441, 0.3007946930717429, 0.7247641918004942, 2.1800522262201941e-01,False,True ,True ,True ,False,False,True ,323.34435,-00.80912
5296435609366360576,NGC_2808, 0.2373226863007661, 0.0067463415281942, 1.6010598941734000e-03,False,True ,True ,True ,False,False,True ,323.33974,-00.80089
5296823809992202752,NGC_2808, 0.5521861328725675, 0.0065172222010746, 3.5987197242825998e-03,False,True ,True ,True ,False,False,True ,323.34876,-00.80129
4112707133298266624,NGC_6284, 0.8131634868302233, 1.0000000000000000, 8.1316348683022333e-01,False,True ,True ,True ,False,False,True ,323.36400,-00.79336
4112707133326438784,NGC_6284, 0.9733809237057490, 1.0000000000000000, 9.7338092370574902e-01,False,True ,True ,True ,False,False,True ,323.36636,-00.79211
4112718849969122048,NGC_6284, 0.8512285755702568, 1.0000000000000000, 8.5122857557025677e-01,False,True ,True ,True ,False,False,True ,255.02188,-00.56707
4112718914379538432,NGC_6284, 0.6190450789065527, 1.0000000000000000, 6.1904507890655269e-01,False,True ,True ,True ,True ,False,True ,255.00673,-00.51907
4112718987408312832,NGC_6284, 0.8847690556130602, 1.0000000000000000, 8.8476905561306018e-01,False,True ,True ,True ,False,False,True ,254.95711,-00.50572
4112718987436328320,NGC_6284, 0.5925869325232804, 1.0000000000000000, 5.9258693252328043e-01,False,True ,True ,True ,False,False,True ,154.40958,-46.63284
6048485040032362496,NGC_6121_M_4, 0.8990208886653007, 0.0671523822539093, 6.0371394369901500e-02,False,True ,True ,True ,True ,False,True ,154.81318,-46.53554
2686825407444808320,NGC_7089_M_2, 0.9995890107863288, 0.3317395965744167, 3.3160325517847689e-01,False,True ,True ,True ,True ,False,True ,154.97329,-46.46669
2686827640827818624,NGC_7089_M_2, 0.9993380369157058, 0.5492420805324497, 5.4887850255079629e-01,False,True ,True ,True ,True ,False,True ,154.67365,-46.63151
2686840177834036864,NGC_7089_M_2, 0.9883222524610544, 1.0000000000000000, 9.8832225246105443e-01,False,True ,True ,True ,True ,False,True ,154.49208,-46.45049
2686841178564827008,NGC_7089_M_2, 0.8414864343012364, 1.0000000000000000, 8.4148643430123637e-01,False,True ,True ,True ,True ,False,True ,154.54413,-46.43462
2686841281641234432,NGC_7089_M_2, 0.8794854280568095, 1.0000000000000000, 8.7948542805680952e-01,False,True ,True ,False,True ,False,True ,154.52035,-46.43183
2686841281644796416,NGC_7089_M_2, 0.9224169168714310, 1.0000000000000000, 9.2241691687143101e-01,False,True ,True ,True ,True ,False,True ,154.50307,-46.38613
2686841311709299712,NGC_7089_M_2, 0.9750229026203510, 1.0000000000000000, 9.7502290262035096e-01,False,True ,True ,True ,True ,False,True ,154.11754,-46.76379
2686841350360729984,NGC_7089_M_2, 0.0112285998307201, 1.0000000000000000, 1.1228599830720099e-02,False,True ,True ,False,True ,False,True ,154.05441,-46.61700
2686841350360973056,NGC_7089_M_2, 0.7497853964090178, 1.0000000000000000, 7.4978539640901776e-01,False,True ,True ,True ,True ,False,True ,154.24628,-46.55113
2686846809263847296,NGC_7089_M_2, 0.9962508699926040, 0.8847865914986799, 8.8146941153835057e-01,False,True ,True ,True ,True ,False,True ,153.98231,-46.46537
2686846946706467328,NGC_7089_M_2, 0.7327221665888861, 1.0000000000000000, 7.3272216658888611e-01,False,True ,True ,True ,True ,False,True ,154.06471,-46.38779
2686846946706467712,NGC_7089_M_2, 0.9989590428749022, 1.0000000000000000, 9.9895904287490223e-01,False,True ,True ,True ,True ,False,True ,154.00550,-46.39775
2686847015421968640,NGC_7089_M_2, 0.9777096306258800, 1.0000000000000000, 9.7770963062588001e-01,False,True ,True ,True ,True ,False,True ,153.95518,-46.36105
2686847152864882432,NGC_7089_M_2, 0.0749094907467051, 1.0000000000000000, 7.4909490746705096e-02,False,True ,True ,True ,True ,False,True ,154.42842,-46.50035
2686847187224631040,NGC_7089_M_2, 0.9931925600168352, 1.0000000000000000, 9.9319256001683520e-01,False,True ,True ,True ,True ,False,True ,154.36872,-46.46352
2686847191516770048,NGC_7089_M_2, 0.2897792052402741, 1.0000000000000000, 2.8977920524027412e-01,False,True ,True ,True ,False,False,True ,154.40374,-46.45109
2686847191516777216,NGC_7089_M_2, 0.9013885806570662, 1.0000000000000000, 9.0138858065706617e-01,False,True ,True ,True ,True ,False,True ,154.37817,-46.43870
2686847290303853312,NGC_7089_M_2, 0.5344516395399592, 1.0000000000000000, 5.3445163953995922e-01,False,True ,True ,True ,True ,False,True ,154.38092,-46.42806
2686847878714452224,NGC_7089_M_2, 0.9949601655721056, 0.9129117970369308, 9.0831087273259326e-01,False,True ,True ,True ,True ,False,True ,154.38457,-46.43683
2686850176521800576,NGC_7089_M_2, 0.9463364748586648, 1.0000000000000000, 9.4633647485866479e-01,False,True ,True ,True ,True ,False,True ,154.32700,-46.47683
2686850245241270912,NGC_7089_M_2, 0.8805293993264242, 1.0000000000000000, 8.8052939932642416e-01,False,True ,True ,True ,True ,False,True ,154.29405,-46.45904
2686850279601022464,NGC_7089_M_2, 0.9024724451578516, 1.0000000000000000, 9.0247244515785163e-01,False,True ,True ,True ,True ,False,True ,154.35875,-46.45063
2686850313960862848,NGC_7089_M_2, 0.8813886685207942, 1.0000000000000000, 8.8138866852079423e-01,False,True ,True ,True ,True ,False,True ,154.33070,-46.44347
2686850318253444864,NGC_7089_M_2, 0.3689716064618296, 1.0000000000000000, 3.6897160646182958e-01,False,True ,True ,True ,False,False,True ,154.38039,-46.42321
4380925981189628800,Pal_15, 0.4954001637104123, 0.2889008740351246, 1.4312154029308191e-01,False,True ,True ,True ,False,False,True ,154.37793,-46.43212
4380928528107609984,Pal_15, 0.9496563126732704, 0.6118083595474033, 5.8100767079046955e-01,False,True ,True ,True ,False,False,True ,154.36528,-46.42723
4380940382216302720,Pal_15, 0.6269908207445789, 1.0000000000000000, 6.2699082074457890e-01,False,True ,True ,True ,False,False,True ,154.34467,-46.41944
5413502403389457536,NGC_3201, 0.9996179983927360, 0.4426892919889863, 4.4252018396792792e-01,False,True ,True ,True ,True ,False,True ,154.35666,-46.42184
5413517487315507584,NGC_3201, 0.9979441639255312, 0.1834593461047582, 1.8308218376283761e-01,False,True ,True ,True ,True ,False,True ,154.36265,-46.41464
5413518926121264768,NGC_3201, 0.9862595755363260, 0.0777473482255582, 7.6679066660014006e-02,False,True ,True ,True ,True ,False,True ,154.32363,-46.41840
5413521335606162176,NGC_3201, 0.9925397975210700, 0.2116630423670500, 2.1008399321368551e-01,False,True ,True ,True ,True ,False,True ,154.30560,-46.40800
5413528413712037632,NGC_3201, 0.9942149785850738, 1.0000000000000000, 9.9421497858507379e-01,False,True ,True ,True ,True ,False,True ,154.42844,-46.44382
5413528722949693440,NGC_3201, 0.9993355471051190, 1.0000000000000000, 9.9933554710511896e-01,False,True ,True ,True ,True ,False,True ,154.43131,-46.42512
5413528826028905728,NGC_3201, 0.9757323939513656, 1.0000000000000000, 9.7573239395136557e-01,False,True ,True ,True ,True ,False,True ,154.47705,-46.42376
5413529032187347072,NGC_3201, 0.9973312523937768, 1.0000000000000000, 9.9733125239377685e-01,False,True ,True ,True ,True ,False,True ,154.45546,-46.42073
5413541539133152512,NGC_3201, 0.9989229750498216, 0.0727200622069064, 7.2641740885531103e-02,False,True ,True ,True ,False,False,True ,154.41666,-46.44385
5413546349496406784,NGC_3201, 0.9913194678883728, 0.1944676631087608, 1.9277958031447209e-01,False,True ,True ,True ,True ,False,True ,154.41408,-46.41839
5413550403945717504,NGC_3201, 0.9901598507970178, 0.7871858550483184, 7.7943982878416584e-01,False,True ,True ,True ,True ,False,True ,154.42208,-46.41844
5413565178632931968,NGC_3201, 0.9916522118214212, 0.2446951282411931, 2.4265246514230540e-01,False,True ,True ,True ,True ,False,True ,154.40056,-46.42668
5413567068418568320,NGC_3201, 0.9277475564052337, 0.4371541400638076, 4.0556868521662881e-01,False,True ,True ,True ,True ,False,True ,154.38602,-46.42572
5413567583814635776,NGC_3201, 0.9973769257110506, 0.2922591029851561, 2.9149248564640429e-01,False,True ,True ,True ,True ,False,True ,154.39546,-46.40921
5413567927412022272,NGC_3201, 0.9548667144562862, 0.1923071022918079, 1.8362765093198749e-01,False,True ,True ,True ,True ,False,True ,154.40067,-46.40780
5413573631129640832,NGC_3201, 0.9865929597304708, 1.0000000000000000, 9.8659295973047079e-01,False,True ,True ,True ,True ,False,True ,154.40963,-46.41867
5413573974727032704,NGC_3201, 0.8968765529272112, 1.0000000000000000, 8.9687655292721125e-01,False,True ,True ,True ,True ,False,True ,154.39996,-46.40434
5413574043446555648,NGC_3201, 0.9664488071749292, 1.0000000000000000, 9.6644880717492920e-01,False,True ,True ,True ,True ,False,True ,154.42950,-46.40467
5413574077806291456,NGC_3201, 0.9810348583944568, 1.0000000000000000, 9.8103485839445681e-01,False,True ,True ,True ,True ,False,True ,154.42186,-46.39713
5413574107861671552,NGC_3201, 0.9709232258565770, 1.0000000000000000, 9.7092322585657698e-01,False,True ,True ,True ,True ,False,True ,154.41703,-46.39355
5413574112159737472,NGC_3201, 0.9993809891156362, 1.0000000000000000, 9.9938098911563622e-01,False,True ,True ,True ,True ,False,True ,154.46677,-46.41124
5413574352684485248,NGC_3201, 0.9002856263594382, 1.0000000000000000, 9.0028562635943821e-01,False,True ,True ,True ,True ,False,True ,154.47734,-46.37615
5413574558842559488,NGC_3201, 0.9274447294615336, 1.0000000000000000, 9.2744472946153356e-01,False,True ,True ,True ,True ,False,True ,154.47820,-46.36511
5413574730641610112,NGC_3201, 0.9885170817663820, 1.0000000000000000, 9.8851708176638198e-01,False,True ,True ,True ,True ,False,True ,154.44235,-46.36448
5413574765001016960,NGC_3201, 0.9833152726007848, 1.0000000000000000, 9.8331527260078477e-01,False,True ,True ,True ,True ,False,True ,154.44267,-46.37483
5413574863775915136,NGC_3201, 0.8694459576904902, 1.0000000000000000, 8.6944595769049016e-01,False,True ,True ,True ,True ,False,True ,154.44823,-46.34493
5413574868074020224,NGC_3201, 0.8946775191224239, 1.0000000000000000, 8.9467751912242388e-01,False,True ,True ,True ,True ,False,True ,154.35504,-46.38753
5413574868080291456,NGC_3201, 0.9872010474105612, 1.0000000000000000, 9.8720104741056125e-01,False,True ,True ,True ,True ,False,True ,154.36674,-46.39330
5413574902440023808,NGC_3201, 0.9968738739648990, 1.0000000000000000, 9.9687387396489902e-01,False,True ,True ,True ,True ,False,True ,154.36360,-46.38083
5413574936799772032,NGC_3201, 0.9541604175243866, 1.0000000000000000, 9.5416041752438663e-01,False,True ,True ,True ,False,False,True ,154.37103,-46.38218
5413574936799792000,NGC_3201, 0.8634920108414335, 1.0000000000000000, 8.6349201084143345e-01,False,True ,True ,True ,True ,False,True ,154.39018,-46.37040
5413575005512809856,NGC_3201, 0.9032226135396813, 1.0000000000000000, 9.0322261353968125e-01,False,True ,True ,True ,True ,False,True ,154.40129,-46.37867
5413575074238460800,NGC_3201, 0.9290536707973430, 1.0000000000000000, 9.2905367079734302e-01,False,True ,True ,True ,True ,False,True ,154.34185,-46.38644
5413575310452568064,NGC_3201, 0.9950926953873164, 1.0000000000000000, 9.9509269538731637e-01,False,True ,True ,True ,True ,False,True ,154.34349,-46.37540
5413575349116712064,NGC_3201, 0.7424707699393929, 1.0000000000000000, 7.4247076993939287e-01,False,True ,True ,True ,True ,False,True ,154.33394,-46.34726
5413575417830877696,NGC_3201, 0.9975435241953921, 1.0000000000000000, 9.9754352419539205e-01,False,True ,True ,True ,True ,False,True ,154.42092,-46.33431
5413575486555703168,NGC_3201, 0.9662204785908984, 1.0000000000000000, 9.6622047859089844e-01,False,True ,True ,True ,True ,False,True ,154.41450,-46.32524
5413575520915335936,NGC_3201, 0.9990663141185316, 1.0000000000000000, 9.9906631411853164e-01,False,True ,True ,True ,True ,False,True ,154.25377,-46.44314
5413575555269309824,NGC_3201, 0.9488855149014546, 1.0000000000000000, 9.4888551490145456e-01,False,True ,True ,True ,True ,False,True ,154.25569,-46.40719
5413575555275148672,NGC_3201, 0.8849811127455863, 1.0000000000000000, 8.8498111274558633e-01,False,True ,True ,True ,True ,False,True ,154.20851,-46.43049
5413575589628781568,NGC_3201, 0.6589712388028568, 1.0000000000000000, 6.5897123880285680e-01,False,True ,True ,True ,True ,False,True ,154.27053,-46.40702
5413575589634823808,NGC_3201, 0.8439891819126332, 1.0000000000000000, 8.4398918191263317e-01,False,True ,True ,True ,False,False,True ,154.30387,-46.38046
5413575619690175488,NGC_3201, 0.9145739737460582, 1.0000000000000000, 9.1457397374605820e-01,False,True ,True ,True ,True ,False,True ,154.28616,-46.35780
5413575619690180992,NGC_3201, 0.8396036573877104, 1.0000000000000000, 8.3960365738771037e-01,False,True ,True ,True ,True ,False,True ,154.24627,-46.33007
5413575619690190336,NGC_3201, 0.9977888046559740, 1.0000000000000000, 9.9778880465597397e-01,False,True ,True ,True ,True ,False,True ,154.29131,-46.33731
5413575623988982528,NGC_3201, 0.9777395346341472, 1.0000000000000000, 9.7773953463414720e-01,False,True ,True ,True ,False,False,True ,154.48248,-46.35742
5413575692708720256,NGC_3201, 0.9901115537784728, 1.0000000000000000, 9.9011155377847282e-01,False,True ,True ,True ,True ,False,True ,154.52289,-46.33397
5413575692714151296,NGC_3201, 0.9927519116422934, 1.0000000000000000, 9.9275191164229337e-01,False,True ,True ,True ,True ,False,True ,154.54879,-46.21850
5413575761433630720,NGC_3201, 0.9504055581259174, 1.0000000000000000, 9.5040555812591743e-01,False,True ,True ,True ,True ,False,True ,154.50211,-46.11115
5413575795793380864,NGC_3201, 0.9466768951524620, 1.0000000000000000, 9.4667689515246201e-01,False,True ,True ,True ,True ,False,True ,154.27246,-46.20005
5413575997643293312,NGC_3201, 0.9913780969093380, 1.0000000000000000, 9.9137809690933798e-01,False,True ,True ,True ,True ,False,True ,154.31780,-46.13633
5413576036311610880,NGC_3201, 0.9100508665273072, 1.0000000000000000, 9.1005086652730716e-01,False,True ,True ,True ,True ,False,True ,154.14914,-46.17531
5413576105031161600,NGC_3201, 0.9571725806662430, 1.0000000000000000, 9.5717258066624300e-01,False,True ,True ,True ,True ,False,True ,153.27155,-46.53420
5413576105032044160,NGC_3201, 0.9881524196946234, 1.0000000000000000, 9.8815241969462342e-01,False,True ,True ,True ,True ,False,True ,153.79717,-46.07869
5413576311189521408,NGC_3201, 0.6255976605759919, 1.0000000000000000, 6.2559766057599187e-01,False,True ,True ,True ,True ,False,True ,155.21317,-46.46768
5413576444323990272,NGC_3201, 0.8887299138953995, 1.0000000000000000, 8.8872991389539946e-01,False,True ,True ,True ,True ,False,True ,015.47734,-70.78324
5413576448628341504,NGC_3201, 0.9874699735283184, 1.0000000000000000, 9.8746997352831845e-01,False,True ,True ,True ,True ,False,True ,015.74248,-70.85664
5413576448628368384,NGC_3201, 0.9047497015650874, 1.0000000000000000, 9.0474970156508738e-01,False,True ,True ,True ,False,False,True ,015.73895,-70.84472
5413576448628372864,NGC_3201, 0.9942004659054120, 1.0000000000000000, 9.9420046590541200e-01,False,True ,True ,True ,True ,False,True ,015.60043,-70.86574
5413576513043485184,NGC_3201, 0.9824530959811548, 1.0000000000000000, 9.8245309598115482e-01,False,True ,True ,True ,True ,False,True ,015.78078,-70.84812
5413576517347889152,NGC_3201, 0.9978126356997991, 1.0000000000000000, 9.9781263569979906e-01,False,True ,True ,True ,True ,False,True ,015.82390,-70.83812
5413576616122677504,NGC_3201, 0.8678224523924548, 1.0000000000000000, 8.6782245239245481e-01,False,True ,True ,True ,True ,False,True ,015.78413,-70.83514
5413576654781168512,NGC_3201, 0.9080169102854896, 1.0000000000000000, 9.0801691028548959e-01,False,True ,True ,True ,True ,False,True ,015.82408,-70.82432
5413576826585163264,NGC_3201, 0.9956653354751074, 1.0000000000000000, 9.9566533547510738e-01,False,True ,True ,True ,True ,False,True ,015.75853,-70.82874
5413577028435673856,NGC_3201, 0.9860218694722624, 1.0000000000000000, 9.8602186947226245e-01,False,True ,True ,True ,True ,False,True ,015.98693,-70.77198
5413577067103767680,NGC_3201, 0.9747544328834736, 1.0000000000000000, 9.7475443288347363e-01,False,True ,True ,True ,True ,False,True ,261.92788,-05.09038
5413577479420116864,NGC_3201, 0.9992518732997748, 1.0000000000000000, 9.9925187329977483e-01,False,True ,True ,True ,True ,False,True ,271.63923,-24.89730
5413577685578563712,NGC_3201, 0.9472835048528374, 1.0000000000000000, 9.4728350485283741e-01,False,True ,True ,True ,True ,False,True ,313.42299,-12.69353
5413577788657759744,NGC_3201, 0.9819680822937262, 1.0000000000000000, 9.8196808229372623e-01,False,True ,True ,True ,True ,False,True ,313.41631,-12.67324
5413578063535689088,NGC_3201, 0.8292122410293361, 1.0000000000000000, 8.2921224102933611e-01,False,True ,True ,True ,True ,False,True ,313.45369,-12.61257
5413578166614931456,NGC_3201, 0.9639557042178776, 1.0000000000000000, 9.6395570421787757e-01,False,True ,True ,True ,True ,False,True ,313.42748,-12.60191
5413578235334416128,NGC_3201, 0.9455706017797920, 1.0000000000000000, 9.4557060177979202e-01,False,True ,True ,True ,True ,False,True ,313.35351,-12.55865
5413578510212328320,NGC_3201, 0.9691680546688254, 1.0000000000000000, 9.6916805466882539e-01,False,True ,True ,True ,True ,False,True ,313.34898,-12.54415
5413579747162919040,NGC_3201, 0.9971924950331909, 1.0000000000000000, 9.9719249503319085e-01,False,True ,True ,True ,True ,False,True ,313.35235,-12.55483
5413581911826877952,NGC_3201, 0.8389916039748594, 1.0000000000000000, 8.3899160397485939e-01,False,True ,True ,True ,True ,False,True ,313.35922,-12.54857
5413582014906110464,NGC_3201, 0.9996817370125188, 1.0000000000000000, 9.9968173701251883e-01,False,True ,True ,True ,True ,False,True ,313.35658,-12.54493
5413584248289126784,NGC_3201, 0.9418911651435816, 0.4828511691632283, 4.5479325031409379e-01,False,True ,True ,True ,True ,False,True ,313.35735,-12.55321
5413586133767131520,NGC_3201, 0.9106045420526108, 0.1790366888501230, 1.6303162206098201e-01,False,True ,True ,True ,True ,False,True ,313.36758,-12.55002
5413587409384628992,NGC_3201, 0.9975794532085456, 0.3959918439424839, 3.9503332715518680e-01,False,True ,True ,True ,True ,False,True ,313.37384,-12.54065
5413588096579420800,NGC_3201, 0.9990810765014376, 0.2267688416919468, 2.2656045847457429e-01,False,True ,True ,True ,True ,False,True ,313.37961,-12.55331
5413593731576291968,NGC_3201, 0.9978992336940222, 0.2005331601083015, 2.0011188680231470e-01,False,True ,True ,True ,True ,False,True ,313.38350,-12.54765
5413658224799006720,NGC_3201, 0.8565218820910749, 0.0016155870759775, 1.3837856829983001e-03,False,True ,True ,True ,True ,False,True ,313.36606,-12.54361
5413785424549983104,NGC_3201, 0.9119980140902032, 0.0158700666233711, 1.4473469243993699e-02,False,True ,True ,True ,True ,False,True ,313.36022,-12.54094
5413890427909525760,NGC_3201, 0.9917007070686732, 0.0144788502553602, 1.4358686035782201e-02,False,True ,True ,True ,True ,False,True ,313.36246,-12.53798
4690867249525904000,NGC_362, 0.9875990745226788, 0.5915917007579697, 5.8425541616386845e-01,False,True ,True ,True ,True ,False,True ,313.37064,-12.54073
4690886216102476288,NGC_362, 0.9813863635053732, 1.0000000000000000, 9.8138636350537323e-01,False,True ,True ,True ,True ,False,True ,313.36394,-12.53702
4690886284814608128,NGC_362, 0.9787904322207268, 1.0000000000000000, 9.7879043222072681e-01,False,True ,True ,True ,True ,False,True ,313.36913,-12.54411
4690886353541556992,NGC_362, 0.9928638422438824, 1.0000000000000000, 9.9286384224388236e-01,False,True ,True ,True ,True ,False,True ,313.36775,-12.53639
4690886594058899712,NGC_362, 0.8368698911065627, 1.0000000000000000, 8.3686989110656274e-01,False,True ,True ,True ,True ,False,True ,313.36322,-12.54512
4690886628418834304,NGC_362, 0.7484704835379087, 1.0000000000000000, 7.4847048353790868e-01,False,True ,True ,True ,False,False,True ,313.36671,-12.54160
4690886662771381248,NGC_362, 0.7702738882594241, 1.0000000000000000, 7.7027388825942411e-01,False,True ,True ,True ,True ,False,True ,313.37041,-12.53397
4690886697130288640,NGC_362, 0.9437875969552200, 1.0000000000000000, 9.4378759695521997e-01,False,True ,True ,True ,True ,False,True ,313.36764,-12.53288
4690886868937426560,NGC_362, 0.9650958021484070, 1.0000000000000000, 9.6509580214840696e-01,False,True ,True ,True ,True ,False,True ,313.36746,-12.52861
4690888346405207552,NGC_362, 0.9985483463335800, 0.8842123130330921, 8.8292874298698387e-01,False,True ,True ,True ,True ,False,True ,313.43148,-12.53126
4362604032956050048,NGC_6366, 0.9997039791687342, 1.0000000000000000, 9.9970397916873421e-01,False,True ,True ,True ,True ,False,True ,313.38437,-12.51557
4065746094009651328,NGC_6544, 0.9106949629374660, 0.0305071357156863, 2.7782694829925202e-02,False,True ,True ,True ,False,False,True ,313.32844,-12.55043
6889462382731034112,NGC_6981_M_72, 0.9997548912536460, 0.0346190083566565, 3.4610522934918203e-02,False,True ,True ,True ,False,False,True ,313.34327,-12.53497
6889462653313241216,NGC_6981_M_72, 0.9999762642109924, 0.0702656540454979, 7.0263986234759004e-02,False,True ,True ,True ,False,False,True ,313.33662,-12.52854
6889464478675187328,NGC_6981_M_72, 0.9999014348719296, 0.1807635086038440, 1.8074569162546800e-01,False,True ,True ,True ,True ,False,True ,313.35086,-12.53447
6889467502332166272,NGC_6981_M_72, 0.9995216384316082, 0.4376909470450125, 4.3748157251711312e-01,False,True ,True ,True ,True ,False,True ,313.36487,-12.51336
6889468700628142592,NGC_6981_M_72, 0.9894269031723066, 1.0000000000000000, 9.8942690317230664e-01,False,True ,True ,True ,True ,False,True ,313.36937,-12.52450
6889468769347674624,NGC_6981_M_72, 0.9903972439399404, 1.0000000000000000, 9.9039724393994044e-01,False,True ,True ,True ,True ,False,True ,313.36567,-12.52256
6889468769347675520,NGC_6981_M_72, 0.9364685145995252, 1.0000000000000000, 9.3646851459952518e-01,False,True ,True ,True ,True ,False,True ,313.36317,-12.52859
6889468773641220480,NGC_6981_M_72, 0.9034354469480336, 1.0000000000000000, 9.0343544694803357e-01,False,True ,True ,True ,False,False,True ,313.32869,-12.52054
6889468773641257728,NGC_6981_M_72, 0.7024927807239286, 1.0000000000000000, 7.0249278072392862e-01,False,True ,True ,True ,True ,False,True ,313.33806,-12.50617
6889468773642740992,NGC_6981_M_72, 0.9983265823184888, 1.0000000000000000, 9.9832658231848881e-01,False,True ,True ,True ,True ,False,True ,313.39397,-12.48402
6889468803707427968,NGC_6981_M_72, 0.9990771123694380, 1.0000000000000000, 9.9907711236943797e-01,False,True ,True ,True ,True ,False,True ,313.42105,-12.47115
6889468808000770176,NGC_6981_M_72, 0.9976685573975380, 1.0000000000000000, 9.9766855739753801e-01,False,True ,True ,True ,True ,False,True ,226.13209,-33.11740
6889468808002237952,NGC_6981_M_72, 0.9475873462727952, 1.0000000000000000, 9.4758734627279517e-01,False,True ,True ,True ,True ,False,True ,225.84006,-33.21625
6889468842364200832,NGC_6981_M_72, 0.9598985682301964, 1.0000000000000000, 9.5989856823019637e-01,False,True ,True ,True ,True ,False,True ,226.02916,-33.15210
6889468876721745536,NGC_6981_M_72, 0.9805532441449673, 1.0000000000000000, 9.8055324414496725e-01,False,True ,True ,True ,True ,False,True ,226.01620,-33.11595
6889468876721774080,NGC_6981_M_72, 0.4143950388024103, 1.0000000000000000, 4.1439503880241030e-01,False,True ,True ,True ,True ,False,True ,226.00820,-33.11562
6889468876721834112,NGC_6981_M_72, 0.9302234191011204, 1.0000000000000000, 9.3022341910112039e-01,False,True ,True ,True ,True ,False,True ,225.95657,-33.13666
6889468876721856000,NGC_6981_M_72, 0.0862662643794420, 1.0000000000000000, 8.6266264379442001e-02,False,True ,True ,True ,True ,False,True ,225.98311,-33.08830
6889468876721861120,NGC_6981_M_72, 0.3353835797277340, 1.0000000000000000, 3.3538357972773403e-01,False,True ,True ,True ,True ,False,True ,225.96804,-33.07511
6889468876721863296,NGC_6981_M_72, 0.4927189943187958, 1.0000000000000000, 4.9271899431879579e-01,False,True ,True ,True ,True ,False,True ,225.97035,-33.08060
6889468876721879296,NGC_6981_M_72, 0.5032846880748314, 1.0000000000000000, 5.0328468807483140e-01,False,True ,True ,True ,True ,False,True ,225.88485,-33.06891
6889468876721916800,NGC_6981_M_72, 0.1914072356547538, 1.0000000000000000, 1.9140723565475379e-01,False,True ,True ,True ,False,False,True ,225.67592,-33.09795
6889468876721931136,NGC_6981_M_72, 0.6564644381751934, 1.0000000000000000, 6.5646443817519340e-01,False,True ,True ,True ,True ,False,True ,226.04685,-33.09825
6889468911081484544,NGC_6981_M_72, 0.4683524296528275, 1.0000000000000000, 4.6835242965282747e-01,False,True ,True ,True ,True ,False,True ,226.10236,-33.07234
6889468911081485440,NGC_6981_M_72, 0.8497135435147682, 1.0000000000000000, 8.4971354351476824e-01,False,True ,True ,True ,True ,False,True ,226.00648,-33.09302
6889468911081506048,NGC_6981_M_72, 0.7371535501440706, 1.0000000000000000, 7.3715355014407058e-01,False,True ,True ,True ,True ,False,True ,226.00081,-33.09711
6889469082880135040,NGC_6981_M_72, 0.8790760005701714, 0.9440979026718028, 8.2993380842741549e-01,False,True ,True ,True ,True ,False,True ,226.02195,-33.08330
6889469289037270144,NGC_6981_M_72, 0.9419330663174862, 1.0000000000000000, 9.4193306631748619e-01,False,True ,True ,True ,False,False,True ,225.99200,-33.08837
6889480490313564160,NGC_6981_M_72, 0.8777217465719296, 1.0000000000000000, 8.7772174657192958e-01,False,True ,True ,True ,True ,False,True ,226.02803,-33.07687
6889480524673297920,NGC_6981_M_72, 0.9847364551417804, 1.0000000000000000, 9.8473645514178043e-01,False,True ,True ,True ,True ,False,True ,226.03818,-33.06880
6889480589097672192,NGC_6981_M_72, 0.9946690419481242, 1.0000000000000000, 9.9466904194812422e-01,False,True ,True ,True ,True ,False,True ,226.01474,-33.06282
6889480623457412096,NGC_6981_M_72, 0.9997012384383588, 1.0000000000000000, 9.9970123843835879e-01,False,True ,True ,True ,True ,False,True ,226.03502,-33.05908
6889480657817161856,NGC_6981_M_72, 0.9889211529623474, 1.0000000000000000, 9.8892115296234739e-01,False,True ,True ,True ,True ,False,True ,225.99540,-33.07593
6889480657817166464,NGC_6981_M_72, 0.9998354612750197, 1.0000000000000000, 9.9983546127501965e-01,False,True ,True ,True ,True ,False,True ,225.98498,-33.08032
6889480662110772736,NGC_6981_M_72, 0.7047109445425737, 1.0000000000000000, 7.0471094454257366e-01,False,True ,True ,True ,False,False,True ,225.99440,-33.06025
6889480662112048256,NGC_6981_M_72, 0.9617040443457168, 1.0000000000000000, 9.6170404434571677e-01,False,True ,True ,True ,True ,False,True ,226.00071,-33.05486
6889480795255479552,NGC_6981_M_72, 0.9989464944634396, 1.0000000000000000, 9.9894649446343964e-01,False,True ,True ,True ,True ,False,True ,226.00253,-33.06600
6889480936992127872,NGC_6981_M_72, 0.9935930642445592, 1.0000000000000000, 9.9359306424455918e-01,False,True ,True ,True ,True ,False,True ,225.98320,-33.06943
6889481241932729856,NGC_6981_M_72, 0.9970709946870679, 1.0000000000000000, 9.9707099468706795e-01,False,True ,True ,True ,True ,False,True ,225.98438,-33.04840
6889504679569110016,NGC_6981_M_72, 0.0330877915215501, 0.4875644061052444, 1.6132429422538699e-02,False,True ,True ,True ,True ,False,True ,226.00925,-33.04902
6204400942809876096,NGC_5824, 0.9406640092037608, 0.1822564937485633, 1.7144212411294379e-01,False,True ,True ,True ,False,False,True ,225.99667,-33.03760
6204563253915842048,NGC_5824, 0.7968526439506761, 0.0201060520164365, 1.6021560708707201e-02,False,True ,True ,True ,False,False,True ,226.05607,-33.04703
6204564666964552320,NGC_5824, 0.8896738093601511, 0.4960951040170536, 4.4136282099577251e-01,False,True ,True ,True ,True ,False,True ,226.06987,-33.04377
6204564971902957568,NGC_5824, 0.7084675332485019, 1.0000000000000000, 7.0846753324850187e-01,False,True ,True ,False,False,False,True ,226.12333,-32.96491
6204564976202202368,NGC_5824, 0.7539813637501692, 1.0000000000000000, 7.5398136375016922e-01,False,True ,True ,True ,False,False,True ,225.96960,-33.05987
6204565624737933824,NGC_5824, 0.9665433030016538, 0.6384959217888713, 6.1713395719890130e-01,False,True ,True ,True ,False,False,True ,225.98971,-33.03913
6204566006994361984,NGC_5824, 0.6366101628714429, 1.0000000000000000, 6.3661016287144290e-01,False,True ,True ,True ,False,False,True ,225.95172,-33.03109
6204566071420611200,NGC_5824, 0.9623874804974092, 1.0000000000000000, 9.6238748049740919e-01,False,True ,True ,False,True ,False,True ,225.92802,-33.01529
6204566075708469120,NGC_5824, 0.7766047363985557, 1.0000000000000000, 7.7660473639855565e-01,False,True ,True ,False,True ,False,True ,283.31349,-30.62059
6204569202448938112,NGC_5824, 0.9732897183942776, 0.4058563813375507, 3.9501584310054533e-01,False,True ,True ,True ,True ,False,True ,283.48627,-30.53059
6204579682168852864,NGC_5824, 0.9919081829436280, 0.0029092051381009, 2.8856643823439998e-03,False,True ,True ,False,False,False,True ,283.47500,-30.52489
6204588512622985344,NGC_5824, 0.8279397573387861, 1.0000000000000000, 8.2793975733878611e-01,False,True ,True ,True ,True ,False,True ,283.46762,-30.45933
6204588753139951616,NGC_5824, 0.9925812070603444, 0.4400121985359819, 4.3674783914412091e-01,False,True ,True ,True ,True ,False,True ,283.54667,-30.45171
6204589195519646720,NGC_5824, 0.9934887613422304, 1.0000000000000000, 9.9348876134223041e-01,False,True ,True ,True ,True ,False,True ,283.61573,-30.43074
6204589199817756160,NGC_5824, 0.9293301729853845, 1.0000000000000000, 9.2933017298538445e-01,False,True ,True ,False,True ,False,True ,283.44931,-30.43321
6204589229884503680,NGC_5824, 0.6184828757071832, 1.0000000000000000, 6.1848287570718319e-01,False,True ,True ,True ,True ,False,True ,283.55489,-30.39355
6204589268536044800,NGC_5824, 0.9406456162804516, 1.0000000000000000, 9.4064561628045162e-01,False,True ,True ,True ,True ,False,True ,283.68778,-30.35366
6204589332957578368,NGC_5824, 0.8357949283103348, 1.0000000000000000, 8.3579492831033475e-01,False,True ,True ,True ,True ,False,True ,283.63611,-30.27935
6204589371616455040,NGC_5824, 0.9518856350155618, 1.0000000000000000, 9.5188563501556178e-01,False,True ,True ,True ,True ,False,True ,283.39438,-30.37674
6204589405973290496,NGC_5824, 0.6174479748585602, 1.0000000000000000, 6.1744797485856018e-01,False,True ,True ,False,False,False,True ,283.46816,-30.32082
6204589440336057472,NGC_5824, 0.9559582319536648, 1.0000000000000000, 9.5595823195366481e-01,False,True ,True ,True ,True ,False,True ,283.46057,-30.29284
6204589474690276608,NGC_5824, 0.9401258469831840, 1.0000000000000000, 9.4012584698318402e-01,False,True ,True ,False,False,False,True ,283.54997,-30.32516
6204589474694490880,NGC_5824, 0.7491629893806724, 1.0000000000000000, 7.4916298938067238e-01,False,True ,True ,True ,True ,False,True ,283.48423,-30.24129
6204589509054276736,NGC_5824, 0.5173865503643349, 1.0000000000000000, 5.1738655036433490e-01,False,True ,True ,True ,False,False,True ,283.36186,-30.29126
6204589509054283392,NGC_5824, 0.4790725793938838, 1.0000000000000000, 4.7907257939388381e-01,False,True ,True ,False,False,False,True ,283.85714,-30.16158
6204589509055486080,NGC_5824, 0.7924422057073043, 1.0000000000000000, 7.9244220570730428e-01,False,True ,True ,False,False,False,True ,283.63863,-30.07601
6204589539117475072,NGC_5824, 0.9958020209683346, 1.0000000000000000, 9.9580202096833459e-01,False,True ,True ,False,False,False,True ,283.86489,-30.10716
6204589577769610368,NGC_5824, 0.9754009193256928, 1.0000000000000000, 9.7540091932569284e-01,False,True ,True ,False,False,False,True ,138.12533,-64.94385
6204589612134763264,NGC_5824, 0.9481452560267936, 1.0000000000000000, 9.4814525602679356e-01,False,True ,True ,True ,True ,False,True ,137.97116,-64.85854
6204589676560997376,NGC_5824, 0.9917832261530009, 1.0000000000000000, 9.9178322615300085e-01,False,True ,True ,True ,False,False,True ,138.03799,-64.88099
6204589749572936960,NGC_5824, 0.9924395255297638, 1.0000000000000000, 9.9243952552976378e-01,False,True ,True ,False,True ,False,True ,138.05585,-64.85111
6204589783932675072,NGC_5824, 0.9597463645499940, 0.7843858171403966, 7.5281143640507198e-01,False,True ,True ,False,False,False,True ,138.04422,-64.85436
6204591639353948416,NGC_5824, 0.9891546203416192, 0.0754904861304368, 7.4671763147756504e-02,False,True ,True ,True ,True ,False,True ,137.98396,-64.83600
6204592498352788480,NGC_5824, 0.9224831463428992, 1.0000000000000000, 9.2248314634289919e-01,False,True ,True ,True ,True ,False,True ,270.44549,-27.82453
6204592635790501888,NGC_5824, 0.9821600158146246, 1.0000000000000000, 9.8216001581462464e-01,False,True ,True ,True ,True ,False,True ,270.46154,-27.82544
6204592773229474432,NGC_5824, 0.9140136749834932, 1.0000000000000000, 9.1401367498349317e-01,False,True ,True ,False,False,False,True ,270.42032,-27.83226
6204592841948968064,NGC_5824, 0.9202611892517604, 0.6605826917203628, 6.0790861348170999e-01,False,True ,True ,True ,False,False,True ,276.08884,-24.94001
6761170884994413952,NGC_6715_M_54, 0.9662474296456141, 0.0011674973165094, 1.1280912811954000e-03,False,True ,True ,True ,False,False,True ,276.10054,-24.91022
6761172529938876928,NGC_6715_M_54, 0.9289987349036988, 0.0236443669330893, 2.1965586968438800e-02,False,True ,True ,True ,False,False,True ,276.20666,-24.93010
6761172701737572352,NGC_6715_M_54, 0.9839792546896504, 0.0202722567409596, 1.9947480078846599e-02,False,True ,True ,True ,False,False,True ,276.18843,-24.81612
6761173771212541184,NGC_6715_M_54, 0.8544031156170301, 0.0189037937542470, 1.6151460280610399e-02,False,True ,True ,True ,False,False,True ,276.19473,-24.86068
6761178925143203712,NGC_6715_M_54, 0.9818578323170416, 0.0631439169884218, 6.1998349458259001e-02,False,True ,True ,True ,False,False,True ,276.11613,-24.89969
6761179200020909440,NGC_6715_M_54, 0.7577031828105366, 0.1630627587278185, 1.2355317128593470e-01,False,True ,True ,True ,True ,False,True ,276.13996,-24.87570
6761179917280865408,NGC_6715_M_54, 0.9870138144236842, 0.0133991666784170, 1.3225162613363000e-02,False,True ,True ,True ,False,False,True ,276.11527,-24.87087
6761180265203077376,NGC_6715_M_54, 0.8597794858217402, 0.0524538427109916, 4.5098737915430800e-02,False,True ,True ,True ,True ,False,True ,276.12603,-24.86753
6761181360389990784,NGC_6715_M_54, 0.7031067573477173, 0.1518946977441552, 1.0679818838920460e-01,False,True ,True ,True ,True ,False,True ,276.12848,-24.86558
6761182773434259072,NGC_6715_M_54, 0.9702756169092488, 0.0323929421871760, 3.1430081964167800e-02,False,True ,True ,True ,False,False,True ,276.15223,-24.86391
6761183971730075904,NGC_6715_M_54, 0.9937848041819594, 0.0045602415140215, 4.5318987200342999e-03,False,True ,True ,True ,False,False,True ,272.23791,-26.22208
6761184658924927360,NGC_6715_M_54, 0.7293949443671846, 0.0085699387008964, 6.2508699619704998e-03,False,True ,True ,True ,False,False,True ,259.51844,-23.76991
6761184762005150976,NGC_6715_M_54, 0.9652065711423062, 0.0058973143000488, 5.6921265144985996e-03,False,True ,True ,True ,False,False,True ,246.36507,-72.27048
6761185109926249984,NGC_6715_M_54, 0.9851943717699096, 0.0254039925638867, 2.5027870494425800e-02,False,True ,True ,True ,False,False,True ,246.37623,-72.21344
6761186656085512192,NGC_6715_M_54, 0.9406275089048620, 0.0043574465296746, 4.0987340743940002e-03,False,True ,True ,True ,False,False,True ,246.59467,-72.19120
6761196478674969088,NGC_6715_M_54, 0.9774181489661796, 0.0015615420213732, 1.5262795120635001e-03,False,True ,True ,True ,False,False,True ,246.50705,-72.22508
6761207856051117184,NGC_6715_M_54, 0.9638172474068476, 0.0057190628850082, 5.5121314475752997e-03,False,True ,True ,True ,False,False,True ,246.55118,-72.21665
6761212936991660928,NGC_6715_M_54, 0.9479384036536072, 0.0011419519521307, 1.0825001105519000e-03,False,True ,True ,True ,False,False,True ,246.52418,-72.20351
6761214895495961088,NGC_6715_M_54, 0.9874219851662338, 0.0021809752929900, 2.1535429534027001e-03,False,True ,True ,True ,False,False,True ,246.51135,-72.18727
5248755326295740032,NGC_2808, 0.9631888037827616, 0.7713833290510366, 7.4298778596663240e-01,False,True ,True ,True ,True ,False,True ,246.45148,-72.19019
5248758968427488256,NGC_2808, 0.3555255829629747, 1.0000000000000000, 3.5552558296297471e-01,False,True ,True ,True ,True ,False,True ,246.46000,-72.18610
5248759071507061248,NGC_2808, 0.7149804490518069, 1.0000000000000000, 7.1498044905180691e-01,False,True ,True ,True ,True ,False,True ,246.56574,-72.19815
5248759208935546112,NGC_2808, 0.9139578068065564, 1.0000000000000000, 9.1395780680655636e-01,False,True ,True ,True ,True ,False,True ,246.62190,-72.16428
5248759312014502400,NGC_2808, 0.1021809787121426, 1.0000000000000000, 1.0218097871214260e-01,False,True ,True ,True ,True ,False,True ,246.19032,-72.25074
5248760132355689728,NGC_2808, 0.9198276530298580, 1.0000000000000000, 9.1982765302985803e-01,False,True ,True ,True ,False,False,True ,246.33222,-72.18073
4062733058559402752,Djorg_2_ESO456-, 0.9621727048193524, 1.0000000000000000, 9.6217270481935235e-01,False,True ,True ,True ,True ,False,True ,246.73875,-72.14730
4062733092919057280,Djorg_2_ESO456-, 0.0687009856251849, 1.0000000000000000, 6.8700985625184896e-02,False,True ,True ,True ,True ,False,True ,247.04667,-71.96203
4062733127279049344,Djorg_2_ESO456-, 0.4097353098459618, 0.1583777447460175, 6.4892954316214099e-02,False,True ,True ,True ,True ,False,True ,253.37288,-22.23643
4077187955728797952,NGC_6626_M_28, 0.9429518110543984, 0.9207989543078472, 8.6826904158158058e-01,False,True ,True ,True ,False,False,True ,253.37266,-22.20249
4077188848958101248,NGC_6626_M_28, 0.8745025631908795, 1.0000000000000000, 8.7450256319087949e-01,False,True ,True ,True ,False,False,True ,253.36620,-22.19487
4077186379396885632,NGC_6626_M_28, 0.7751468648866723, 0.9023507906815864, 6.9945438642484170e-01,False,True ,True ,True ,True ,False,True ,253.35111,-22.16658
4077196996558692224,NGC_6626_M_28, 0.7672652419938641, 1.0000000000000000, 7.6726524199386414e-01,False,True ,True ,True ,True ,False,True ,251.28910,+36.31372
4077190188988077184,NGC_6626_M_28, 0.9344926694279136, 1.0000000000000000, 9.3449266942791365e-01,False,True ,True ,True ,False,False,True ,250.44322,+36.46110
4077190330720226688,NGC_6626_M_28, 0.9186353153969036, 1.0000000000000000, 9.1863531539690357e-01,False,True ,True ,True ,False,False,True ,250.44277,+36.46054
4077190502565927040,NGC_6626_M_28, 0.0098178170430772, 1.0000000000000000, 9.8178170430771993e-03,False,True ,True ,True ,True ,False,True ,250.40467,+36.44136
4077190532697266048,NGC_6626_M_28, 0.4007363044062110, 1.0000000000000000, 4.0073630440621100e-01,False,True ,True ,True ,True ,False,True ,250.42796,+36.45864
4077190536979469568,NGC_6626_M_28, 0.1476438071584325, 1.0000000000000000, 1.4764380715843251e-01,False,True ,True ,True ,True ,False,True ,250.38605,+36.46726
4077190571285440640,NGC_6626_M_28, 0.8390474676979433, 1.0000000000000000, 8.3904746769794325e-01,False,True ,True ,True ,True ,False,True ,250.62626,+36.51720
4077190880476061312,NGC_6626_M_28, 0.4527805452115209, 1.0000000000000000, 4.5278054521152089e-01,False,True ,True ,True ,True ,False,True ,250.81799,+37.13949
4064796635702285056,NGC_6553, 0.1196903019682965, 0.0025128413180003, 3.0076273614980002e-04,False,True ,True ,True ,False,False,True ,279.12310,-24.02585
4114183124614674304,NGC_6325, 0.9224866279732686, 1.0000000000000000, 9.2248662797326864e-01,False,True ,True ,True ,False,False,True ,263.62910,-39.08411
5806470058179357056,NGC_6101, 0.9991258610961185, 0.7166023707897614, 7.1597596077884029e-01,False,True ,True ,False,True ,False,True ,263.60662,-39.06636
5806470298687866880,NGC_6101, 0.9994841721685602, 1.0000000000000000, 9.9948417216856023e-01,False,True ,True ,True ,True ,False,True ,263.61481,-39.06184
5806471260767677824,NGC_6101, 0.9984184330005472, 1.0000000000000000, 9.9841843300054722e-01,False,True ,True ,True ,True ,False,True ,263.61169,-39.06074
5806471466918495488,NGC_6101, 0.9970322690194504, 1.0000000000000000, 9.9703226901945041e-01,False,True ,True ,True ,True ,False,True ,263.59531,-39.05835
5806471570005049472,NGC_6101, 0.9977139247756460, 1.0000000000000000, 9.9771392477564602e-01,False,True ,True ,True ,True ,False,True ,263.48837,-39.03465
5806471604357567744,NGC_6101, 0.9699666138003318, 1.0000000000000000, 9.6996661380033178e-01,False,True ,True ,True ,True ,False,True ,266.91605,-33.00668
5806471673084353920,NGC_6101, 0.3490119453097255, 1.0000000000000000, 3.4901194530972551e-01,False,True ,True ,True ,True ,False,True ,189.76372,-26.92164
5806471844883076736,NGC_6101, 0.9739852979876789, 1.0000000000000000, 9.7398529798767886e-01,False,True ,True ,True ,True ,False,True ,189.95391,-26.78607
5806471879242819584,NGC_6101, 0.3938091099735653, 1.0000000000000000, 3.9380910997356527e-01,False,True ,True ,True ,True ,False,True ,189.90038,-26.76547
5806471978020436736,NGC_6101, 0.9700428906901456, 1.0000000000000000, 9.7004289069014560e-01,False,True ,True ,True ,True ,False,True ,189.87611,-26.77582
5806472154120679040,NGC_6101, 0.9967297185116278, 0.8211473155509761, 8.1846193268570322e-01,False,True ,True ,True ,True ,False,True ,189.85495,-26.78130
5806472738236281472,NGC_6101, 0.9883942455688420, 0.4483563579628119, 4.4315284417464712e-01,False,True ,True ,True ,True ,False,True ,189.86072,-26.77575
5806474765460901760,NGC_6101, 0.9941889861652340, 1.0000000000000000, 9.9418898616523399e-01,False,True ,True ,True ,True ,False,True ,189.86456,-26.75999
5806846778346473856,NGC_6101, 0.9995395904023564, 0.3342230524364729, 3.3406917293537741e-01,False,True ,True ,True ,True ,False,True ,189.87114,-26.76218
5806855402640860160,NGC_6101, 0.9985479621800878, 0.0032897878378431, 3.2850109414830999e-03,False,True ,True ,True ,True ,False,True ,189.87138,-26.77086
4126216725278852608,NGC_6235, 0.9981756180793132, 0.3269811414475524, 3.2638460296468991e-01,False,True ,True ,True ,True ,False,True ,189.87099,-26.76457
4126216931434579328,NGC_6235, 0.9448677141485612, 1.0000000000000000, 9.4486771414856119e-01,False,True ,True ,True ,True ,False,True ,189.88817,-26.74632
4126217687351685760,NGC_6235, 0.9953095141151832, 1.0000000000000000, 9.9530951411518320e-01,False,True ,True ,True ,False,False,True ,189.88462,-26.75050
4126218000877730048,NGC_6235, 0.4891099103607493, 1.0000000000000000, 4.8910991036074930e-01,False,True ,True ,True ,True ,False,True ,189.91447,-26.75636
1327372119710238976,NGC_6205_M_13, 0.2452043334720517, 0.0043977184464380, 1.0783396204565000e-03,False,True ,True ,True ,False,False,True ,189.82943,-26.78091
1328057179882276480,NGC_6205_M_13, 0.3047333284021508, 1.0000000000000000, 3.0473332840215078e-01,False,True ,True ,True ,True ,False,True ,189.81374,-26.75680
1328057184175404544,NGC_6205_M_13, 0.2710105476258679, 1.0000000000000000, 2.7101054762586790e-01,False,True ,True ,True ,True ,False,True ,189.85015,-26.76604
1328057768297931904,NGC_6205_M_13, 0.8677059302096479, 1.0000000000000000, 8.6770593020964792e-01,False,True ,True ,True ,True ,False,True ,189.85883,-26.75227
1328057905736994560,NGC_6205_M_13, 0.0823371121715539, 1.0000000000000000, 8.2337112171553900e-02,False,True ,True ,False,True ,False,True ,189.85501,-26.75902
1328058077530125568,NGC_6205_M_13, 0.9028821574214844, 1.0000000000000000, 9.0288215742148437e-01,False,True ,True ,True ,True ,False,True ,189.85381,-26.75891
1328061822746704640,NGC_6205_M_13, 0.9770650237209428, 1.0000000000000000, 9.7706502372094284e-01,False,True ,True ,True ,False,False,True ,189.85352,-26.74541
1328220873967820672,NGC_6205_M_13, 0.0360773538658293, 0.0036085357382878, 1.3018642076770000e-04,False,True ,True ,True ,False,False,True ,189.87283,-26.74389
4076742554671731712,NGC_6656_M_22, 0.8646498414704100, 0.5162129803554238, 4.4634347162928512e-01,False,True ,True ,False,True ,False,True ,189.86220,-26.74434
5961801188267926272,NGC_6380_Ton1, 0.7220645058574178, 1.0000000000000000, 7.2206450585741777e-01,False,True ,True ,True ,False,False,True ,189.88005,-26.74220
5961801364361670272,NGC_6380_Ton1, 0.0159790084667584, 1.0000000000000000, 1.5979008466758399e-02,False,True ,True ,True ,False,False,True ,189.87016,-26.73888
5961801398721415424,NGC_6380_Ton1, 0.2243425600801881, 1.0000000000000000, 2.2434256008018810e-01,False,True ,True ,True ,False,False,True ,189.84909,-26.73984
5961801398721431296,NGC_6380_Ton1, 0.1052952067144769, 1.0000000000000000, 1.0529520671447690e-01,False,True ,True ,True ,False,False,True ,189.85654,-26.73354
5961801428787138560,NGC_6380_Ton1, 0.1318712635292267, 1.0000000000000000, 1.3187126352922671e-01,False,True ,True ,True ,False,False,True ,189.85918,-26.73915
5961805002199977728,NGC_6380_Ton1, 0.0310162355580978, 0.0099768077335009, 3.0944301878009999e-04,False,True ,True ,True ,False,False,True ,189.87564,-26.72509
4053981152106246400,Djorg_1, 0.0788714405309607, 0.0110204009817666, 8.6919490066069999e-04,False,True ,True ,True ,False,False,True ,189.86876,-26.72794
3496362898048717824,NGC_4590_M_68, 0.9997799158863632, 0.4365589776493952, 4.3646289795374910e-01,False,True ,True ,True ,True ,False,True ,189.86893,-26.72276
3496370839445298816,NGC_4590_M_68, 0.9985669879427952, 1.0000000000000000, 9.9856698794279519e-01,False,True ,True ,True ,True ,False,True ,189.82229,-26.71941
3496371354841551232,NGC_4590_M_68, 0.9995185448691660, 1.0000000000000000, 9.9951854486916603e-01,False,True ,True ,True ,True ,False,True ,189.83194,-26.71814
3496371423560829824,NGC_4590_M_68, 0.9863029746548696, 1.0000000000000000, 9.8630297465486960e-01,False,True ,True ,True ,True ,False,True ,189.89336,-26.72788
3496371457920555264,NGC_4590_M_68, 0.9999613975927628, 1.0000000000000000, 9.9996139759276281e-01,False,True ,True ,True ,True ,False,True ,189.90898,-26.71026
3496371457920562560,NGC_4590_M_68, 0.9932189435506898, 1.0000000000000000, 9.9321894355068985e-01,False,True ,True ,True ,True ,False,True ,189.84934,-26.69777
3496371487984316544,NGC_4590_M_68, 0.9968434608898972, 1.0000000000000000, 9.9684346088989717e-01,False,True ,True ,True ,True ,False,True ,189.86477,-26.68443
3496371492277847808,NGC_4590_M_68, 0.9512758051301228, 1.0000000000000000, 9.5127580513012278e-01,False,True ,True ,True ,True ,False,True ,189.77863,-26.71479
3496371492280312576,NGC_4590_M_68, 0.9995367950779046, 1.0000000000000000, 9.9953679507790461e-01,False,True ,True ,True ,True ,False,True ,190.00131,-26.69987
3496371492280325760,NGC_4590_M_68, 0.9997753631564792, 1.0000000000000000, 9.9977536315647919e-01,False,True ,True ,True ,True ,False,True ,189.94821,-26.68417
3496371625423293696,NGC_4590_M_68, 0.9772538609695088, 1.0000000000000000, 9.7725386096950884e-01,False,True ,True ,False,True ,False,True ,189.88505,-26.63963
3496371629719481216,NGC_4590_M_68, 0.5992927476577241, 1.0000000000000000, 5.9929274765772411e-01,False,True ,True ,True ,True ,False,True ,244.26498,-22.99467
3496371728501471616,NGC_4590_M_68, 0.9990354524665224, 1.0000000000000000, 9.9903545246652237e-01,False,True ,True ,True ,True ,False,True ,244.29263,-22.96057
3496372935387897088,NGC_4590_M_68, 0.9969970574551936, 1.0000000000000000, 9.9699705745519362e-01,False,True ,True ,True ,True ,False,True ,244.25483,-22.97633
3496373210267229056,NGC_4590_M_68, 0.9958743060234344, 1.0000000000000000, 9.9587430602343441e-01,False,True ,True ,True ,True ,False,True ,244.25313,-22.97145
3496374412858071680,NGC_4590_M_68, 0.9908312798686412, 1.0000000000000000, 9.9083127986864117e-01,False,True ,True ,True ,True ,False,True ,244.26525,-22.96632
3496374442921809280,NGC_4590_M_68, 0.9515193014385652, 1.0000000000000000, 9.5151930143856522e-01,False,True ,True ,True ,True ,False,True ,244.23045,-22.95858
3496374447215351296,NGC_4590_M_68, 0.9835836077240449, 1.0000000000000000, 9.8358360772404485e-01,False,True ,True ,True ,True ,False,True ,244.23525,-22.95950
3496374447217828736,NGC_4590_M_68, 0.9963701855534478, 1.0000000000000000, 9.9637018555344781e-01,False,True ,True ,True ,True ,False,True ,229.37161,-21.05321
3496374515935109376,NGC_4590_M_68, 0.9955885454598282, 1.0000000000000000, 9.9558854545982822e-01,False,True ,True ,True ,True ,False,True ,229.31923,-21.06662
3496374550297107200,NGC_4590_M_68, 0.2906006046779488, 1.0000000000000000, 2.9060060467794879e-01,False,True ,True ,True ,True ,False,True ,229.33427,-21.03712
3496374550297201280,NGC_4590_M_68, 0.6769689367262697, 1.0000000000000000, 6.7696893672626968e-01,False,True ,True ,True ,True ,False,True ,229.33226,-21.00724
3496374584654814464,NGC_4590_M_68, 0.9877333035381436, 1.0000000000000000, 9.8773330353814359e-01,False,True ,True ,True ,True ,False,True ,229.37205,-21.00411
3496374584656879488,NGC_4590_M_68, 0.9539889656241104, 1.0000000000000000, 9.5398896562411040e-01,False,True ,True ,True ,True ,False,True ,229.36019,-21.00025
3496374614720492032,NGC_4590_M_68, 0.8008837347247668, 1.0000000000000000, 8.0088373472476682e-01,False,True ,True ,True ,True ,False,True ,229.33940,-21.01153
3496374614720498304,NGC_4590_M_68, 0.7405114281431191, 1.0000000000000000, 7.4051142814311910e-01,False,True ,True ,True ,True ,False,True ,229.35605,-20.99380
3496374619014480768,NGC_4590_M_68, 0.9583025367024496, 1.0000000000000000, 9.5830253670244958e-01,False,True ,True ,False,True ,False,True ,229.35193,-20.98683
3496374649080259840,NGC_4590_M_68, 0.9945541717656082, 1.0000000000000000, 9.9455417176560823e-01,False,True ,True ,True ,True ,False,True ,248.17691,-13.16273
3496374653374469248,NGC_4590_M_68, 0.9944707329654908, 1.0000000000000000, 9.9447073296549082e-01,False,True ,True ,True ,True ,False,True ,248.19958,-13.09923
3496374653376536192,NGC_4590_M_68, 0.9996565074488444, 1.0000000000000000, 9.9965650744884438e-01,False,True ,True ,True ,True ,False,True ,248.14550,-13.07187
3496374790815467648,NGC_4590_M_68, 0.9976334777857424, 1.0000000000000000, 9.9763347778574241e-01,False,True ,True ,True ,True ,False,True ,248.10534,-13.09876
3496374893892669440,NGC_4590_M_68, 0.9944705507140388, 1.0000000000000000, 9.9447055071403878e-01,False,True ,True ,True ,True ,False,True ,248.13046,-13.07380
3496374958317917056,NGC_4590_M_68, 0.9941891606398982, 1.0000000000000000, 9.9418916063989815e-01,False,True ,True ,True ,True ,False,True ,248.13675,-13.06667
3496375095755828224,NGC_4590_M_68, 0.9965642097737740, 1.0000000000000000, 9.9656420977377402e-01,False,True ,True ,True ,True ,False,True ,248.12576,-13.06055
3496375306211585792,NGC_4590_M_68, 0.9881219654893560, 1.0000000000000000, 9.8812196548935605e-01,False,True ,True ,False,True ,False,True ,248.13580,-13.04585
3496375340571338624,NGC_4590_M_68, 0.9925098232908324, 1.0000000000000000, 9.9250982329083237e-01,False,True ,True ,True ,True ,False,True ,248.13324,-13.05271
3496375581089433088,NGC_4590_M_68, 0.9903767537594842, 1.0000000000000000, 9.9037675375948420e-01,False,True ,True ,True ,True ,False,True ,248.11696,-13.05289
3496395441018299136,NGC_4590_M_68, 0.9990221211206431, 1.0000000000000000, 9.9902212112064315e-01,False,True ,True ,True ,True ,False,True ,248.12540,-13.03506
3496395681536468736,NGC_4590_M_68, 0.9997930091089549, 1.0000000000000000, 9.9979300910895486e-01,False,True ,True ,True ,True ,False,True ,248.10479,-13.03534
3496399701625870336,NGC_4590_M_68, 0.9994869988230228, 1.0000000000000000, 9.9948699882302283e-01,False,True ,True ,True ,True ,False,True ,248.11388,-13.02360
6050422070285372032,NGC_6093_M_80, 0.9538602419270436, 1.0000000000000000, 9.5386024192704355e-01,False,True ,True ,True ,True ,False,True ,248.14198,-13.04066
6050422242084090752,NGC_6093_M_80, 0.8891445827585591, 1.0000000000000000, 8.8914458275855912e-01,False,True ,True ,True ,True ,False,True ,248.14991,-13.03797
6050422860560309888,NGC_6093_M_80, 0.9402916994852332, 1.0000000000000000, 9.4029169948523317e-01,False,True ,True ,True ,True ,False,True ,248.13802,-13.03211
6050422860560346496,NGC_6093_M_80, 0.8654634068157180, 1.0000000000000000, 8.6546340681571798e-01,False,True ,True ,True ,True ,False,True ,248.13831,-13.02159
6050422963639595648,NGC_6093_M_80, 0.2744576583592290, 1.0000000000000000, 2.7445765835922897e-01,False,True ,True ,True ,True ,False,True ,248.15470,-12.99498
6050423096777893248,NGC_6093_M_80, 0.9747896481560216, 1.0000000000000000, 9.7478964815602165e-01,False,True ,True ,True ,True ,False,True ,248.19912,-13.00908
6050423131140706432,NGC_6093_M_80, 0.9858742835668032, 1.0000000000000000, 9.8587428356680318e-01,False,True ,True ,True ,True ,False,True ,248.05815,-13.05042
6252663936993550208,NGC_5897, 0.9993880514045880, 1.0000000000000000, 9.9938805140458797e-01,False,True ,True ,False,True ,False,True ,323.14176,+12.36045
6252664040072351616,NGC_5897, 0.9979536361519042, 1.0000000000000000, 9.9795363615190424e-01,False,True ,True ,False,True ,False,True ,259.76739,-18.54013
6252664177511311616,NGC_5897, 0.9998083093758358, 1.0000000000000000, 9.9980830937583576e-01,False,True ,True ,True ,True ,False,True ,259.81050,-18.51107
6252665036505158656,NGC_5897, 0.9769986262691900, 1.0000000000000000, 9.7699862626918998e-01,False,True ,True ,True ,True ,False,True ,259.80311,-18.51066
6252665723699878784,NGC_5897, 0.9941960751134076, 1.0000000000000000, 9.9419607511340757e-01,False,True ,True ,True ,True ,False,True ,259.79416,-18.51166
6252666479614127488,NGC_5897, 0.9993536805267832, 1.0000000000000000, 9.9935368052678319e-01,False,True ,True ,True ,True ,False,True ,259.52341,-18.27133
6252666513973908224,NGC_5897, 0.9981476603235420, 1.0000000000000000, 9.9814766032354196e-01,False,True ,True ,True ,True ,False,True ,265.89274,-26.33822
6252666544034174080,NGC_5897, 0.9898386726994828, 1.0000000000000000, 9.8983867269948278e-01,False,True ,True ,True ,True ,False,True ,271.86821,-25.03146
6252666548333592320,NGC_5897, 0.9716609417450736, 1.0000000000000000, 9.7166094174507356e-01,False,True ,True ,False,True ,False,True ,259.36846,+42.75401
4330458676651329536,NGC_6171_M107, 0.9972333129437826, 0.4650191830580033, 4.6373262050334391e-01,False,True ,True ,True ,True ,False,True ,259.30823,+43.11826
4330459501285066496,NGC_6171_M107, 0.9953638904276664, 1.0000000000000000, 9.9536389042766638e-01,False,True ,True ,True ,True ,False,True ,259.31205,+43.12203
4330462765455881856,NGC_6171_M107, 0.9936567749325316, 1.0000000000000000, 9.9365677493253157e-01,False,True ,True ,True ,False,False,True ,259.28790,+43.12332
4330463005978440320,NGC_6171_M107, 0.9934710915392392, 1.0000000000000000, 9.9347109153923918e-01,False,True ,True ,True ,True ,False,True ,259.29051,+43.13424
4330463418290995968,NGC_6171_M107, 0.9989422349700690, 1.0000000000000000, 9.9894223497006895e-01,False,True ,True ,True ,True ,False,True ,259.28044,+43.13663
4330463517077281920,NGC_6171_M107, 0.0303858948416482, 1.0000000000000000, 3.0385894841648199e-02,False,True ,True ,True ,True ,False,True ,259.29533,+43.14880
4330463590089979392,NGC_6171_M107, 0.9917218956961292, 1.0000000000000000, 9.9172189569612923e-01,False,True ,True ,True ,True ,False,True ,259.31218,+43.14705
4330463620156495488,NGC_6171_M107, 0.4638132025033701, 1.0000000000000000, 4.6381320250337010e-01,False,True ,True ,True ,True ,False,True ,259.32908,+43.14858
4330463624453807488,NGC_6171_M107, 0.9697652412641978, 1.0000000000000000, 9.6976524126419783e-01,False,True ,True ,True ,True ,False,True ,259.31513,+43.15618
4330463796252565504,NGC_6171_M107, 0.9742459040857344, 1.0000000000000000, 9.7424590408573442e-01,False,True ,True ,True ,True ,False,True ,259.26917,+43.14501
4330463830612327808,NGC_6171_M107, 0.9806547646608912, 1.0000000000000000, 9.8065476466089119e-01,False,True ,True ,True ,True ,False,True ,259.35931,+43.19515
4330463864972086784,NGC_6171_M107, 0.9979462059664604, 1.0000000000000000, 9.9794620596646044e-01,False,True ,True ,True ,True ,False,True ,259.29995,+43.20701
4330463899328060288,NGC_6171_M107, 0.5354903827377493, 1.0000000000000000, 5.3549038273774929e-01,False,True ,True ,True ,True ,False,True ,295.02193,-31.04321
4330465101918568192,NGC_6171_M107, 0.9138063956919634, 1.0000000000000000, 9.1380639569196342e-01,False,True ,True ,True ,True ,False,True ,295.09356,-30.97372
4330465101922601472,NGC_6171_M107, 0.8661748606730462, 1.0000000000000000, 8.6617486067304617e-01,False,True ,True ,True ,True ,False,True ,295.11408,-30.96672
4330465308081065600,NGC_6171_M107, 0.9398988399720848, 1.0000000000000000, 9.3989883997208479e-01,False,True ,True ,True ,True ,False,True ,295.03092,-30.94255
4330465308081083392,NGC_6171_M107, 0.9974227080549688, 1.0000000000000000, 9.9742270805496880e-01,False,True ,True ,True ,True ,False,True ,294.92595,-30.96626
4330465548599601664,NGC_6171_M107, 0.9710155229847008, 1.0000000000000000, 9.7101552298470084e-01,False,True ,True ,True ,True ,False,True ,295.05008,-30.93754
4330465582959321472,NGC_6171_M107, 0.9992436707120568, 1.0000000000000000, 9.9924367071205678e-01,False,True ,True ,True ,True ,False,True ,295.03544,-30.91391
4330475100606552448,NGC_6171_M107, 0.9952998871285924, 1.0000000000000000, 9.9529988712859241e-01,False,True ,True ,True ,True ,False,True ,294.97115,-30.84211
1769938640950041856,NGC_7078_M_15, 0.0369019170518433, 0.0088785391702691, 3.2763511600279998e-04,False,True ,True ,True ,False,False,True ,295.40269,-34.13765
 159504678667961856,Pal_2, 0.0170656342277899, 1.0000000000000000, 1.7065634227789901e-02,False,True ,True ,True ,False,False,True ,295.40493,-34.05490
4134456778975963904,NGC_6333_M_9, 0.9403549517058204, 1.0000000000000000, 9.4035495170582040e-01,False,True ,True ,True ,True ,False,True ,295.47973,-34.00396
4134480384088464256,NGC_6333_M_9, 0.1901497628229971, 1.0000000000000000, 1.9014976282299709e-01,False,True ,True ,True ,True ,False,True ,251.73473,+47.49815
4134480384117356544,NGC_6333_M_9, 0.0430448412962994, 1.0000000000000000, 4.3044841296299402e-02,False,True ,True ,True ,True ,False,True ,251.75236,+47.51432
4134480452836780800,NGC_6333_M_9, 0.3008741755059054, 1.0000000000000000, 3.0087417550590539e-01,False,True ,True ,True ,True ,False,True ,251.74660,+47.50617
4134502438744217728,NGC_6333_M_9, 0.0031242636961421, 0.0011260995166324, 3.5182318380580791e-06,False,True ,True ,True ,False,False,True ,251.76663,+47.51527
4061096160611969408,Pal_6, 0.0415068190493035, 0.0060144069197415, 2.4963889970650000e-04,False,True ,True ,True ,False,False,True ,251.76398,+47.52083
4065784375110674176,NGC_6544, 0.7396085095354310, 0.9182202372201274, 6.7912350107564823e-01,False,True ,True ,True ,True ,False,True ,251.76408,+47.52407
1360194603384384256,NGC_6341_M_92, 0.9995417331745676, 0.0520642556129080, 5.2040396291769701e-02,False,True ,True ,True ,False,False,True ,251.76271,+47.51891
1360404610108446464,NGC_6341_M_92, 0.8108812296719848, 1.0000000000000000, 8.1088122967198484e-01,False,True ,True ,True ,True ,False,True ,251.72749,+47.51357
1360404781907957504,NGC_6341_M_92, 0.9350528270917232, 1.0000000000000000, 9.3505282709172322e-01,False,True ,True ,True ,True ,False,True ,251.70519,+47.50650
1360405430444893568,NGC_6341_M_92, 0.8222882795953897, 1.0000000000000000, 8.2228827959538975e-01,False,True ,True ,False,True ,False,True ,251.72485,+47.52354
1360405434740074496,NGC_6341_M_92, 0.8899219838733270, 1.0000000000000000, 8.8992198387332699e-01,False,True ,True ,True ,True ,False,True ,251.72131,+47.52342
1360405469097482624,NGC_6341_M_92, 0.0625232752580557, 1.0000000000000000, 6.2523275258055705e-02,False,True ,True ,False,False,False,True ,251.73839,+47.51339
1360405499164380032,NGC_6341_M_92, 0.6176241852199071, 1.0000000000000000, 6.1762418521990714e-01,False,True ,True ,True ,True ,False,True ,251.73343,+47.51744
1360405533524137216,NGC_6341_M_92, 0.9396634411705000, 1.0000000000000000, 9.3966344117050005e-01,False,True ,True ,True ,True ,False,True ,251.74307,+47.52157
1360405567883886720,NGC_6341_M_92, 0.9947421885979379, 1.0000000000000000, 9.9474218859793795e-01,False,True ,True ,True ,True ,False,True ,251.74790,+47.52167
1360405602243616640,NGC_6341_M_92, 0.9898632748950232, 1.0000000000000000, 9.8986327489502324e-01,False,True ,True ,True ,True ,False,True ,251.73788,+47.51984
1360405675260454656,NGC_6341_M_92, 0.9570408335513479, 1.0000000000000000, 9.5704083355134795e-01,False,True ,True ,True ,True ,False,True ,251.73936,+47.51125
1360407324528224512,NGC_6341_M_92, 0.9862356779874552, 1.0000000000000000, 9.8623567798745515e-01,False,True ,True ,True ,True ,False,True ,251.75448,+47.52059
1360408905076366208,NGC_6341_M_92, 0.9942958407079836, 1.0000000000000000, 9.9429584070798360e-01,False,True ,True ,True ,True ,False,True ,251.75862,+47.53518
6751341354098836224,NGC_6809_M_55, 0.9978226775711982, 1.0000000000000000, 9.9782267757119825e-01,False,True ,True ,True ,True ,False,True ,251.75636,+47.53253
6751343381323394304,NGC_6809_M_55, 0.9985172391092576, 1.0000000000000000, 9.9851723910925760e-01,False,True ,True ,True ,True ,False,True ,251.75876,+47.52095
6751343484402594816,NGC_6809_M_55, 0.9815536348895866, 1.0000000000000000, 9.8155363488958658e-01,False,True ,True ,True ,True ,False,True ,251.76154,+47.52511
6751389217214542848,NGC_6809_M_55, 0.9194230739261589, 1.0000000000000000, 9.1942307392615885e-01,False,True ,True ,True ,True ,False,True ,251.75608,+47.52222
6751389556513499648,NGC_6809_M_55, 0.9999596284088760, 1.0000000000000000, 9.9995962840887598e-01,False,True ,True ,True ,True ,False,True ,251.74938,+47.52973
6751390621665590400,NGC_6809_M_55, 0.9873660061984516, 1.0000000000000000, 9.8736600619845161e-01,False,True ,True ,False,True ,False,True ,251.75539,+47.53358
6751390930905553408,NGC_6809_M_55, 0.8574430421832560, 1.0000000000000000, 8.5744304218325595e-01,False,True ,True ,False,True ,False,True ,251.73027,+47.52527
6751395058370330368,NGC_6809_M_55, 0.5636809308364363, 1.0000000000000000, 5.6368093083643633e-01,False,True ,True ,True ,True ,False,True ,251.73767,+47.53711
6741562430819156096,Terzan_8, 0.9790492400361080, 0.0332252134465677, 3.2529119974899601e-02,False,True ,True ,True ,False,False,True ,251.73742,+47.53382
6741750619104783744,Terzan_8, 0.9941243371025982, 0.5817159770765935, 5.7829801009325876e-01,False,True ,True ,True ,True ,False,True ,251.73646,+47.52887
6741757010016180864,Terzan_8, 0.8773837810119512, 1.0000000000000000, 8.7738378101195125e-01,False,True ,True ,False,True ,False,True ,251.73579,+47.52813
1408588302010612352,NGC_6229, 0.9877610123421924, 0.9717249435584172, 9.5983201396742157e-01,False,True ,True ,True ,True ,False,True ,251.74267,+47.53365
1408588405088379136,NGC_6229, 0.9521031711569180, 1.0000000000000000, 9.5210317115691800e-01,False,True ,True ,True ,True ,False,True ,251.75046,+47.53970
1408588405089827072,NGC_6229, 0.9945323529617682, 1.0000000000000000, 9.9453235296176823e-01,False,True ,True ,True ,True ,False,True ,251.74530,+47.53664
1408588439448098560,NGC_6229, 0.7795043284442574, 1.0000000000000000, 7.7950432844425743e-01,False,True ,True ,True ,True ,False,True ,251.76263,+47.53907
1408588439448108544,NGC_6229, 0.9857862267418244, 1.0000000000000000, 9.8578622674182437e-01,False,True ,True ,True ,True ,False,True ,251.66407,+47.53866
1408588439448112128,NGC_6229, 0.9832018874795080, 1.0000000000000000, 9.8320188747950799e-01,False,True ,True ,True ,True ,False,True ,251.71506,+47.52875
1408588439450317184,NGC_6229, 0.9238295216013708, 1.0000000000000000, 9.2382952160137077e-01,False,True ,True ,True ,True ,False,True ,251.72813,+47.54347
1408588508167365248,NGC_6229, 0.9356655606478300, 1.0000000000000000, 9.3566556064783002e-01,False,True ,True ,True ,True ,False,True ,251.72971,+47.53637
1408588538232376576,NGC_6229, 0.9575172791218752, 0.9414403865306497, 9.0144543736627425e-01,False,True ,True ,True ,True ,False,True ,251.73634,+47.54332
1408588576887264768,NGC_6229, 0.7837853139423046, 1.0000000000000000, 7.8378531394230455e-01,False,True ,True ,True ,True ,False,True ,251.72855,+47.53805
1408588576887275776,NGC_6229, 0.9966196439090960, 1.0000000000000000, 9.9661964390909596e-01,False,True ,True ,True ,True ,False,True ,251.73231,+47.54760
1408588611246900352,NGC_6229, 0.0165052145921573, 1.0000000000000000, 1.6505214592157300e-02,False,True ,True ,True ,True ,False,True ,251.74425,+47.56148
1408588611246917760,NGC_6229, 0.9865069603136676, 1.0000000000000000, 9.8650696031366758e-01,False,True ,True ,True ,True ,False,True ,251.64182,+47.54052
1408588611248343296,NGC_6229, 0.3665967851097806, 1.0000000000000000, 3.6659678510978061e-01,False,True ,True ,True ,True ,False,True ,251.79297,+47.51056
1408588611248391296,NGC_6229, 0.0622926186440636, 1.0000000000000000, 6.2292618644063602e-02,False,True ,True ,True ,True ,False,True ,251.85132,+47.53593
1408588611248431232,NGC_6229, 0.9051537780896888, 1.0000000000000000, 9.0515377808968878e-01,False,True ,True ,True ,True ,False,True ,251.80213,+47.54470
1408588611248560896,NGC_6229, 0.9525252525061364, 1.0000000000000000, 9.5252525250613640e-01,False,True ,True ,True ,True ,False,True ,283.88274,-30.88663
1408588645606560896,NGC_6229, 0.9998058719961990, 1.0000000000000000, 9.9980587199619897e-01,False,True ,True ,True ,True ,False,True ,284.06886,-30.74964
1408588645606644096,NGC_6229, 0.7990658787429268, 1.0000000000000000, 7.9906587874292678e-01,False,True ,True ,True ,True ,False,True ,284.08234,-30.73507
1408588645607019776,NGC_6229, 0.7131547717725089, 1.0000000000000000, 7.1315477177250886e-01,False,True ,True ,False,True ,False,True ,283.98803,-30.65242
1408588645608072704,NGC_6229, 0.5275715725185208, 1.0000000000000000, 5.2757157251852083e-01,False,True ,True ,True ,True ,False,True ,283.80801,-30.71248
1408588645608073728,NGC_6229, 0.4950608257054837, 1.0000000000000000, 4.9506082570548371e-01,False,True ,True ,True ,True ,False,True ,283.74842,-30.71568
1408588645608151424,NGC_6229, 0.8434331530229529, 1.0000000000000000, 8.4343315302295285e-01,False,True ,True ,True ,True ,False,True ,283.80008,-30.62676
1408588645608258048,NGC_6229, 0.1882971846275449, 1.0000000000000000, 1.8829718462754491e-01,False,True ,True ,True ,False,False,True ,283.92629,-30.64995
1408588645608303360,NGC_6229, 0.7860877239962872, 1.0000000000000000, 7.8608772399628724e-01,False,True ,True ,True ,True ,False,True ,283.84907,-30.57908
1408588679966467200,NGC_6229, 0.2999030281280355, 1.0000000000000000, 2.9990302812803549e-01,False,True ,True ,True ,True ,False,True ,283.85460,-30.57212
1408588679966482816,NGC_6229, 0.2679787837401062, 1.0000000000000000, 2.6797878374010620e-01,False,True ,True ,False,False,False,True ,283.51748,-30.81733
1408588679967878656,NGC_6229, 0.7640461612568452, 1.0000000000000000, 7.6404616125684521e-01,False,True ,True ,True ,True ,False,True ,283.61140,-30.69637
1408588679967903360,NGC_6229, 0.0802251161068636, 1.0000000000000000, 8.0225116106863600e-02,False,True ,True ,True ,True ,False,True ,283.72486,-30.55687
1408588679967929984,NGC_6229, 0.0028331113016150, 1.0000000000000000, 2.8331113016150000e-03,False,True ,True ,False,True ,False,True ,283.69198,-30.54790
1408588679967956608,NGC_6229, 0.9920467897006484, 1.0000000000000000, 9.9204678970064841e-01,False,True ,True ,True ,True ,False,True ,283.69842,-30.55130
1408588714326180096,NGC_6229, 0.4713344037169819, 1.0000000000000000, 4.7133440371698188e-01,False,True ,True ,True ,True ,False,True ,283.84714,-30.51789
1408588714327737728,NGC_6229, 0.8888644272512995, 1.0000000000000000, 8.8886442725129955e-01,False,True ,True ,True ,True ,False,True ,283.83073,-30.52874
1408588714327778944,NGC_6229, 0.9052129194232372, 1.0000000000000000, 9.0521291942323723e-01,False,True ,True ,True ,True ,False,True ,283.80271,-30.51666
1408600190480103040,NGC_6229, 0.9991611414420384, 0.2924207382665219, 2.9217543862770162e-01,False,True ,True ,True ,True ,False,True ,283.84654,-30.48916
1408600327919366528,NGC_6229, 0.9188334630590904, 1.0000000000000000, 9.1883346305909042e-01,False,True ,True ,True ,True ,False,True ,283.78107,-30.52328
1408600426702109568,NGC_6229, 0.9984158046236390, 1.0000000000000000, 9.9841580462363899e-01,False,True ,True ,False,True ,False,True ,283.74735,-30.52199
1408600430997022976,NGC_6229, 0.9473483840130340, 1.0000000000000000, 9.4734838401303401e-01,False,True ,True ,True ,True ,False,True ,283.73448,-30.51711
1408600430998578560,NGC_6229, 0.9622060813230456, 1.0000000000000000, 9.6220608132304564e-01,False,True ,True ,True ,True ,False,True ,283.72966,-30.51796
1408600430998579200,NGC_6229, 0.4787023218441819, 1.0000000000000000, 4.7870232184418188e-01,False,True ,True ,True ,True ,False,True ,283.73236,-30.49849
1408600430998582400,NGC_6229, 0.9524986546556112, 1.0000000000000000, 9.5249865465561123e-01,False,True ,True ,True ,True ,False,True ,283.75374,-30.51622
1408600534077798144,NGC_6229, 0.9935316141294428, 0.7927460397100425, 7.8761825242784178e-01,False,True ,True ,True ,True ,False,True ,283.75850,-30.50454
1408600976457691648,NGC_6229, 0.9752173279011594, 0.1340250846466107, 1.3070358492079440e-01,False,True ,True ,True ,True ,False,True ,283.74828,-30.51024
1408611078220751232,NGC_6229, 0.9966518428595702, 0.6954876674431629, 6.9315906544333228e-01,False,True ,True ,True ,True ,False,True ,283.77016,-30.49607
1408611254315908480,NGC_6229, 0.9822747706986156, 0.1377697815962311, 1.3532778062663631e-01,False,True ,True ,True ,False,False,True ,283.76568,-30.49178
1408611941510678656,NGC_6229, 0.9908947091924378, 0.6478745579751994, 6.4197547171801450e-01,False,True ,True ,True ,True ,False,True ,283.80364,-30.50799
6760351572712253440,NGC_6715_M_54, 0.9635010278836136, 0.0011305509970292, 1.0892870477124999e-03,False,True ,True ,True ,False,False,True ,283.78913,-30.50730
6760359990848368768,NGC_6715_M_54, 0.9522242112191864, 0.0022776643676762, 2.1688471559325002e-03,False,True ,True ,True ,False,False,True ,283.80539,-30.49629
6760360098220053376,NGC_6715_M_54, 0.9666266362538180, 0.0023410582884805, 2.2629292986679999e-03,False,True ,True ,True ,False,False,True ,283.79431,-30.49204
6760408476742720512,NGC_6715_M_54, 0.9660246869318344, 0.0185532534753448, 1.7922900880086901e-02,False,True ,True ,True ,False,False,True ,283.77554,-30.48357
6760409267035041280,NGC_6715_M_54, 0.8384114900463864, 0.0296151408301340, 2.4829674351326200e-02,False,True ,True ,True ,False,False,True ,283.78833,-30.48205
6760409984267770112,NGC_6715_M_54, 0.9888401979520484, 0.0295797461342462, 2.9249642022759301e-02,False,True ,True ,True ,False,False,True ,283.77542,-30.46359
6760410911979534208,NGC_6715_M_54, 0.9939131880648926, 0.1347373128040385, 1.3391719212035860e-01,False,True ,True ,True ,True ,False,True ,283.80530,-30.46378
6760411186858761984,NGC_6715_M_54, 0.8564647316155493, 0.0375823580772735, 3.2187964224131498e-02,False,True ,True ,True ,False,False,True ,283.79090,-30.45882
6760412561247073152,NGC_6715_M_54, 0.9955744221745680, 0.2127877741740669, 2.1184606531915909e-01,False,True ,True ,True ,True ,False,True ,283.63180,-30.49487
6760412939204216448,NGC_6715_M_54, 0.9576267734876434, 0.2218154405589699, 2.1241640465222650e-01,False,True ,True ,True ,True ,False,True ,283.70387,-30.49602
6760413592037584512,NGC_6715_M_54, 0.9202575475296838, 0.0016409065890893, 1.5100566734005999e-03,False,True ,True ,True ,False,False,True ,283.73004,-30.48591
6760416684414256640,NGC_6715_M_54, 0.8424481028636990, 0.0216484408763761, 1.8237687946260000e-02,False,True ,True ,True ,False,False,True ,283.73240,-30.48608
6760423865601048960,NGC_6715_M_54, 0.9885838588601422, 0.4368297622076678, 4.3184285198821448e-01,False,True ,True ,True ,True ,False,True ,283.72952,-30.49188
6760424037398555136,NGC_6715_M_54, 0.0706067033297777, 0.3760997480029757, 2.6555163329650199e-02,False,True ,True ,True ,True ,False,True ,283.72179,-30.46697
6760424037399750784,NGC_6715_M_54, 0.9128295123495868, 0.3836575734731746, 3.5021395570274377e-01,False,True ,True ,True ,True ,False,True ,283.71506,-30.46591
6760424965112754816,NGC_6715_M_54, 0.9988616274077724, 0.4463179046506805, 4.4580982858060569e-01,False,True ,True ,True ,True ,False,True ,283.70638,-30.46228
6760425038155061760,NGC_6715_M_54, 0.9013877918710504, 0.4969670816361756, 4.4796006034863239e-01,False,True ,True ,True ,True ,False,True ,283.76236,-30.46453
6760425106874572544,NGC_6715_M_54, 0.9153957915213480, 0.7921661007380560, 7.2514551480149270e-01,False,True ,True ,True ,True ,False,True ,283.73382,-30.45397
6760425274349236224,NGC_6715_M_54, 0.6285676170115684, 0.5256204099085555, 3.3038796850886448e-01,False,True ,True ,True ,True ,False,True ,283.75433,-30.45322
6760425446149080960,NGC_6715_M_54, 0.8931360166193775, 0.8557629270286100, 7.6431269181687178e-01,False,True ,True ,True ,True ,False,True ,283.74980,-30.45036
6760425617946568064,NGC_6715_M_54, 0.9791806059489188, 0.8812210097440807, 8.6287452229612693e-01,False,True ,True ,True ,True ,False,True ,283.78602,-30.43414
6760425622258105984,NGC_6715_M_54, 0.9860497177674464, 0.8698377911364705, 8.5770330845357590e-01,False,True ,True ,True ,True ,False,True ,283.75915,-30.42957
6760425656614021376,NGC_6715_M_54, 0.8569576097011287, 0.8221059173618269, 7.0450992186354477e-01,False,True ,True ,True ,True ,False,True ,283.71481,-30.42994
6760425690990534400,NGC_6715_M_54, 0.9117579305043558, 1.0000000000000000, 9.1175793050435583e-01,False,True ,True ,True ,True ,False,True ,283.73298,-30.42127
6760425721038475776,NGC_6715_M_54, 0.7395729626323517, 0.9990702830447500, 7.3888536910934799e-01,False,True ,True ,True ,True ,False,True ,283.74548,-30.39311
6760425725332972800,NGC_6715_M_54, 0.8522308695529056, 1.0000000000000000, 8.5223086955290561e-01,False,True ,True ,True ,True ,False,True ,283.72433,-30.39046
6760425725333408256,NGC_6715_M_54, 0.5340908229662309, 1.0000000000000000, 5.3409082296623089e-01,False,True ,True ,True ,True ,False,True ,283.98736,-30.60101
6760425759692667520,NGC_6715_M_54, 0.6912207577965547, 1.0000000000000000, 6.9122075779655467e-01,False,True ,True ,True ,True ,False,True ,284.03416,-30.55582
6760425759693156864,NGC_6715_M_54, 0.1467496150875634, 1.0000000000000000, 1.4674961508756340e-01,False,True ,True ,True ,True ,False,True ,284.12292,-30.52238
6760425862771534848,NGC_6715_M_54, 0.8607677353369652, 0.8701355168265708, 7.4898457825506704e-01,False,True ,True ,True ,True ,False,True ,283.98801,-30.57182
6760425862771609216,NGC_6715_M_54, 0.9237416666861742, 1.0000000000000000, 9.2374166668617419e-01,False,True ,True ,True ,True ,False,True ,284.00451,-30.55231
6760425892824515840,NGC_6715_M_54, 0.9781868194229810, 0.9474858340359764, 9.2681815444398241e-01,False,True ,True ,True ,True ,False,True ,283.92431,-30.51114
6760425965850889472,NGC_6715_M_54, 0.8453073856561826, 1.0000000000000000, 8.4530738565618257e-01,False,True ,True ,True ,True ,False,True ,284.05984,-30.49783
6760426137650219776,NGC_6715_M_54, 0.0532402841168478, 1.0000000000000000, 5.3240284116847801e-02,False,True ,True ,True ,True ,False,True ,284.01146,-30.42390
6760426172009452416,NGC_6715_M_54, 0.0443705581968186, 1.0000000000000000, 4.4370558196818601e-02,False,True ,True ,True ,True ,False,True ,284.19046,-30.41951
6760426240729637376,NGC_6715_M_54, 0.6235344737128969, 1.0000000000000000, 6.2353447371289694e-01,False,True ,True ,True ,True ,False,True ,283.87804,-30.42531
6760426275088701184,NGC_6715_M_54, 0.5999867567024961, 0.9492459163117009, 5.6953497864094638e-01,False,True ,True ,True ,True ,False,True ,283.97616,-30.37959
6760426343808778240,NGC_6715_M_54, 0.8978737317492451, 1.0000000000000000, 8.9787373174924512e-01,False,True ,True ,True ,True ,False,True ,283.89150,-30.34492
6760428091850231552,NGC_6715_M_54, 0.9934073412518452, 0.2437394871148711, 2.4213259585287250e-01,False,True ,True ,True ,True ,False,True ,283.79257,-30.41069
6760428675964543232,NGC_6715_M_54, 0.9473361979858144, 0.7292804879321927, 6.9087380470292303e-01,False,True ,True ,True ,True ,False,True ,283.87454,-30.27875
6760428744690894976,NGC_6715_M_54, 0.0210805628381566, 1.0000000000000000, 2.1080562838156600e-02,False,True ,True ,True ,True ,False,True ,284.09314,-30.17881
6760428748990779136,NGC_6715_M_54, 0.2875490393857588, 1.0000000000000000, 2.8754903938575882e-01,False,True ,True ,True ,True ,False,True ,283.99671,-30.18800
6760428749007267456,NGC_6715_M_54, 0.9078497987753296, 1.0000000000000000, 9.0784979877532956e-01,False,True ,True ,True ,True ,False,True ,284.01742,-30.15156
6760428817710499840,NGC_6715_M_54, 0.5019398523608563, 0.9613173440769408, 4.8252348575791010e-01,False,True ,True ,True ,True ,False,True ,284.00807,-30.15217
6760429023868977024,NGC_6715_M_54, 0.8764946851606908, 0.8653411657297224, 7.5846693261285825e-01,False,True ,True ,True ,True ,False,True ,284.09064,-30.70570
6760429023869044224,NGC_6715_M_54, 0.9364716295286668, 0.7455134775926652, 6.9815222119678633e-01,False,True ,True ,True ,True ,False,True ,283.76918,-30.84737
6760429161324000128,NGC_6715_M_54, 0.3043708323067483, 1.0000000000000000, 3.0437083230674827e-01,False,True ,True ,True ,True ,False,True ,283.68153,-30.85414
6760429230027368704,NGC_6715_M_54, 0.9779781638019056, 0.9958656661821418, 9.7393487560617242e-01,False,True ,True ,True ,True ,False,True ,283.61552,-30.82639
6760429230028172928,NGC_6715_M_54, 0.9937560501857357, 1.0000000000000000, 9.9375605018573565e-01,False,True ,True ,True ,True ,False,True ,283.72850,-30.78202
6760429230028178048,NGC_6715_M_54, 0.9209178199982940, 1.0000000000000000, 9.2091781999829403e-01,False,True ,True ,True ,True ,False,True ,283.93646,-30.74977
6760429328799676800,NGC_6715_M_54, 0.9214115832746380, 0.7953466840817084, 7.3284164743196012e-01,False,True ,True ,True ,True ,False,True ,283.96500,-30.71606
6760429367466316416,NGC_6715_M_54, 0.9826513075709196, 0.7830624515129515, 7.6947734188889172e-01,False,True ,True ,True ,True ,False,True ,274.57769,-52.30961
6760429504905505920,NGC_6715_M_54, 0.9777061705279066, 0.5948779386728044, 5.8161583135132244e-01,False,True ,True ,True ,True ,False,True ,274.64918,-52.24230
6760429539265197184,NGC_6715_M_54, 0.9126021126612948, 0.6093858104984710, 5.5612677808672006e-01,False,True ,True ,True ,True ,False,True ,274.64349,-52.23199
6760430432634547456,NGC_6715_M_54, 0.9047402680326913, 0.4007225474354429, 3.6254982497348542e-01,False,True ,True ,True ,True ,False,True ,274.63394,-52.24527
6760430462677786752,NGC_6715_M_54, 0.7844439010565765, 0.3494575379594817, 2.7412983433056248e-01,False,True ,True ,True ,True ,False,True ,274.73177,-52.22647
6760432249375923840,NGC_6715_M_54, 0.6283729344328322, 0.0322252633565032, 2.0249483298196699e-02,False,True ,True ,True ,True ,False,True ,274.66955,-52.23482
6760432803457427840,NGC_6715_M_54, 0.9985070441803388, 0.0232136393973809, 2.3178982459347099e-02,False,True ,True ,True ,False,False,True ,274.67158,-52.22865
6760434310961577088,NGC_6715_M_54, 0.6643421470143049, 0.0068560593094781, 4.5547691617160999e-03,False,True ,True ,True ,False,False,True ,274.66426,-52.24219
6760435341753624960,NGC_6715_M_54, 0.9075403411447016, 0.0408716898871658, 3.7092707383358903e-02,False,True ,True ,True ,False,False,True ,274.66220,-52.23335
6760435444832882944,NGC_6715_M_54, 0.9320173072662946, 0.0366742538379447, 3.4181039308041797e-02,False,True ,True ,True ,False,False,True ,274.66970,-52.21794
6760436716143291136,NGC_6715_M_54, 0.8219249598373614, 0.1489851669616183, 1.2245462737129061e-01,False,True ,True ,True ,False,False,True ,274.67455,-52.22115
6760437472057556736,NGC_6715_M_54, 0.7514170533900946, 0.0190325319181044, 1.4301369052454899e-02,False,True ,True ,True ,False,False,True ,274.67336,-52.22291
6760438915165469824,NGC_6715_M_54, 0.9517911206735716, 0.0361169503897700, 3.4375792686791001e-02,False,True ,True ,True ,False,False,True ,274.66793,-52.22372
6760441114187248128,NGC_6715_M_54, 0.9043141986421618, 0.0023207624934760, 2.0986984745265001e-03,False,True ,True ,True ,False,False,True ,274.67501,-52.21629
6760449669764804992,NGC_6715_M_54, 0.9608330705093520, 0.2549519567263016, 2.4496627141369989e-01,False,True ,True ,True ,True ,False,True ,274.66852,-52.22461
6760451009795824768,NGC_6715_M_54, 0.8413248108141629, 0.0454027867277238, 3.8198490954137999e-02,False,True ,True ,True ,False,False,True ,274.65928,-52.22245
6760452044901764736,NGC_6715_M_54, 0.7314297310980467, 0.0862986580351339, 6.3121404240760196e-02,False,True ,True ,True ,False,False,True ,274.66083,-52.22413
6760452865220495744,NGC_6715_M_54, 0.8940287342689994, 0.5208006761920194, 4.6561076934239010e-01,False,True ,True ,True ,True ,False,True ,274.66649,-52.21916
6760455476559529856,NGC_6715_M_54, 0.9291982041335785, 0.0369157016694506, 3.4302003695584400e-02,False,True ,True ,True ,False,False,True ,274.70035,-52.20549
6760460802320318208,NGC_6715_M_54, 0.8712575727482545, 0.0011918267669669, 1.0383880961239000e-03,False,True ,True ,True ,False,False,True ,274.75562,-52.19871
6760462421542939904,NGC_6715_M_54, 0.5116747784906213, 0.0035152557549445, 1.7986677097491001e-03,False,True ,True ,True ,False,False,True ,274.73715,-52.18688
6760462623387546112,NGC_6715_M_54, 0.9633736262010990, 0.0017219089555706, 1.6588416745161999e-03,False,True ,True ,True ,False,False,True ,274.62034,-52.22697
6760462627701457920,NGC_6715_M_54, 0.9690393326951756, 0.0018834336472534, 1.8251212847101000e-03,False,True ,True ,True ,False,False,True ,274.62747,-52.22748
6760383806446500480,NGC_6715_M_54, 0.9590155224419256, 0.0029713436981342, 2.8495647290206999e-03,False,True ,True ,True ,False,False,True ,274.61715,-52.23525
6760399371412116096,NGC_6715_M_54, 0.7726760454317694, 0.0028844920489753, 2.2287779094816002e-03,False,True ,True ,True ,False,False,True ,274.60821,-52.24110
6760400810214849920,NGC_6715_M_54, 0.9481193900080296, 0.0022851032046159, 2.1665506564657998e-03,False,True ,True ,True ,False,False,True ,274.63713,-52.22178
6760401982757074304,NGC_6715_M_54, 0.7493420047238293, 0.0027960819003162, 2.0952216165550002e-03,False,True ,True ,True ,False,False,True ,274.64714,-52.21958
6760403116641879296,NGC_6715_M_54, 0.9525558430113338, 0.0089615216947512, 8.5363498526081008e-03,False,True ,True ,True ,True ,False,True ,274.62517,-52.21289
6760405483140673408,NGC_6715_M_54, 0.8445634172641928, 0.0079662967937027, 6.7280428430303001e-03,False,True ,True ,True ,False,False,True ,274.62793,-52.21937
6760407102353073152,NGC_6715_M_54, 0.9222981149522363, 0.0103112696693767, 9.5100645788303000e-03,False,True ,True ,True ,False,False,True ,274.63604,-52.20668
6701955277501739520,NGC_6584, 0.9611539702282760, 0.1417876015334327, 1.3627971614300360e-01,False,True ,True ,True ,True ,False,True ,274.57965,-52.21062
6701956480098922496,NGC_6584, 0.9872031185339843, 1.0000000000000000, 9.8720311853398435e-01,False,True ,True ,False,True ,False,True ,274.61937,-52.20851
6701956544523247872,NGC_6584, 0.9871308032786784, 1.0000000000000000, 9.8713080327867841e-01,False,True ,True ,True ,True ,False,True ,274.60417,-52.20972
6701956548814702080,NGC_6584, 0.9842429814918416, 1.0000000000000000, 9.8424298149184164e-01,False,True ,True ,True ,True ,False,True ,274.64338,-52.20217
6701957820124254464,NGC_6584, 0.9783506445830080, 1.0000000000000000, 9.7835064458300802e-01,False,True ,True ,True ,True ,False,True ,274.61143,-52.19867
6701957953272538496,NGC_6584, 0.9976533469608008, 1.0000000000000000, 9.9765334696080077e-01,False,True ,True ,True ,True ,False,True ,274.63788,-52.17097
6701957953272540160,NGC_6584, 0.9257253677642115, 1.0000000000000000, 9.2572536776421155e-01,False,True ,True ,True ,True ,False,True ,274.65825,-52.21397
6701957957563239808,NGC_6584, 0.9874418351929790, 1.0000000000000000, 9.8744183519297901e-01,False,True ,True ,True ,False,False,True ,274.67483,-52.20769
6701957957568898432,NGC_6584, 0.8908341017183470, 1.0000000000000000, 8.9083410171834698e-01,False,True ,True ,True ,True ,False,True ,274.68118,-52.20078
6701958021992015104,NGC_6584, 0.8933989456800634, 1.0000000000000000, 8.9339894568006339e-01,False,True ,True ,False,True ,False,True ,274.66061,-52.20586
6701958026282809344,NGC_6584, 0.0066535374396964, 1.0000000000000000, 6.6535374396964001e-03,False,True ,True ,True ,False,False,True ,274.67278,-52.19452
6701958026282811008,NGC_6584, 0.9728226741160064, 1.0000000000000000, 9.7282267411600643e-01,False,True ,True ,True ,False,False,True ,274.66625,-52.19890
6701958026282814720,NGC_6584, 0.8770888371351733, 1.0000000000000000, 8.7708883713517327e-01,False,True ,True ,True ,True ,False,True ,274.65432,-52.19351
6701958026282850816,NGC_6584, 0.5053732236253101, 1.0000000000000000, 5.0537322362531012e-01,False,True ,True ,True ,True ,False,True ,274.66587,-52.18921
6701958026288387712,NGC_6584, 0.8884014366958106, 1.0000000000000000, 8.8840143669581062e-01,False,True ,True ,False,True ,False,True ,274.66996,-52.17570
6701958026288397568,NGC_6584, 0.9162686489711428, 1.0000000000000000, 9.1626864897114280e-01,False,True ,True ,False,True ,False,True ,274.67848,-52.15887
6701958026288403200,NGC_6584, 0.9786697988947344, 1.0000000000000000, 9.7866979889473438e-01,False,True ,True ,True ,True ,False,True ,274.79683,-52.09782
6701958026288433152,NGC_6584, 0.6431186827114028, 1.0000000000000000, 6.4311868271140282e-01,False,True ,True ,True ,True ,False,True ,005.91906,-72.10000
6701958060648162304,NGC_6584, 0.9210968963197572, 1.0000000000000000, 9.2109689631975722e-01,False,True ,True ,False,True ,False,True ,015.88626,-70.88885
6701958129367580288,NGC_6584, 0.9897535397042893, 0.6125983551748131, 6.0632139045129663e-01,False,True ,True ,True ,True ,False,True ,015.91877,-70.85524
6701958198087121536,NGC_6584, 0.9383766098527172, 0.7354468002909086, 6.9012607518401115e-01,False,True ,True ,True ,True ,False,True ,015.78203,-70.88041
6701959465095442304,NGC_6584, 0.8856793036049204, 1.0000000000000000, 8.8567930360492042e-01,False,True ,True ,True ,True ,False,True ,015.78841,-70.86695
6701959465101003776,NGC_6584, 0.8684403856870569, 1.0000000000000000, 8.6844038568705695e-01,False,True ,True ,True ,True ,False,True ,015.82251,-70.84382
6701959469396175232,NGC_6584, 0.9970868952656018, 1.0000000000000000, 9.9708689526560179e-01,False,True ,True ,False,True ,False,True ,015.84602,-70.84323
6701959469396175616,NGC_6584, 0.9201106035755736, 1.0000000000000000, 9.2011060357557362e-01,False,True ,True ,False,True ,False,True ,015.88080,-70.84496
6701959503751670912,NGC_6584, 0.9813810490707480, 1.0000000000000000, 9.8138104907074797e-01,False,True ,True ,True ,True ,False,True ,015.85116,-70.84544
6701959503757329536,NGC_6584, 0.9947756986941584, 1.0000000000000000, 9.9477569869415838e-01,False,True ,True ,True ,True ,False,True ,256.26308,-22.65947
6701959538117118080,NGC_6584, 0.9786243633874344, 1.0000000000000000, 9.7862436338743441e-01,False,True ,True ,True ,True ,False,True ,256.31678,-22.63574
6701959568180219264,NGC_6584, 0.9337670216666434, 1.0000000000000000, 9.3376702166664338e-01,False,True ,True ,True ,True ,False,True ,189.65114,-51.19084
6701959572471272320,NGC_6584, 0.9774832158336708, 1.0000000000000000, 9.7748321583367082e-01,False,True ,True ,True ,False,False,True ,189.68702,-51.19634
6701959709915830528,NGC_6584, 0.9891736323522660, 1.0000000000000000, 9.8917363235226596e-01,False,True ,True ,True ,True ,False,True ,189.72040,-51.16350
6701959744270001024,NGC_6584, 0.1699829601402738, 1.0000000000000000, 1.6998296014027381e-01,False,True ,True ,True ,True ,False,True ,189.61563,-51.19061
6701959744275755520,NGC_6584, 0.9927182295057468, 1.0000000000000000, 9.9271822950574684e-01,False,True ,True ,True ,True ,False,True ,189.65112,-51.16954
6701959778635286528,NGC_6584, 0.9994059959643250, 1.0000000000000000, 9.9940599596432500e-01,False,True ,True ,True ,True ,False,True ,189.66769,-51.15703
6701959812995043456,NGC_6584, 0.9820081954776120, 1.0000000000000000, 9.8200819547761198e-01,False,True ,True ,True ,True ,False,True ,189.66321,-51.15890
6701960603269034240,NGC_6584, 0.9881086526089116, 1.0000000000000000, 9.8810865260891156e-01,False,True ,True ,True ,True ,False,True ,189.68444,-51.15581
6701960981226047872,NGC_6584, 0.9988904740007304, 1.0000000000000000, 9.9889047400073039e-01,False,True ,True ,True ,True ,False,True ,189.66933,-51.16091
6701960981226075648,NGC_6584, 0.9415364833554222, 1.0000000000000000, 9.4153648335542217e-01,False,True ,True ,True ,False,False,True ,189.69289,-51.14289
6701961015580160896,NGC_6584, 0.9553053640533689, 1.0000000000000000, 9.5530536405336886e-01,False,True ,True ,True ,True ,False,True ,189.62855,-51.14335
6701961045648985856,NGC_6584, 0.6881906721921829, 1.0000000000000000, 6.8819067219218288e-01,False,True ,True ,True ,True ,False,True ,189.73905,-51.09002
6701961045649009536,NGC_6584, 0.9925636947240808, 1.0000000000000000, 9.9256369472408079e-01,False,True ,True ,True ,True ,False,True ,189.60134,-51.08303
6701961049939972480,NGC_6584, 0.9876354961467492, 1.0000000000000000, 9.8763549614674917e-01,False,True ,True ,True ,True ,False,True ,264.11559,-44.75384
6701961251802026368,NGC_6584, 0.9861493881116244, 1.0000000000000000, 9.8614938811162445e-01,False,True ,True ,True ,True ,False,True ,264.09533,-44.74019
6701961256098471808,NGC_6584, 0.9478557157726600, 1.0000000000000000, 9.4785571577266003e-01,False,True ,True ,True ,False,False,True ,264.11994,-44.70870
6701961324823528704,NGC_6584, 0.9607860060953796, 1.0000000000000000, 9.6078600609537956e-01,False,True ,True ,False,True ,False,True ,264.09767,-44.69739
6701962115097518976,NGC_6584, 0.9860071372723564, 0.7150196752249136, 7.0501450306192703e-01,False,True ,True ,True ,True ,False,True ,206.61430,-51.42639
6701962664852282368,NGC_6584, 0.9887665087242042, 0.0344984113661240, 3.4110873763013798e-02,False,True ,True ,True ,True ,False,True ,206.63901,-51.39048
4689637956899105792,NGC_104_47Tuc, 0.3404600917807344, 1.0000000000000000, 3.4046009178073439e-01,False,True ,True ,True ,True ,False,True ,206.66185,-51.36505
4690838593505263232,NGC_362, 0.9668867649196828, 1.0000000000000000, 9.6688676491968284e-01,False,True ,True ,True ,True ,False,True ,206.57342,-51.39708
4690839555580194944,NGC_362, 0.3100856848150135, 1.0000000000000000, 3.1008568481501347e-01,False,True ,True ,True ,True ,False,True ,206.57997,-51.39443
4690839585638779392,NGC_362, 0.9694959029661452, 1.0000000000000000, 9.6949590296614518e-01,False,True ,True ,True ,True ,False,True ,206.53751,-51.37618
4690839589937561344,NGC_362, 0.7757439460122252, 1.0000000000000000, 7.7574394601222518e-01,False,True ,True ,True ,False,False,True ,206.60882,-51.39116
4690839693015881728,NGC_362, 0.3322209685808335, 1.0000000000000000, 3.3222096858083350e-01,False,True ,True ,True ,True ,False,True ,206.60976,-51.38895
4690839693016036736,NGC_362, 0.0079754352733745, 1.0000000000000000, 7.9754352733744996e-03,False,True ,True ,True ,False,False,True ,206.60607,-51.37970
4690839727376011264,NGC_362, 0.8986171428133363, 1.0000000000000000, 8.9861714281333627e-01,False,True ,True ,True ,True ,False,True ,206.59363,-51.37709
4690839796095664000,NGC_362, 0.9004971065823112, 1.0000000000000000, 9.0049710658231119e-01,False,True ,True ,True ,True ,False,True ,206.60021,-51.38069
4113953287973246720,NGC_6287, 0.8716347108044212, 0.8251588498708744, 7.1923709547490844e-01,False,True ,True ,True ,False,False,True ,206.58847,-51.33404
4113959236525234944,NGC_6287, 0.9931398235196084, 0.3383195720542932, 3.3599864008323022e-01,False,True ,True ,True ,False,False,True ,206.69280,-51.17083
6078933540665840000,Rup_106, 0.9993421963976060, 0.5209744989878877, 5.2063180008569798e-01,False,True ,True ,True ,True ,False,True ,206.82433,-51.23163
6078933570723533056,Rup_106, 0.9658702348565700, 0.4093505963340215, 3.9537955661981827e-01,False,True ,True ,True ,True ,False,True ,272.57443,-31.81536
6078935155573566208,Rup_106, 0.8569989766151267, 0.7617584595453848, 6.5282622025831016e-01,False,True ,True ,False,True ,False,True ,272.56615,-31.77818
6078980506126159232,Rup_106, 0.9948763825207628, 0.2777182795131159, 2.7629535728189880e-01,False,True ,True ,True ,True ,False,True ,272.56755,-31.76175
6078980544779905920,Rup_106, 0.9205609161240006, 1.0000000000000000, 9.2056091612400059e-01,False,True ,True ,True ,True ,False,True ,272.58177,-31.76832
6078980643563903488,Rup_106, 0.6891777693001593, 1.0000000000000000, 6.8917776930015928e-01,False,True ,True ,True ,True ,False,True ,273.44101,-31.87122
6078980647868865920,Rup_106, 0.9830262248786924, 1.0000000000000000, 9.8302622487869240e-01,False,True ,True ,True ,True ,False,True ,273.42140,-31.84409
6078980647868870784,Rup_106, 0.7594923689379605, 1.0000000000000000, 7.5949236893796046e-01,False,True ,True ,True ,True ,False,True ,273.41337,-31.84626
6078980647869267072,Rup_106, 0.9959949877668256, 1.0000000000000000, 9.9599498776682560e-01,False,True ,True ,True ,True ,False,True ,273.36799,-31.84228
6078980682219008640,Rup_106, 0.9169452293196068, 1.0000000000000000, 9.1694522931960676e-01,False,True ,True ,True ,False,False,True ,273.37825,-31.83331
6078981571278192896,Rup_106, 0.9903660145206820, 1.0000000000000000, 9.9036601452068196e-01,False,True ,True ,True ,True ,False,True ,273.41083,-31.83638
6078983220545773440,Rup_106, 0.4855692695494190, 0.0736005939725376, 3.5738186653648397e-02,False,True ,True ,True ,True ,False,True ,273.40779,-31.82790
6078984908476459904,Rup_106, 0.9835230326616412, 0.0721925867991176, 7.1003071904356896e-02,False,True ,True ,True ,True ,False,True ,273.41006,-31.81443
5955269062743532544,NGC_6388, 0.5217058645175838, 1.0000000000000000, 5.2170586451758383e-01,False,True ,True ,True ,True ,False,True ,273.38222,-31.81887
5955269131440230656,NGC_6388, 0.0155498172293958, 1.0000000000000000, 1.5549817229395800e-02,False,True ,True ,True ,True ,False,True ,273.37797,-31.81983
5955270673318207488,NGC_6388, 0.0817315362977261, 1.0000000000000000, 8.1731536297726101e-02,False,True ,True ,True ,True ,False,True ,273.43635,-31.81029
5955270746354629248,NGC_6388, 0.7536948134902325, 1.0000000000000000, 7.5369481349023248e-01,False,True ,True ,True ,True ,False,True ,277.98816,-23.51982
6069336315985027840,NGC_5286, 0.9702827043769536, 0.8273917806320475, 8.0280393449092635e-01,False,True ,True ,True ,False,False,True ,277.99354,-23.49930
6069337003170665856,NGC_5286, 0.7026162152930406, 1.0000000000000000, 7.0261621529304064e-01,False,True ,True ,True ,False,False,True ,278.00817,-23.47270
6069337140609918464,NGC_5286, 0.9081356465199908, 1.0000000000000000, 9.0813564651999079e-01,False,True ,True ,True ,False,False,True ,277.95128,-23.51672
6069383590685758720,NGC_5286, 0.9362107111434080, 1.0000000000000000, 9.3621071114340804e-01,False,True ,True ,True ,False,False,True ,277.98077,-23.49091
6069383594986247936,NGC_5286, 0.9887980652390266, 1.0000000000000000, 9.8879806523902658e-01,False,True ,True ,True ,False,False,True ,277.97320,-23.48774
6069383835505001216,NGC_5286, 0.9773871855746862, 0.9840640112655316, 9.6181155439615418e-01,False,True ,True ,True ,False,False,True ,277.98118,-23.48468
6069383904213235968,NGC_5286, 0.4893660420558660, 1.0000000000000000, 4.8936604205586598e-01,False,True ,True ,False,False,False,True ,277.96756,-23.47308
6069383904224267392,NGC_5286, 0.4332830706180625, 1.0000000000000000, 4.3328307061806248e-01,False,True ,True ,True ,False,False,True ,277.96995,-23.47073
6069383904224449152,NGC_5286, 0.7646160231627226, 1.0000000000000000, 7.6461602316272259e-01,False,True ,True ,False,False,False,True ,277.97945,-23.47705
6069383968642897024,NGC_5286, 0.5018519954533676, 1.0000000000000000, 5.0185199545336756e-01,False,True ,True ,False,False,False,True ,277.97501,-23.47072
6069383972943627392,NGC_5286, 0.0952621106642096, 1.0000000000000000, 9.5262110664209601e-02,False,True ,True ,False,False,False,True ,277.95675,-23.47411
6069385033794781568,NGC_5286, 0.9953639831870484, 1.0000000000000000, 9.9536398318704844e-01,False,True ,True ,True ,False,False,True ,277.96403,-23.46098
6069390604375242752,NGC_5286, 0.0056323992363995, 0.0109250365764484, 6.1534167670825721e-05,False,True ,True ,True ,False,False,True ,279.08725,-23.94096
6069409807162410496,NGC_5286, 0.9921256041621296, 0.0147867935564426, 1.4670356490806301e-02,False,True ,True ,False,False,False,True ,278.99636,-23.95374
4048860692161845760,NGC_6558, 0.8901593481693952, 0.0983449326059393, 8.7542661104266103e-02,False,True ,True ,True ,True ,False,True ,279.06171,-23.94254
4048863814514496384,NGC_6558, 0.7877277697223337, 1.0000000000000000, 7.8772776972233371e-01,False,True ,True ,True ,True ,False,True ,279.07608,-23.93436
4048864055040290176,NGC_6558, 0.9538701362872892, 1.0000000000000000, 9.5387013628728923e-01,False,True ,True ,True ,True ,False,True ,279.06624,-23.93533
4048864226982967168,NGC_6558, 0.0796716207324921, 1.0000000000000000, 7.9671620732492093e-02,False,True ,True ,True ,True ,False,True ,278.86808,-23.75832
4048883055972296576,NGC_6569, 0.1484592147260284, 0.6143471232729890, 9.1205491490302507e-02,False,True ,True ,True ,False,False,True ,264.82901,-03.20123
4048883335141722752,NGC_6569, 0.1035573358654671, 1.0000000000000000, 1.0355733586546710e-01,False,True ,True ,True ,False,False,True ,264.39400,-03.33271
4048883335141758336,NGC_6569, 0.4009956587274522, 1.0000000000000000, 4.0099565872745219e-01,False,True ,True ,True ,True ,False,True ,264.38752,-03.30267
4048895017564974336,NGC_6569, 0.9234237169129300, 0.9833319604325556, 9.0803205386190855e-01,False,True ,True ,True ,True ,False,True ,264.38275,-03.29687
4048895047521006848,NGC_6569, 0.2485707375379312, 1.0000000000000000, 2.4857073753793121e-01,False,True ,True ,True ,False,False,True ,264.66055,-03.32069
4048895086183772160,NGC_6569, 0.5296636888634136, 1.0000000000000000, 5.2966368886341364e-01,False,True ,True ,True ,False,False,True ,264.45853,-03.34147
4048895120687631616,NGC_6569, 0.7119209052705024, 1.0000000000000000, 7.1192090527050245e-01,False,True ,True ,True ,True ,False,True ,264.46379,-03.29461
4048895189265279872,NGC_6569, 0.1782183328615545, 1.0000000000000000, 1.7821833286155450e-01,False,True ,True ,True ,False,False,True ,264.40364,-03.30418
4048895356758102656,NGC_6569, 0.8935872385107813, 1.0000000000000000, 8.9358723851078126e-01,False,True ,True ,True ,False,False,True ,264.42056,-03.28312
4048895361062001152,NGC_6569, 0.7804774821046424, 1.0000000000000000, 7.8047748210464241e-01,False,True ,True ,True ,True ,False,True ,264.43854,-03.27762
4048896632374202368,NGC_6569, 0.6873785456606918, 1.0000000000000000, 6.8737854566069179e-01,False,True ,True ,True ,True ,False,True ,264.40920,-03.28970
4077767883617441152,NGC_6642, 0.7488205719557048, 0.1668578481314274, 1.2494658927307360e-01,False,True ,True ,True ,False,False,True ,264.39353,-03.27026
4077768055415452800,NGC_6642, 0.9647217558476796, 0.5824674558689477, 5.6191902675002192e-01,False,True ,True ,True ,True ,False,True ,264.41259,-03.27513
4077768463451820800,NGC_6642, 0.8738367992705405, 0.5600434764787183, 4.8938659893850939e-01,False,True ,True ,True ,True ,False,True ,264.42628,-03.26381
4077768669608039552,NGC_6642, 0.9006199574997465, 0.1913464414616820, 1.7233042397694781e-01,False,True ,True ,True ,True ,False,True ,264.43320,-03.27005
4077768806977618304,NGC_6642, 0.9059269766397194, 1.0000000000000000, 9.0592697663971944e-01,False,True ,True ,True ,True ,False,True ,264.41856,-03.25198
4077768807047324800,NGC_6642, 0.6795746829924929, 1.0000000000000000, 6.7957468299249291e-01,False,True ,True ,True ,True ,False,True ,264.41729,-03.25025
4077768845689519360,NGC_6642, 0.9665317419740260, 1.0000000000000000, 9.6653174197402603e-01,False,True ,True ,True ,True ,False,True ,264.47444,-03.23795
4077768880049381632,NGC_6642, 0.3198616308003861, 1.0000000000000000, 3.1986163080038610e-01,False,True ,True ,True ,True ,False,True ,264.43507,-03.25933
4077768910128190080,NGC_6642, 0.0058949903082972, 1.0000000000000000, 5.8949903082972004e-03,False,True ,True ,True ,True ,False,True ,264.44327,-03.25659
4077768914409050368,NGC_6642, 0.1223028244322921, 1.0000000000000000, 1.2230282443229210e-01,False,True ,True ,True ,True ,False,True ,264.42209,-03.24918
4077768914409060224,NGC_6642, 0.5034892202748129, 1.0000000000000000, 5.0348922027481291e-01,False,True ,True ,True ,True ,False,True ,264.44589,-03.22552
4077769081862426368,NGC_6642, 0.2530913013074366, 1.0000000000000000, 2.5309130130743662e-01,False,True ,True ,True ,True ,False,True ,264.35172,-03.29149
4077769116215423104,NGC_6642, 0.0143660851119178, 1.0000000000000000, 1.4366085111917800e-02,False,True ,True ,True ,True ,False,True ,264.33715,-03.28907
4077493727234716928,NGC_6656_M_22, 0.6745072187910719, 1.0000000000000000, 6.7450721879107189e-01,False,True ,True ,True ,True ,False,True ,264.39108,-03.26950
4077494277061730048,NGC_6656_M_22, 0.4605188451477122, 0.5905028795360303, 2.7193770414033130e-01,False,True ,True ,False,True ,False,True ,264.36925,-03.25989
4077494375746153600,NGC_6656_M_22, 0.9920644119853552, 1.0000000000000000, 9.9206441198535522e-01,False,True ,True ,True ,True ,False,True ,264.36712,-03.25535
4077494478834899840,NGC_6656_M_22, 0.2959123632665936, 1.0000000000000000, 2.9591236326659359e-01,False,True ,True ,True ,True ,False,True ,264.39262,-03.26048
4077494547554369152,NGC_6656_M_22, 0.0674531825803683, 1.0000000000000000, 6.7453182580368296e-02,False,True ,True ,True ,True ,False,True ,264.39806,-03.25011
4077512242812406528,NGC_6656_M_22, 0.8582483941453330, 0.0686858006364487, 5.8949478096818601e-02,False,True ,True ,True ,True ,False,True ,264.39144,-03.25328
4368763595880876160,NGC_6402_M_14, 0.8174685206093031, 0.0016976768682934, 1.3877973979964000e-03,False,True ,True ,True ,False,False,True ,264.40300,-03.25404
4368922239094680192,NGC_6402_M_14, 0.9796859640374668, 0.6521826380377326, 6.3893417647449424e-01,False,True ,True ,True ,True ,False,True ,264.39967,-03.25763
4368922544031103488,NGC_6402_M_14, 0.9970776145294420, 1.0000000000000000, 9.9707761452944199e-01,False,True ,True ,True ,False,False,True ,264.40186,-03.25700
4368922548332388608,NGC_6402_M_14, 0.9846161388968988, 1.0000000000000000, 9.8461613889689881e-01,False,True ,True ,True ,False,False,True ,264.41384,-03.24606
4368925086651697920,NGC_6402_M_14, 0.0048561343676258, 0.0274533522619498, 1.3331716742570000e-04,False,True ,True ,True ,False,False,True ,264.41585,-03.24668
4368927118177484160,NGC_6402_M_14, 0.9883639425941650, 0.4240789051277719, 4.1914429864310149e-01,False,True ,True ,True ,True ,False,True ,264.40283,-03.24087
4368927564845363328,NGC_6402_M_14, 0.9523510737126306, 0.7133076952372255, 6.7931934944665362e-01,False,True ,True ,True ,False,False,True ,264.39225,-03.23784
4368928217689175808,NGC_6402_M_14, 0.9345714377105628, 1.0000000000000000, 9.3457143771056284e-01,False,True ,True ,True ,False,False,True ,264.36317,-03.24679
4368928355119482112,NGC_6402_M_14, 0.9118700032838704, 1.0000000000000000, 9.1187000328387036e-01,False,True ,True ,True ,False,False,True ,264.36259,-03.24228
4368928385186879744,NGC_6402_M_14, 0.9794853487232312, 1.0000000000000000, 9.7948534872323123e-01,False,True ,True ,True ,False,False,True ,264.35380,-03.24655
4368928453906335744,NGC_6402_M_14, 0.9351311919153998, 1.0000000000000000, 9.3513119191539984e-01,False,True ,True ,True ,False,False,True ,264.38147,-03.23869
4368928526927122560,NGC_6402_M_14, 0.3486562812741631, 1.0000000000000000, 3.4865628127416309e-01,False,True ,True ,True ,False,False,True ,264.37932,-03.24252
4368928556987458944,NGC_6402_M_14, 0.9862525568637900, 1.0000000000000000, 9.8625255686378999e-01,False,True ,True ,True ,False,False,True ,264.37617,-03.23853
4368928591347226368,NGC_6402_M_14, 0.5676295579112827, 1.0000000000000000, 5.6762955791128267e-01,False,True ,True ,False,False,False,True ,264.38803,-03.23437
4368928595637669376,NGC_6402_M_14, 0.9078801917624882, 1.0000000000000000, 9.0788019176248824e-01,False,True ,True ,True ,False,False,True ,264.37077,-03.22987
4368928660066686336,NGC_6402_M_14, 0.1173331964192113, 1.0000000000000000, 1.1733319641921131e-01,False,True ,True ,True ,False,False,True ,264.36329,-03.22160
4368928664365876096,NGC_6402_M_14, 0.2591579879987542, 1.0000000000000000, 2.5915798799875422e-01,False,True ,True ,True ,False,False,True ,264.42211,-03.23543
4368928934941995648,NGC_6402_M_14, 0.9876754112950500, 0.7582207526887669, 7.4887599376432012e-01,False,True ,True ,True ,False,False,True ,264.41953,-03.23970
4368928969304362240,NGC_6402_M_14, 0.9988438399725452, 1.0000000000000000, 9.9884383997254522e-01,False,True ,True ,True ,False,False,True ,264.42790,-03.23301
4368928973594819712,NGC_6402_M_14, 0.9937186648735908, 1.0000000000000000, 9.9371866487359084e-01,False,True ,True ,True ,False,False,True ,264.43395,-03.22888
4368929042323111168,NGC_6402_M_14, 0.6787264586864684, 1.0000000000000000, 6.7872645868646841e-01,False,True ,True ,True ,False,False,True ,264.41266,-03.23067
4368929179762147200,NGC_6402_M_14, 0.9596519312534688, 1.0000000000000000, 9.5965193125346882e-01,False,True ,True ,True ,False,False,True ,264.42053,-03.21963
4368934333722998272,NGC_6402_M_14, 0.9586391015534168, 0.9282001557628652, 8.8980896338225457e-01,False,True ,True ,True ,False,False,True ,264.42088,-03.21115
4368934402442559360,NGC_6402_M_14, 0.9900658684461936, 0.7847833721477092, 7.7698723088755395e-01,False,True ,True ,True ,False,False,True ,264.40056,-03.22517
4368940277949255296,NGC_6402_M_14, 0.9800071599249952, 1.0000000000000000, 9.8000715992499521e-01,False,True ,True ,True ,False,False,True ,264.40625,-03.21326
4368940346677298560,NGC_6402_M_14, 0.9606376521183864, 1.0000000000000000, 9.6063765211838636e-01,False,True ,True ,True ,False,False,True ,264.41013,-03.21639
4368940346677321984,NGC_6402_M_14, 0.7190944975443714, 1.0000000000000000, 7.1909449754437138e-01,False,True ,True ,True ,False,False,True ,264.41068,-03.20524
4368940381028681984,NGC_6402_M_14, 0.2466197448300398, 1.0000000000000000, 2.4661974483003979e-01,False,True ,True ,True ,False,False,True ,264.42549,-03.19883
4368940381028847616,NGC_6402_M_14, 0.3200493015909086, 1.0000000000000000, 3.2004930159090861e-01,False,True ,True ,True ,False,False,True ,264.36071,-03.21907
4368940381028946944,NGC_6402_M_14, 0.5725979544840167, 1.0000000000000000, 5.7259795448401674e-01,False,True ,True ,False,False,False,True ,264.35826,-03.21371
4368940381036720384,NGC_6402_M_14, 0.5990899425289222, 1.0000000000000000, 5.9908994252892223e-01,False,True ,True ,False,False,False,True ,264.36374,-03.20535
4368940381036725120,NGC_6402_M_14, 0.1583273540400555, 1.0000000000000000, 1.5832735404005549e-01,False,True ,True ,True ,False,False,True ,264.48437,-03.17095
4368940381036731264,NGC_6402_M_14, 0.7954111140714941, 1.0000000000000000, 7.9541111407149412e-01,False,True ,True ,False,False,False,True ,264.42154,-03.16804
4368940415396476672,NGC_6402_M_14, 0.9701339289472451, 1.0000000000000000, 9.7013392894724515e-01,False,True ,True ,True ,False,False,True ,264.16279,-02.86693
4368940415396488192,NGC_6402_M_14, 0.9982308441497082, 1.0000000000000000, 9.9823084414970820e-01,False,True ,True ,True ,False,False,True ,246.82995,-26.02309
4368940484115923072,NGC_6402_M_14, 0.0122908776392253, 1.0000000000000000, 1.2290877639225300e-02,False,True ,True ,True ,False,False,True ,308.55593,+07.35062
4368940484116198016,NGC_6402_M_14, 0.9963777755155180, 1.0000000000000000, 9.9637777551551798e-01,False,True ,True ,True ,False,False,True ,308.52363,+07.35373
4368940552828281728,NGC_6402_M_14, 0.9660261926270703, 1.0000000000000000, 9.6602619262707035e-01,False,True ,True ,False,False,False,True ,308.59099,+07.36551
4368940552835809792,NGC_6402_M_14, 0.7503897645595179, 1.0000000000000000, 7.5038976455951789e-01,False,True ,True ,True ,False,False,True ,308.58793,+07.37700
4368940552835817472,NGC_6402_M_14, 0.9897392935476448, 1.0000000000000000, 9.8973929354764478e-01,False,True ,True ,True ,False,False,True ,308.52679,+07.37487
4368940655907356416,NGC_6402_M_14, 0.3995053180467524, 1.0000000000000000, 3.9950531804675238e-01,False,True ,True ,True ,False,False,True ,308.48038,+07.35655
4368940655909925632,NGC_6402_M_14, 0.7816486059406011, 1.0000000000000000, 7.8164860594060115e-01,False,True ,True ,True ,False,False,True ,308.54529,+07.37973
4368940655909954560,NGC_6402_M_14, 0.8985868197403064, 1.0000000000000000, 8.9858681974030641e-01,False,True ,True ,True ,False,False,True ,308.55722,+07.39012
4368940690267052288,NGC_6402_M_14, 0.5896271133482556, 1.0000000000000000, 5.8962711334825557e-01,False,True ,True ,False,False,False,True ,308.55506,+07.39281
4368940720334746752,NGC_6402_M_14, 0.9722975540201102, 1.0000000000000000, 9.7229755402011020e-01,False,True ,True ,True ,False,False,True ,308.55078,+07.38949
4368940724634534656,NGC_6402_M_14, 0.9857457465471569, 1.0000000000000000, 9.8574574654715685e-01,False,True ,True ,True ,False,False,True ,308.55141,+07.39461
4368940789054338176,NGC_6402_M_14, 0.6975527889911071, 1.0000000000000000, 6.9755278899110706e-01,False,True ,True ,True ,False,False,True ,308.55033,+07.39478
4368940793345479552,NGC_6402_M_14, 0.8453012826624784, 1.0000000000000000, 8.4530128266247839e-01,False,True ,True ,True ,False,False,True ,308.53590,+07.40050
4368940827705196160,NGC_6402_M_14, 0.9804112582125828, 1.0000000000000000, 9.8041125821258279e-01,False,True ,True ,True ,False,False,True ,308.53834,+07.40221
4368940827713483008,NGC_6402_M_14, 0.9905729236476192, 1.0000000000000000, 9.9057292364761917e-01,False,True ,True ,True ,False,False,True ,308.54531,+07.39871
4368940862065350656,NGC_6402_M_14, 0.0360624900894401, 1.0000000000000000, 3.6062490089440097e-02,False,True ,True ,False,False,False,True ,308.53942,+07.39564
4368940896433088640,NGC_6402_M_14, 0.9709522289550000, 1.0000000000000000, 9.7095222895500000e-01,False,True ,True ,True ,False,False,True ,308.53870,+07.40002
4368940999512339712,NGC_6402_M_14, 0.7188801134022365, 1.0000000000000000, 7.1888011340223645e-01,False,True ,True ,True ,False,False,True ,308.53482,+07.39413
4368941068231801600,NGC_6402_M_14, 0.0351795974972712, 1.0000000000000000, 3.5179597497271203e-02,False,True ,True ,False,False,False,True ,308.54462,+07.39826
4368941098291950720,NGC_6402_M_14, 0.3448881521022604, 1.0000000000000000, 3.4488815210226043e-01,False,True ,True ,True ,False,False,True ,308.53870,+07.40215
4368941102583892224,NGC_6402_M_14, 0.9883132105299294, 1.0000000000000000, 9.8831321052992938e-01,False,True ,True ,True ,False,False,True ,308.54984,+07.39784
4368941102591606144,NGC_6402_M_14, 0.5709993403287199, 1.0000000000000000, 5.7099934032871991e-01,False,True ,True ,True ,False,False,True ,308.53517,+07.39661
4368941205663180672,NGC_6402_M_14, 0.9698088881082070, 1.0000000000000000, 9.6980888810820698e-01,False,True ,True ,False,False,False,True ,308.55547,+07.39387
4368941476248977024,NGC_6402_M_14, 0.8664764372710509, 1.0000000000000000, 8.6647643727105095e-01,False,True ,True ,True ,False,False,True ,308.56065,+07.40249
4368941510606264320,NGC_6402_M_14, 0.8532053443411141, 1.0000000000000000, 8.5320534434111406e-01,False,True ,True ,True ,False,False,True ,308.55184,+07.41271
4368941514908532864,NGC_6402_M_14, 0.9176547944424728, 1.0000000000000000, 9.1765479444247278e-01,False,True ,True ,True ,False,False,True ,308.54734,+07.40417
4368942683139430656,NGC_6402_M_14, 0.9622155656351804, 0.3949928002065542, 3.8006822067257329e-01,False,True ,True ,True ,True ,False,True ,308.55307,+07.41238
4368943542133083136,NGC_6402_M_14, 0.9820479129002838, 0.7035270471166677, 6.9089726828982312e-01,False,True ,True ,True ,True ,False,True ,308.55505,+07.40509
4369013356817448448,NGC_6402_M_14, 0.0095366059666918, 0.0015550122634829, 1.4829539230210805e-05,False,True ,True ,True ,False,False,True ,308.55070,+07.39964
6045834869114826496,NGC_6144, 0.9999867200881122, 1.0000000000000000, 9.9998672008811218e-01,False,True ,True ,True ,False,False,True ,308.55121,+07.39792
1748774794464859392,NGC_6934, 0.9798289703916560, 0.8035787232940261, 7.8736971307382708e-01,False,True ,True ,True ,True ,False,True ,308.55534,+07.40743
1748774824527357312,NGC_6934, 0.9970558182194982, 0.7600292123462767, 7.5779154818663763e-01,False,True ,True ,True ,True ,False,True ,308.55217,+07.40502
1748775099405304832,NGC_6934, 0.9985033883152720, 0.6843281297900765, 6.8330395631484453e-01,False,True ,True ,True ,True ,False,True ,308.55356,+07.40763
1748775309860925056,NGC_6934, 0.9892529816131380, 0.9486520029308452, 9.3845682241261397e-01,False,True ,True ,True ,True ,False,True ,308.54647,+07.40640
1748786609918172288,NGC_6934, 0.9867147905960324, 1.0000000000000000, 9.8671479059603240e-01,False,True ,True ,True ,True ,False,True ,308.55734,+07.40815
1748786712996838656,NGC_6934, 0.9847957765057178, 0.2975044392686150, 2.9298111528343390e-01,False,True ,True ,True ,True ,False,True ,308.54948,+07.39988
1748786987876642816,NGC_6934, 0.9816708118120892, 1.0000000000000000, 9.8167081181208915e-01,False,True ,True ,True ,True ,False,True ,308.55701,+07.40991
1748787026528579712,NGC_6934, 0.9239225822776318, 1.0000000000000000, 9.2392258227763180e-01,False,True ,True ,True ,False,False,True ,308.56100,+07.41504
1748787026528610304,NGC_6934, 0.3707163410609120, 1.0000000000000000, 3.7071634106091200e-01,False,True ,True ,True ,True ,False,True ,308.56478,+07.40989
1748787026528643968,NGC_6934, 0.9974167121917408, 1.0000000000000000, 9.9741671219174077e-01,False,True ,True ,True ,True ,False,True ,308.55789,+07.42078
1748787026528951936,NGC_6934, 0.9362198914506334, 1.0000000000000000, 9.3621989145063345e-01,False,True ,True ,True ,True ,False,True ,308.55610,+07.41893
1748787026531762560,NGC_6934, 0.9001864263990709, 1.0000000000000000, 9.0018642639907087e-01,False,True ,True ,True ,True ,False,True ,308.53378,+07.41166
1748787090955928320,NGC_6934, 0.9864617930870681, 1.0000000000000000, 9.8646179308706805e-01,False,True ,True ,True ,True ,False,True ,308.53718,+07.40401
1748787095248323968,NGC_6934, 0.9948398717657048, 1.0000000000000000, 9.9483987176570476e-01,False,True ,True ,False,True ,False,True ,308.54459,+07.41230
1748787095248377728,NGC_6934, 0.9283756061819368, 1.0000000000000000, 9.2837560618193682e-01,False,True ,True ,True ,True ,False,True ,308.54977,+07.41551
1748787095248523392,NGC_6934, 0.9937012524695094, 1.0000000000000000, 9.9370125246950936e-01,False,True ,True ,True ,False,False,True ,308.54418,+07.41880
1748787095248543360,NGC_6934, 0.9064088052789931, 1.0000000000000000, 9.0640880527899315e-01,False,True ,True ,True ,True ,False,True ,308.54351,+07.42217
1748787095248555136,NGC_6934, 0.9434755628672040, 1.0000000000000000, 9.4347556286720402e-01,False,True ,True ,True ,True ,False,True ,308.54908,+07.41430
1748787095251320192,NGC_6934, 0.8778564875439109, 1.0000000000000000, 8.7785648754391088e-01,False,True ,True ,True ,True ,False,True ,308.53972,+07.40927
1748787095251403904,NGC_6934, 0.6199380523679050, 1.0000000000000000, 6.1993805236790500e-01,False,True ,True ,True ,True ,False,True ,308.54120,+07.40902
1748787095251496960,NGC_6934, 0.3618830543835701, 1.0000000000000000, 3.6188305438357010e-01,False,True ,True ,True ,True ,False,True ,308.55022,+07.41811
1748787095251539840,NGC_6934, 0.8883242383413295, 1.0000000000000000, 8.8832423834132945e-01,False,True ,True ,True ,True ,False,True ,308.54727,+07.42068
1748787125315657984,NGC_6934, 0.4618205588706906, 1.0000000000000000, 4.6182055887069062e-01,False,True ,True ,True ,True ,False,True ,308.50914,+07.42437
1748787125315683200,NGC_6934, 0.9901684679579285, 1.0000000000000000, 9.9016846795792846e-01,False,True ,True ,True ,True ,False,True ,308.48151,+07.43214
1748787194035154816,NGC_6934, 0.9128099398929588, 1.0000000000000000, 9.1280993989295878e-01,False,True ,True ,True ,True ,False,True ,308.50563,+07.46062
1748787198327582976,NGC_6934, 0.3000167185030599, 1.0000000000000000, 3.0001671850305989e-01,False,True ,True ,True ,True ,False,True ,308.57481,+07.41888
1748787198327712000,NGC_6934, 0.8206823415653830, 1.0000000000000000, 8.2068234156538300e-01,False,True ,True ,True ,False,False,True ,308.57252,+07.42107
1748787198330493568,NGC_6934, 0.8394710569079111, 1.0000000000000000, 8.3947105690791113e-01,False,True ,True ,True ,True ,False,True ,308.59212,+07.44038
1748787198330517760,NGC_6934, 0.4661323476152043, 1.0000000000000000, 4.6613234761520428e-01,False,True ,True ,True ,True ,False,True ,308.56312,+07.46607
1748787198330532224,NGC_6934, 0.9421230683482464, 1.0000000000000000, 9.4212306834824644e-01,False,True ,True ,True ,True ,False,True ,257.65860,-26.73518
1748787198330554880,NGC_6934, 0.8569923564558508, 1.0000000000000000, 8.5699235645585081e-01,False,True ,True ,True ,True ,False,True ,257.57077,-26.60493
1748787198330564864,NGC_6934, 0.7554595611772560, 1.0000000000000000, 7.5545956117725599e-01,False,True ,True ,True ,True ,False,True ,257.54523,-26.59139
1748787198330614784,NGC_6934, 0.6252658050890338, 1.0000000000000000, 6.2526580508903384e-01,False,True ,True ,True ,True ,False,True ,257.56339,-26.58006
1748787198330626176,NGC_6934, 0.0173401671977604, 1.0000000000000000, 1.7340167197760398e-02,False,True ,True ,True ,True ,False,True ,257.56753,-26.56793
1748787198330637184,NGC_6934, 0.6252998449384910, 1.0000000000000000, 6.2529984493849100e-01,False,True ,True ,True ,True ,False,True ,257.50093,-26.58829
1748787198330695808,NGC_6934, 0.7921432024925664, 1.0000000000000000, 7.9214320249256642e-01,False,True ,True ,True ,True ,False,True ,257.54102,-26.58269
1748787198330736256,NGC_6934, 0.9361559221488868, 1.0000000000000000, 9.3615592214888677e-01,False,True ,True ,True ,True ,False,True ,284.95741,-36.65030
1748787228394898560,NGC_6934, 0.9743109801736416, 1.0000000000000000, 9.7431098017364159e-01,False,True ,True ,True ,True ,False,True ,284.92974,-36.66250
1748787232687053184,NGC_6934, 0.9410171383137812, 1.0000000000000000, 9.4101713831378120e-01,False,True ,True ,True ,True ,False,True ,284.91878,-36.63582
1748787232690482560,NGC_6934, 0.9883141136203276, 1.0000000000000000, 9.8831411362032762e-01,False,True ,True ,True ,True ,False,True ,284.87445,-36.65755
1748787232690484224,NGC_6934, 0.9365667464397932, 1.0000000000000000, 9.3656674643979321e-01,False,True ,True ,True ,True ,False,True ,284.89273,-36.65356
1748787297114357632,NGC_6934, 0.8244823172374691, 1.0000000000000000, 8.2448231723746912e-01,False,True ,True ,True ,True ,False,True ,284.87290,-36.65077
1748787301407024128,NGC_6934, 0.3557261232418978, 1.0000000000000000, 3.5572612324189778e-01,False,True ,True ,True ,True ,False,True ,284.87907,-36.64234
1748787404485949952,NGC_6934, 0.3485457765629127, 1.0000000000000000, 3.4854577656291269e-01,False,True ,True ,True ,True ,False,True ,284.87591,-36.64288
1748787404486191232,NGC_6934, 0.9514421641307320, 1.0000000000000000, 9.5144216413073202e-01,False,True ,True ,True ,False,False,True ,284.83025,-36.66322
1748787404486268800,NGC_6934, 0.9326088442436574, 1.0000000000000000, 9.3260884424365742e-01,False,True ,True ,True ,True ,False,True ,284.86412,-36.62150
1748787404486302080,NGC_6934, 0.9351466466545590, 1.0000000000000000, 9.3514664665455904e-01,False,True ,True ,True ,True ,False,True ,284.84116,-36.63704
1748787404489051264,NGC_6934, 0.2379627178995353, 1.0000000000000000, 2.3796271789953530e-01,False,True ,True ,True ,True ,False,True ,284.89744,-36.64004
1748787404489066752,NGC_6934, 0.8530629949236281, 1.0000000000000000, 8.5306299492362814e-01,False,True ,True ,True ,False,False,True ,284.88831,-36.63283
1748787404489127424,NGC_6934, 0.6823738502738792, 1.0000000000000000, 6.8237385027387920e-01,False,True ,True ,True ,True ,False,True ,284.88737,-36.63377
1748787438845932416,NGC_6934, 0.9409857408942038, 1.0000000000000000, 9.4098574089420384e-01,False,True ,True ,True ,True ,False,True ,284.88481,-36.63113
1748787438845991168,NGC_6934, 0.9901963013340594, 1.0000000000000000, 9.9019630133405945e-01,False,True ,True ,True ,True ,False,True ,284.89915,-36.62314
1748788121746244736,NGC_6934, 0.9968518659658236, 1.0000000000000000, 9.9685186596582365e-01,False,True ,True ,True ,True ,False,True ,284.89128,-36.61817
1748788366561938688,NGC_6934, 0.9948569137152532, 0.4305783586443457, 4.2836385699349311e-01,False,True ,True ,True ,True ,False,True ,284.87574,-36.62918
1748788538360626176,NGC_6934, 0.9917606879464984, 0.4668420071765059, 4.6299555019969563e-01,False,True ,True ,True ,True ,False,True ,284.88745,-36.61710
1748788710158934912,NGC_6934, 0.9962264040767684, 1.0000000000000000, 9.9622640407676843e-01,False,True ,True ,True ,True ,False,True ,284.89463,-36.60965
1748788710158944128,NGC_6934, 0.9979292004049444, 1.0000000000000000, 9.9792920040494437e-01,False,True ,True ,True ,True ,False,True ,284.87276,-36.60556
1748788843300788352,NGC_6934, 0.9705947331936212, 0.7178929817489070, 6.9678314708215350e-01,False,True ,True ,True ,True ,False,True ,284.80404,-36.62950
1748789878390382976,NGC_6934, 0.9960051424564260, 0.5948165463403806, 5.9244033897319015e-01,False,True ,True ,True ,True ,False,True ,284.81297,-36.60405
4108873101954702336,NGC_6293, 0.0219010902417328, 0.0033700106877978, 7.3806908189064118e-05,False,True ,True ,True ,False,False,True ,284.85655,-36.58511
4108887258168596608,NGC_6293, 0.8877440799639946, 1.0000000000000000, 8.8774407996399463e-01,False,True ,True ,True ,False,False,True ,211.16785,+28.19504
4108887528672797184,NGC_6293, 0.1635400916973870, 1.0000000000000000, 1.6354009169738701e-01,False,True ,True ,True ,False,False,True ,211.63797,+28.50708
4108887563032554624,NGC_6293, 0.4729979982908886, 1.0000000000000000, 4.7299799829088862e-01,False,True ,True ,True ,False,False,True ,211.81058,+28.79462
4108887945363542400,NGC_6293, 0.0836888759631766, 1.0000000000000000, 8.3688875963176604e-02,False,True ,True ,True ,True ,False,True ,211.30126,+28.46803
4108890414881833856,NGC_6293, 0.9822972087612796, 1.0000000000000000, 9.8229720876127957e-01,False,True ,True ,True ,False,False,True ,211.32018,+28.48200
4108890487984177536,NGC_6293, 0.0029325279016036, 1.0000000000000000, 2.9325279016035998e-03,False,True ,True ,True ,False,False,True ,211.37260,+28.50687
6730893186602947712,NGC_6723, 0.9355967508318094, 0.9553156386302326, 8.9379020752126059e-01,False,True ,True ,False,True ,False,True ,211.34765,+28.50049
6730893285377707264,NGC_6723, 0.9926027316814084, 1.0000000000000000, 9.9260273168140845e-01,False,True ,True ,True ,True ,False,True ,211.35172,+28.51084
6730893358393963904,NGC_6723, 0.9996051659679718, 1.0000000000000000, 9.9960516596797178e-01,False,True ,True ,False,True ,False,True ,211.38264,+28.52854
6730904658456300160,NGC_6723, 0.9677191889951868, 1.0000000000000000, 9.6771918899518683e-01,False,True ,True ,False,True ,False,True ,211.37669,+28.53569
6730904697107771008,NGC_6723, 0.9946662171840036, 1.0000000000000000, 9.9466621718400361e-01,False,True ,True ,True ,True ,False,True ,211.37407,+28.52980
6730904761535512832,NGC_6723, 0.9640862202949884, 1.0000000000000000, 9.6408622029498836e-01,False,True ,True ,True ,True ,False,True ,211.34151,+28.53355
6730904765827757056,NGC_6723, 0.9133275804762412, 1.0000000000000000, 9.1332758047624119e-01,False,True ,True ,True ,True ,False,True ,211.35728,+28.52904
6730904765827788160,NGC_6723, 0.0455318184668213, 1.0000000000000000, 4.5531818466821299e-02,False,True ,True ,True ,True ,False,True ,211.35199,+28.54575
6730904795890902656,NGC_6723, 0.9938866769685716, 1.0000000000000000, 9.9388667696857158e-01,False,True ,True ,True ,True ,False,True ,211.29699,+28.54206
6730904967693931904,NGC_6723, 0.9975650929048878, 1.0000000000000000, 9.9756509290488782e-01,False,True ,True ,False,True ,False,True ,211.34621,+28.56206
6730905002053652480,NGC_6723, 0.9333297458517829, 1.0000000000000000, 9.3332974585178285e-01,False,True ,True ,True ,True ,False,True ,211.47084,+28.53586
6730905070773198336,NGC_6723, 0.8939619574130293, 1.0000000000000000, 8.9396195741302931e-01,False,True ,True ,True ,True ,False,True ,211.40572,+28.52516
6730905143792032256,NGC_6723, 0.6494767756642186, 1.0000000000000000, 6.4947677566421858e-01,False,True ,True ,True ,True ,False,True ,211.43766,+28.53730
6730905143792035072,NGC_6723, 0.9091603932344320, 1.0000000000000000, 9.0916039323443198e-01,False,True ,True ,False,True ,False,True ,211.40369,+28.55042
6730905143792169728,NGC_6723, 0.5775270514526316, 1.0000000000000000, 5.7752705145263161e-01,False,True ,True ,True ,True ,False,True ,211.39360,+28.54418
6730905173852416384,NGC_6723, 0.9676774856648620, 1.0000000000000000, 9.6767748566486200e-01,False,True ,True ,False,True ,False,True ,211.38093,+28.54273
6730905178144751360,NGC_6723, 0.0440938249399240, 1.0000000000000000, 4.4093824939924003e-02,False,True ,True ,True ,True ,False,True ,205.58501,+27.89766
6730905349950604672,NGC_6723, 0.7971827045540250, 1.0000000000000000, 7.9718270455402496e-01,False,True ,True ,False,True ,False,True ,205.46793,+28.10119
6730905380010827008,NGC_6723, 0.7121153582258102, 1.0000000000000000, 7.1211535822581018e-01,False,True ,True ,True ,True ,False,True ,205.61183,+28.18688
6730905380010839040,NGC_6723, 0.9707997561274896, 1.0000000000000000, 9.7079975612748959e-01,False,True ,True ,True ,True ,False,True ,205.51621,+28.21126
6730905453029910528,NGC_6723, 0.9151703007074338, 1.0000000000000000, 9.1517030070743377e-01,False,True ,True ,True ,True ,False,True ,205.54405,+28.22557
6730905689244856320,NGC_6723, 0.9990109152198958, 0.7371236561125067, 7.3639457832319111e-01,False,True ,True ,True ,True ,False,True ,205.57664,+28.24829
6730906037145546752,NGC_6723, 0.9983803501329100, 0.7434606560350023, 7.4225651008226856e-01,False,True ,True ,True ,True ,False,True ,205.59339,+28.25628
6730906204640212864,NGC_6723, 0.1792062586709668, 1.0000000000000000, 1.7920625867096679e-01,False,True ,True ,True ,True ,False,True ,205.59377,+28.29733
1452525817447591936,NGC_5466, 0.0985926885414348, 0.0189283855195963, 1.8662004181257000e-03,False,True ,True ,True ,False,False,True ,205.53912,+28.26484
1452585014981202688,NGC_5466, 0.9959778115991904, 0.2528405265207733, 2.5182355428774689e-01,False,True ,True ,True ,True ,False,True ,205.53935,+28.29173
1452613159903577984,NGC_5466, 0.2011871116974207, 0.0059006907091842, 1.1871429208005001e-03,False,True ,True ,True ,False,False,True ,205.51433,+28.30095
1452625632488460288,NGC_5466, 0.9995714005614040, 1.0000000000000000, 9.9957140056140403e-01,False,True ,True ,True ,True ,False,True ,205.51947,+28.30235
1452625765630871296,NGC_5466, 0.9993005831169433, 1.0000000000000000, 9.9930058311694325e-01,False,True ,True ,True ,True ,False,True ,205.55100,+28.31330
1452626143590963968,NGC_5466, 0.9998531798131752, 1.0000000000000000, 9.9985317981317523e-01,False,True ,True ,True ,False,False,True ,205.51351,+28.31477
1452626177947767040,NGC_5466, 0.9863394438247745, 1.0000000000000000, 9.8633944382477445e-01,False,True ,True ,True ,True ,False,True ,205.52717,+28.32239
1452626216604020992,NGC_5466, 0.9879999567314324, 1.0000000000000000, 9.8799995673143237e-01,False,True ,True ,True ,True ,False,True ,205.57897,+28.29642
1452626285323494528,NGC_5466, 0.9726858505464220, 1.0000000000000000, 9.7268585054642198e-01,False,True ,True ,True ,True ,False,True ,205.55781,+28.31553
1452626349749396224,NGC_5466, 0.9999324271873536, 1.0000000000000000, 9.9993242718735365e-01,False,True ,True ,True ,True ,False,True ,205.57885,+28.32613
1452626354042978304,NGC_5466, 0.9981156811823152, 1.0000000000000000, 9.9811568118231520e-01,False,True ,True ,True ,True ,False,True ,205.60686,+28.34167
1452629240261024128,NGC_5466, 0.9975466587810587, 1.0000000000000000, 9.9754665878105875e-01,False,True ,True ,True ,True ,False,True ,205.53994,+28.34012
1452629274619210752,NGC_5466, 0.9999032904804857, 1.0000000000000000, 9.9990329048048565e-01,False,True ,True ,True ,True ,False,True ,205.54691,+28.33806
1452629343338790144,NGC_5466, 0.9946406955154178, 1.0000000000000000, 9.9464069551541778e-01,False,True ,True ,True ,True ,False,True ,205.54316,+28.33769
1452629480779235840,NGC_5466, 0.9995226610214460, 1.0000000000000000, 9.9952266102144605e-01,False,True ,True ,True ,True ,False,True ,205.53254,+28.33363
1452629583858421504,NGC_5466, 0.9996529946092946, 1.0000000000000000, 9.9965299460929458e-01,False,True ,True ,True ,True ,False,True ,205.54633,+28.34267
1452631297548834304,NGC_5466, 0.9926248906309668, 1.0000000000000000, 9.9262489063096682e-01,False,True ,True ,True ,True ,False,True ,205.55676,+28.34763
1452631954680313856,NGC_5466, 0.9845052502368328, 1.0000000000000000, 9.8450525023683277e-01,False,True ,True ,True ,False,False,True ,205.58816,+28.35005
1452632023399787648,NGC_5466, 0.9996047223369716, 1.0000000000000000, 9.9960472233697162e-01,False,True ,True ,True ,True ,False,True ,205.59214,+28.35071
1452632195198501376,NGC_5466, 0.9982429695991064, 1.0000000000000000, 9.9824296959910641e-01,False,True ,True ,True ,True ,False,True ,205.56501,+28.35076
1452632229558240256,NGC_5466, 0.9934497687956988, 1.0000000000000000, 9.9344976879569880e-01,False,True ,True ,True ,True ,False,True ,205.57016,+28.35367
1452632229558245504,NGC_5466, 0.9987959568724344, 1.0000000000000000, 9.9879595687243439e-01,False,True ,True ,True ,True ,False,True ,205.56544,+28.36148
1454717693882616704,NGC_5272_M_3, 0.9974871676854424, 0.1466161651684788, 1.4624774333080690e-01,False,True ,True ,True ,True ,False,True ,205.57819,+28.36077
1454724187872808832,NGC_5272_M_3, 0.9997354469340762, 0.9289707158451352, 9.2872495379410502e-01,False,True ,True ,True ,True ,False,True ,205.44750,+28.26783
1454732021893167744,NGC_5272_M_3, 0.9918900559668646, 1.0000000000000000, 9.9189005596686464e-01,False,True ,True ,True ,True ,False,True ,205.45438,+28.29042
1454777892144186624,NGC_5272_M_3, 0.9512468974731436, 1.0000000000000000, 9.5124689747314362e-01,False,True ,True ,True ,True ,False,True ,205.45626,+28.32037
1454778029582844032,NGC_5272_M_3, 0.9981600622148816, 1.0000000000000000, 9.9816006221488163e-01,False,True ,True ,True ,True ,False,True ,205.39393,+28.31534
1454779335252915712,NGC_5272_M_3, 0.9997892094239940, 1.0000000000000000, 9.9978920942399396e-01,False,True ,True ,True ,True ,False,True ,205.49995,+28.31994
1454779472691876224,NGC_5272_M_3, 0.9962146553257584, 1.0000000000000000, 9.9621465532575837e-01,False,True ,True ,True ,True ,False,True ,205.49634,+28.31317
1454780159886684160,NGC_5272_M_3, 0.9985264664769902, 1.0000000000000000, 9.9852646647699017e-01,False,True ,True ,True ,True ,False,True ,205.50710,+28.32351
1454780366045066880,NGC_5272_M_3, 0.9995979418695046, 1.0000000000000000, 9.9959794186950457e-01,False,True ,True ,True ,True ,False,True ,205.51322,+28.34973
1454780537843773568,NGC_5272_M_3, 0.9977508097232736, 1.0000000000000000, 9.9775080972327357e-01,False,True ,True ,True ,True ,False,True ,205.47179,+28.34200
1454780709642463744,NGC_5272_M_3, 0.9964146398634108, 1.0000000000000000, 9.9641463986341083e-01,False,True ,True ,True ,True ,False,True ,205.49185,+28.36621
1454780709642466816,NGC_5272_M_3, 0.9788503288377214, 1.0000000000000000, 9.7885032883772138e-01,False,True ,True ,True ,True ,False,True ,205.54013,+28.34898
1454780778361970432,NGC_5272_M_3, 0.9667157439967230, 1.0000000000000000, 9.6671574399672300e-01,False,True ,True ,True ,True ,False,True ,205.54340,+28.35386
1454780808421946752,NGC_5272_M_3, 0.9857183887296264, 1.0000000000000000, 9.8571838872962636e-01,False,True ,True ,True ,True ,False,True ,205.53682,+28.35893
1454780847081444736,NGC_5272_M_3, 0.9904374690426812, 1.0000000000000000, 9.9043746904268115e-01,False,True ,True ,True ,True ,False,True ,205.52743,+28.35787
1454780881441179392,NGC_5272_M_3, 0.9948854766089484, 1.0000000000000000, 9.9488547660894844e-01,False,True ,True ,True ,True ,False,True ,205.52645,+28.35072
1454780950160671104,NGC_5272_M_3, 0.9900062840135904, 1.0000000000000000, 9.9000628401359037e-01,False,True ,True ,True ,True ,False,True ,205.52788,+28.35748
1454780984520453760,NGC_5272_M_3, 0.9833403016933476, 1.0000000000000000, 9.8334030169334763e-01,False,True ,True ,True ,True ,False,True ,205.53855,+28.36211
1454781053240023680,NGC_5272_M_3, 0.9858751865192462, 1.0000000000000000, 9.8587518651924622e-01,False,True ,True ,True ,True ,False,True ,205.53767,+28.36530
1454781220741640448,NGC_5272_M_3, 0.9755564456571316, 1.0000000000000000, 9.7555644565713162e-01,False,True ,True ,True ,True ,False,True ,205.53748,+28.36573
1454781220741652608,NGC_5272_M_3, 0.9818606652435962, 1.0000000000000000, 9.8186066524359616e-01,False,True ,True ,True ,True ,False,True ,205.53097,+28.37218
1454781225038611200,NGC_5272_M_3, 0.9932524840950578, 1.0000000000000000, 9.9325248409505784e-01,False,True ,True ,True ,True ,False,True ,205.54655,+28.36488
1454781225038814848,NGC_5272_M_3, 0.9905840565308808, 1.0000000000000000, 9.9058405653088077e-01,False,True ,True ,True ,True ,False,True ,205.55407,+28.37325
1454781255101389952,NGC_5272_M_3, 0.9896506122788040, 1.0000000000000000, 9.8965061227880402e-01,False,True ,True ,True ,True ,False,True ,205.55103,+28.37089
1454781255101406720,NGC_5272_M_3, 0.9793166653063524, 1.0000000000000000, 9.7931666530635242e-01,False,True ,True ,True ,True ,False,True ,205.55452,+28.36735
1454781323820909184,NGC_5272_M_3, 0.9951158970062410, 1.0000000000000000, 9.9511589700624103e-01,False,True ,True ,True ,True ,False,True ,205.54994,+28.36690
1454781328118042240,NGC_5272_M_3, 0.9990605162604602, 1.0000000000000000, 9.9906051626046022e-01,False,True ,True ,True ,True ,False,True ,205.55430,+28.37442
1454781358180632448,NGC_5272_M_3, 0.9208629202328900, 1.0000000000000000, 9.2086292023288996e-01,False,True ,True ,True ,True ,False,True ,205.55333,+28.36244
1454781358180638464,NGC_5272_M_3, 0.9581247763978704, 1.0000000000000000, 9.5812477639787041e-01,False,True ,True ,True ,True ,False,True ,205.55672,+28.37020
1454781362474744576,NGC_5272_M_3, 0.9096024632363918, 1.0000000000000000, 9.0960246323639182e-01,False,True ,True ,True ,True ,False,True ,205.54499,+28.36639
1454781396834549248,NGC_5272_M_3, 0.8118833527385049, 1.0000000000000000, 8.1188335273850487e-01,False,True ,True ,True ,True ,False,True ,205.56775,+28.37043
1454782015312791040,NGC_5272_M_3, 0.9654013242034144, 1.0000000000000000, 9.6540132420341440e-01,False,True ,True ,True ,True ,False,True ,205.56628,+28.38105
1454782187111195776,NGC_5272_M_3, 0.9776739490865444, 1.0000000000000000, 9.7767394908654437e-01,False,True ,True ,True ,True ,False,True ,205.55531,+28.37672
1454782427629378432,NGC_5272_M_3, 0.9968742584842152, 1.0000000000000000, 9.9687425848421518e-01,False,True ,True ,True ,True ,False,True ,205.56445,+28.37307
1454783149183752576,NGC_5272_M_3, 0.9908041656943956, 1.0000000000000000, 9.9080416569439556e-01,False,True ,True ,True ,True ,False,True ,205.54159,+28.36703
1454783660280230272,NGC_5272_M_3, 0.9967030718962384, 1.0000000000000000, 9.9670307189623841e-01,False,True ,True ,True ,True ,False,True ,205.53984,+28.37010
1454783664575041920,NGC_5272_M_3, 0.9862246926998964, 1.0000000000000000, 9.8622469269989643e-01,False,True ,True ,True ,True ,False,True ,205.53960,+28.38310
1454783767659195776,NGC_5272_M_3, 0.9980074237324008, 1.0000000000000000, 9.9800742373240081e-01,False,True ,True ,True ,True ,False,True ,205.55250,+28.37650
1454783866441462528,NGC_5272_M_3, 0.8730952470754711, 1.0000000000000000, 8.7309524707547115e-01,False,True ,True ,True ,True ,False,True ,205.54295,+28.37994
1454784008177368704,NGC_5272_M_3, 0.9957783596401504, 1.0000000000000000, 9.9577835964015038e-01,False,True ,True ,True ,True ,False,True ,205.53985,+28.37427
1454784141319356544,NGC_5272_M_3, 0.9838109745152860, 1.0000000000000000, 9.8381097451528599e-01,False,True ,True ,True ,True ,False,True ,205.53829,+28.37466
1454784214331525376,NGC_5272_M_3, 0.9948891434570216, 1.0000000000000000, 9.9488914345702162e-01,False,True ,True ,True ,True ,False,True ,205.54119,+28.38322
1454784214335885312,NGC_5272_M_3, 0.9765825471558480, 1.0000000000000000, 9.7658254715584802e-01,False,True ,True ,True ,True ,False,True ,205.55058,+28.37566
1454784214338272896,NGC_5272_M_3, 0.8580346219471847, 1.0000000000000000, 8.5803462194718472e-01,False,True ,True ,True ,True ,False,True ,205.54776,+28.37094
1454784248691261568,NGC_5272_M_3, 0.9081162540332908, 1.0000000000000000, 9.0811625403329077e-01,False,True ,True ,True ,True ,False,True ,205.54109,+28.36777
1454784248695603200,NGC_5272_M_3, 0.8725298096808559, 1.0000000000000000, 8.7252980968085592e-01,False,True ,True ,True ,True ,False,True ,205.54112,+28.37096
1454784248695627136,NGC_5272_M_3, 0.9988921052293512, 1.0000000000000000, 9.9889210522935123e-01,False,True ,True ,True ,True ,False,True ,205.54203,+28.37030
1454784278758353152,NGC_5272_M_3, 0.9624331830589476, 1.0000000000000000, 9.6243318305894765e-01,False,True ,True ,True ,True ,False,True ,205.54514,+28.36901
1454784283051809408,NGC_5272_M_3, 0.5124429434552844, 1.0000000000000000, 5.1244294345528441e-01,False,True ,True ,True ,True ,False,True ,205.54910,+28.37599
1454784283052078976,NGC_5272_M_3, 0.8993595479265606, 1.0000000000000000, 8.9935954792656059e-01,False,True ,True ,True ,True ,False,True ,205.55314,+28.37780
1454784283056847616,NGC_5272_M_3, 0.9499318533922572, 1.0000000000000000, 9.4993185339225716e-01,False,True ,True ,True ,True ,False,True ,205.54564,+28.38887
1454784317411016704,NGC_5272_M_3, 0.9914967211075738, 1.0000000000000000, 9.9149672110757381e-01,False,True ,True ,True ,True ,False,True ,205.55873,+28.39309
1454784317415987072,NGC_5272_M_3, 0.5553047427312878, 1.0000000000000000, 5.5530474273128783e-01,False,True ,True ,True ,True ,False,True ,205.54530,+28.38637
1454784317416135424,NGC_5272_M_3, 0.1360922376005393, 1.0000000000000000, 1.3609223760053929e-01,False,True ,True ,True ,False,False,True ,205.56240,+28.38771
1454784317416143232,NGC_5272_M_3, 0.8235086990457666, 1.0000000000000000, 8.2350869904576662e-01,False,True ,True ,True ,True ,False,True ,205.55960,+28.39198
1454784317416265984,NGC_5272_M_3, 0.0171509221617667, 1.0000000000000000, 1.7150922161766700e-02,False,True ,True ,True ,True ,False,True ,205.55734,+28.38872
1454784317416307840,NGC_5272_M_3, 0.7915663787112925, 1.0000000000000000, 7.9156637871129254e-01,False,True ,True ,True ,True ,False,True ,205.56095,+28.38582
1454784317416402048,NGC_5272_M_3, 0.1417410240154576, 1.0000000000000000, 1.4174102401545760e-01,False,True ,True ,True ,True ,False,True ,205.54838,+28.38490
1454784317416431744,NGC_5272_M_3, 0.2194738171687715, 1.0000000000000000, 2.1947381716877151e-01,False,True ,True ,True ,True ,False,True ,205.55802,+28.38012
1454784317416490880,NGC_5272_M_3, 0.9757979811558800, 1.0000000000000000, 9.7579798115588001e-01,False,True ,True ,True ,True ,False,True ,205.55670,+28.38081
1454784351770829056,NGC_5272_M_3, 0.8962722074333201, 1.0000000000000000, 8.9627220743332014e-01,False,True ,True ,True ,True ,False,True ,205.54972,+28.39230
1454784351772154368,NGC_5272_M_3, 0.9597889436058732, 1.0000000000000000, 9.5978894360587319e-01,False,True ,True ,True ,True ,False,True ,205.51087,+28.35796
1454784351775874560,NGC_5272_M_3, 0.9820750525888836, 1.0000000000000000, 9.8207505258888361e-01,False,True ,True ,True ,True ,False,True ,205.50757,+28.36400
1454784351775935744,NGC_5272_M_3, 0.9979630190926052, 1.0000000000000000, 9.9796301909260521e-01,False,True ,True ,True ,True ,False,True ,205.50866,+28.36945
1454784386130597632,NGC_5272_M_3, 0.2997589601199997, 1.0000000000000000, 2.9975896011999970e-01,False,True ,True ,True ,True ,False,True ,205.51973,+28.37896
1454784386131271168,NGC_5272_M_3, 0.0138568070813603, 1.0000000000000000, 1.3856807081360299e-02,False,True ,True ,True ,True ,False,True ,205.52327,+28.36818
1454784386135445888,NGC_5272_M_3, 0.4195907385162555, 1.0000000000000000, 4.1959073851625550e-01,False,True ,True ,True ,True ,False,True ,205.51639,+28.37388
1454784386135466368,NGC_5272_M_3, 0.4021146518480279, 1.0000000000000000, 4.0211465184802792e-01,False,True ,True ,True ,True ,False,True ,205.51859,+28.38434
1454784386135531904,NGC_5272_M_3, 0.0604058102553364, 1.0000000000000000, 6.0405810255336402e-02,False,True ,True ,False,True ,False,True ,205.50129,+28.38106
1454784386135584256,NGC_5272_M_3, 0.7020866271578471, 1.0000000000000000, 7.0208662715784709e-01,False,True ,True ,True ,True ,False,True ,205.50870,+28.39484
1454784386135586688,NGC_5272_M_3, 0.3839901507967513, 1.0000000000000000, 3.8399015079675131e-01,False,True ,True ,False,True ,False,True ,205.51787,+28.38599
1454784386135612800,NGC_5272_M_3, 0.0041150537235594, 1.0000000000000000, 4.1150537235594004e-03,False,True ,True ,True ,True ,False,True ,205.52458,+28.38584
1454784386135631360,NGC_5272_M_3, 0.3231338098899945, 1.0000000000000000, 3.2313380988999452e-01,False,True ,True ,True ,True ,False,True ,205.53987,+28.38781
1454784386135638400,NGC_5272_M_3, 0.0538717118452579, 1.0000000000000000, 5.3871711845257901e-02,False,True ,True ,True ,True ,False,True ,205.53403,+28.39381
1454784386135733632,NGC_5272_M_3, 0.8136199092502183, 1.0000000000000000, 8.1361990925021832e-01,False,True ,True ,True ,True ,False,True ,205.52921,+28.39053
1454784386135761152,NGC_5272_M_3, 0.6480842424507200, 1.0000000000000000, 6.4808424245072005e-01,False,True ,True ,True ,True ,False,True ,205.53080,+28.38026
1454784386135894912,NGC_5272_M_3, 0.1359695951748896, 1.0000000000000000, 1.3596959517488960e-01,False,True ,True ,True ,True ,False,True ,205.53935,+28.38902
1454784386135972736,NGC_5272_M_3, 0.6982225378259251, 1.0000000000000000, 6.9822253782592514e-01,False,True ,True ,True ,True ,False,True ,205.53363,+28.38039
1454784386136011008,NGC_5272_M_3, 0.2944322664043073, 1.0000000000000000, 2.9443226640430731e-01,False,True ,True ,True ,True ,False,True ,205.54121,+28.38567
1454784420490236800,NGC_5272_M_3, 0.0424428535217163, 1.0000000000000000, 4.2442853521716298e-02,False,True ,True ,True ,True ,False,True ,205.53708,+28.38305
1454784420490690048,NGC_5272_M_3, 0.5520697340326015, 1.0000000000000000, 5.5206973403260151e-01,False,True ,True ,False,True ,False,True ,205.54904,+28.40169
1454784420490873344,NGC_5272_M_3, 0.9236278181068780, 1.0000000000000000, 9.2362781810687800e-01,False,True ,True ,True ,True ,False,True ,205.54075,+28.39295
1454784420490915328,NGC_5272_M_3, 0.4904651729956715, 1.0000000000000000, 4.9046517299567149e-01,False,True ,True ,True ,True ,False,True ,205.55164,+28.39508
1454784420491723392,NGC_5272_M_3, 0.6808377051233985, 1.0000000000000000, 6.8083770512339847e-01,False,True ,True ,True ,True ,False,True ,205.53635,+28.39442
1454784420495174912,NGC_5272_M_3, 0.9779889414975615, 1.0000000000000000, 9.7798894149756155e-01,False,True ,True ,True ,True ,False,True ,205.54620,+28.40282
1454784420495345920,NGC_5272_M_3, 0.9158042105454810, 1.0000000000000000, 9.1580421054548100e-01,False,True ,True ,True ,True ,False,True ,205.54241,+28.38830
1454784420495521536,NGC_5272_M_3, 0.1110740272718484, 1.0000000000000000, 1.1107402727184840e-01,False,True ,True ,True ,True ,False,True ,205.51826,+28.39323
1454784420495619584,NGC_5272_M_3, 0.5685163924163421, 1.0000000000000000, 5.6851639241634211e-01,False,True ,True ,True ,True ,False,True ,205.52059,+28.39108
1454784420495752832,NGC_5272_M_3, 0.0877571626323878, 1.0000000000000000, 8.7757162632387795e-02,False,True ,True ,True ,True ,False,True ,205.53742,+28.40789
1454784420495753088,NGC_5272_M_3, 0.2751967001757446, 1.0000000000000000, 2.7519670017574460e-01,False,True ,True ,True ,True ,False,True ,205.45295,+28.35224
1454784420495801984,NGC_5272_M_3, 0.9994173198555568, 1.0000000000000000, 9.9941731985555682e-01,False,True ,True ,False,True ,False,True ,205.48351,+28.41359
1454784450557012864,NGC_5272_M_3, 0.9954802029713956, 1.0000000000000000, 9.9548020297139561e-01,False,True ,True ,True ,True ,False,True ,205.50627,+28.41228
1454784454854049792,NGC_5272_M_3, 0.9963735572265408, 1.0000000000000000, 9.9637355722654075e-01,False,True ,True ,True ,True ,False,True ,205.51574,+28.41186
1454784454854071936,NGC_5272_M_3, 0.9308949648296502, 1.0000000000000000, 9.3089496482965017e-01,False,True ,True ,True ,True ,False,True ,205.52343,+28.42035
1454784484916760192,NGC_5272_M_3, 0.9830794962062416, 1.0000000000000000, 9.8307949620624158e-01,False,True ,True ,True ,True ,False,True ,205.46221,+28.40915
1454784484916764288,NGC_5272_M_3, 0.7329879015120446, 1.0000000000000000, 7.3298790151204463e-01,False,True ,True ,True ,True ,False,True ,205.47069,+28.41176
1454784489213831552,NGC_5272_M_3, 0.9543210469678588, 1.0000000000000000, 9.5432104696785880e-01,False,True ,True ,True ,True ,False,True ,205.47315,+28.42377
1454784489213851008,NGC_5272_M_3, 0.9649106152528762, 1.0000000000000000, 9.6491061525287625e-01,False,True ,True ,True ,True ,False,True ,205.40832,+28.40928
1454784519276483328,NGC_5272_M_3, 0.9820233064638224, 1.0000000000000000, 9.8202330646382241e-01,False,True ,True ,True ,True ,False,True ,205.42846,+28.40485
1454784553636226432,NGC_5272_M_3, 0.9857283396320120, 1.0000000000000000, 9.8572833963201201e-01,False,True ,True ,True ,True ,False,True ,205.45413,+28.44223
1454784557933347456,NGC_5272_M_3, 0.9403251976027428, 1.0000000000000000, 9.4032519760274280e-01,False,True ,True ,True ,True ,False,True ,205.47824,+28.46442
1454784587995981056,NGC_5272_M_3, 0.9108135391795992, 1.0000000000000000, 9.1081353917959917e-01,False,True ,True ,True ,True ,False,True ,205.39186,+28.50690
1454784592288943360,NGC_5272_M_3, 0.1849065630763159, 1.0000000000000000, 1.8490656307631589e-01,False,True ,True ,True ,True ,False,True ,205.65344,+28.30323
1454784592294108928,NGC_5272_M_3, 0.7214637631514038, 1.0000000000000000, 7.2146376315140381e-01,False,True ,True ,True ,True ,False,True ,205.65882,+28.31046
1454784592294117120,NGC_5272_M_3, 0.9984594383564368, 1.0000000000000000, 9.9845943835643680e-01,False,True ,True ,True ,True ,False,True ,205.70998,+28.34692
1454784592294118016,NGC_5272_M_3, 0.7572711481027818, 1.0000000000000000, 7.5727114810278184e-01,False,True ,True ,True ,True ,False,True ,205.68852,+28.37812
1454784592294268032,NGC_5272_M_3, 0.0689090973189732, 1.0000000000000000, 6.8909097318973198e-02,False,True ,True ,True ,True ,False,True ,205.68630,+28.39602
1454784592294354304,NGC_5272_M_3, 0.8799493021446398, 1.0000000000000000, 8.7994930214463984e-01,False,True ,True ,True ,True ,False,True ,205.61148,+28.36327
1454784592294362496,NGC_5272_M_3, 0.9704308129306972, 1.0000000000000000, 9.7043081293069722e-01,False,True ,True ,True ,True ,False,True ,205.63037,+28.37238
1454784592295581056,NGC_5272_M_3, 0.0138190986837615, 1.0000000000000000, 1.3819098683761501e-02,False,True ,True ,True ,True ,False,True ,205.60226,+28.36871
1454784622355803392,NGC_5272_M_3, 0.9754268506840740, 1.0000000000000000, 9.7542685068407398e-01,False,True ,True ,True ,True ,False,True ,205.60798,+28.37553
1454784626650076288,NGC_5272_M_3, 0.9714097812024508, 1.0000000000000000, 9.7140978120245081e-01,False,True ,True ,True ,True ,False,True ,205.59688,+28.37836
1454784626650167936,NGC_5272_M_3, 0.0353034559257658, 1.0000000000000000, 3.5303455925765802e-02,False,True ,True ,True ,True ,False,True ,205.59855,+28.37785
1454784626652856832,NGC_5272_M_3, 0.7550635811674281, 1.0000000000000000, 7.5506358116742811e-01,False,True ,True ,True ,True ,False,True ,205.62779,+28.40799
1454784626652891264,NGC_5272_M_3, 0.9963037624579766, 1.0000000000000000, 9.9630376245797658e-01,False,True ,True ,True ,True ,False,True ,205.65742,+28.38374
1454784626653725824,NGC_5272_M_3, 0.0132569077900890, 1.0000000000000000, 1.3256907790088999e-02,False,True ,True ,True ,True ,False,True ,205.64438,+28.44139
1454784656715450368,NGC_5272_M_3, 0.9704332747367322, 1.0000000000000000, 9.7043327473673224e-01,False,True ,True ,True ,True ,False,True ,205.67927,+28.45770
1454784661012570880,NGC_5272_M_3, 0.9992069790988816, 1.0000000000000000, 9.9920697909888156e-01,False,True ,True ,True ,True ,False,True ,205.57280,+28.39151
1454784691075278720,NGC_5272_M_3, 0.9785095428717572, 1.0000000000000000, 9.7850954287175718e-01,False,True ,True ,True ,True ,False,True ,205.57275,+28.39263
1454784764091470976,NGC_5272_M_3, 0.9980971562135148, 1.0000000000000000, 9.9809715621351480e-01,False,True ,True ,True ,True ,False,True ,205.57942,+28.38524
1454785382566795520,NGC_5272_M_3, 0.9991967456307296, 1.0000000000000000, 9.9919674563072958e-01,False,True ,True ,True ,True ,False,True ,205.57529,+28.37756
1454785416926868736,NGC_5272_M_3, 0.9896495269444736, 1.0000000000000000, 9.8964952694447361e-01,False,True ,True ,True ,True ,False,True ,205.57101,+28.38411
1454785416926872960,NGC_5272_M_3, 0.9952335453010880, 1.0000000000000000, 9.9523354530108799e-01,False,True ,True ,True ,True ,False,True ,205.58271,+28.39513
1454785451286622208,NGC_5272_M_3, 0.9768232206115456, 1.0000000000000000, 9.7682322061154558e-01,False,True ,True ,True ,True ,False,True ,205.55822,+28.39650
1454785554365479424,NGC_5272_M_3, 0.9996381646661679, 1.0000000000000000, 9.9963816466616795e-01,False,True ,True ,True ,True ,False,True ,205.56272,+28.39679
1454785554365481856,NGC_5272_M_3, 0.9994141807076904, 1.0000000000000000, 9.9941418070769039e-01,False,True ,True ,True ,True ,False,True ,205.56244,+28.40157
1454785588725228416,NGC_5272_M_3, 0.9853550264314828, 1.0000000000000000, 9.8535502643148276e-01,False,True ,True ,True ,True ,False,True ,205.56981,+28.40548
1454796927433681152,NGC_5272_M_3, 0.9982671272793034, 1.0000000000000000, 9.9826712727930345e-01,False,True ,True ,True ,True ,False,True ,205.60152,+28.40609
1454796961798608000,NGC_5272_M_3, 0.9987136441184864, 1.0000000000000000, 9.9871364411848640e-01,False,True ,True ,True ,True ,False,True ,205.59625,+28.41680
1454797408475231232,NGC_5272_M_3, 0.9976218022586960, 1.0000000000000000, 9.9762180225869601e-01,False,True ,True ,True ,True ,False,True ,205.58384,+28.41486
1454797545914198400,NGC_5272_M_3, 0.9847798701549590, 1.0000000000000000, 9.8477987015495905e-01,False,True ,True ,True ,True ,False,True ,205.59048,+28.42570
1454798782864780288,NGC_5272_M_3, 0.9947249102087162, 1.0000000000000000, 9.9472491020871623e-01,False,True ,True ,True ,True ,False,True ,205.56310,+28.42257
1454873858890469760,NGC_5272_M_3, 0.9982906123048876, 1.0000000000000000, 9.9829061230488758e-01,False,True ,True ,True ,True ,False,True ,205.55972,+28.42065
1454873858890471296,NGC_5272_M_3, 0.9995784280446904, 1.0000000000000000, 9.9957842804469044e-01,False,True ,True ,True ,True ,False,True ,205.57322,+28.41756
1454874339926887680,NGC_5272_M_3, 0.9982596447625396, 1.0000000000000000, 9.9825964476253959e-01,False,True ,True ,True ,True ,False,True ,205.56797,+28.42419
1454874649164577024,NGC_5272_M_3, 0.9995093442506472, 1.0000000000000000, 9.9950934425064719e-01,False,True ,True ,True ,True ,False,True ,205.54555,+28.41240
1454874717884070400,NGC_5272_M_3, 0.9992493534879486, 1.0000000000000000, 9.9924935348794863e-01,False,True ,True ,True ,True ,False,True ,205.54287,+28.40852
1454874954107576448,NGC_5272_M_3, 0.9761966045892519, 1.0000000000000000, 9.7619660458925195e-01,False,True ,True ,True ,True ,False,True ,205.53959,+28.41869
1454875095841104512,NGC_5272_M_3, 0.9878982416940348, 1.0000000000000000, 9.8789824169403484e-01,False,True ,True ,True ,True ,False,True ,205.55457,+28.42695
1454875164557887232,NGC_5272_M_3, 0.9989999188521362, 1.0000000000000000, 9.9899991885213624e-01,False,True ,True ,True ,True ,False,True ,205.57560,+28.42027
1454875198920304256,NGC_5272_M_3, 0.9934725665767062, 1.0000000000000000, 9.9347256657670624e-01,False,True ,True ,True ,True ,False,True ,205.58716,+28.46942
1454875263345217152,NGC_5272_M_3, 0.8142512636103424, 1.0000000000000000, 8.1425126361034239e-01,False,True ,True ,True ,True ,False,True ,205.60745,+28.47935
1454875267639775232,NGC_5272_M_3, 0.9938695914341642, 1.0000000000000000, 9.9386959143416420e-01,False,True ,True ,True ,True ,False,True ,205.53251,+28.42495
1454875405078826240,NGC_5272_M_3, 0.9749532513022972, 1.0000000000000000, 9.7495325130229715e-01,False,True ,True ,True ,True ,False,True ,205.54103,+28.43143
1454875439438546176,NGC_5272_M_3, 0.9660370055640832, 1.0000000000000000, 9.6603700556408323e-01,False,True ,True ,True ,True ,False,True ,205.55928,+28.47333
1454875920474927872,NGC_5272_M_3, 0.9988222191144260, 1.0000000000000000, 9.9882221911442604e-01,False,True ,True ,True ,True ,False,True ,205.56129,+28.47543
1454877432303426304,NGC_5272_M_3, 0.9995623772262816, 1.0000000000000000, 9.9956237722628161e-01,False,True ,True ,True ,True ,False,True ,205.51182,+28.45564
1454878183922968576,NGC_5272_M_3, 0.9909325664121208, 1.0000000000000000, 9.9093256641212080e-01,False,True ,True ,True ,True ,False,True ,205.52348,+28.47129
1454878183922968832,NGC_5272_M_3, 0.9852805175582841, 1.0000000000000000, 9.8528051755828405e-01,False,True ,True ,True ,True ,False,True ,205.58379,+28.47011
1454878183922971776,NGC_5272_M_3, 0.9844586842073252, 1.0000000000000000, 9.8445868420732519e-01,False,True ,True ,True ,True ,False,True ,205.57592,+28.49420
1454878188215878272,NGC_5272_M_3, 0.9920267597561550, 1.0000000000000000, 9.9202675975615495e-01,False,True ,True ,True ,False,False,True ,205.65569,+28.47616
1454878188217524352,NGC_5272_M_3, 0.3445088057114255, 1.0000000000000000, 3.4450880571142550e-01,False,True ,True ,True ,True ,False,True ,205.68796,+28.56320
1454878222574907648,NGC_5272_M_3, 0.8927159833051593, 1.0000000000000000, 8.9271598330515933e-01,False,True ,True ,True ,True ,False,True ,205.48297,+28.46822
1454878252642441728,NGC_5272_M_3, 0.4590368834012565, 1.0000000000000000, 4.5903688340125648e-01,False,True ,True ,True ,True ,False,True ,205.50280,+28.47772
1454878252642442496,NGC_5272_M_3, 0.8891643826111648, 1.0000000000000000, 8.8916438261116482e-01,False,True ,True ,True ,True ,False,True ,205.55090,+28.55100
1454878256937030656,NGC_5272_M_3, 0.9939300246176740, 1.0000000000000000, 9.9393002461767399e-01,False,True ,True ,True ,True ,False,True ,205.19843,+28.55727
1454878287002207104,NGC_5272_M_3, 0.8956441266465868, 1.0000000000000000, 8.9564412664658677e-01,False,True ,True ,True ,True ,False,True ,225.20076,-82.28929
1454878325656564864,NGC_5272_M_3, 0.9884798080819518, 1.0000000000000000, 9.8847980808195179e-01,False,True ,True ,True ,True ,False,True ,225.27000,-82.27883
1454878325656578432,NGC_5272_M_3, 0.9895963975349192, 1.0000000000000000, 9.8959639753491924e-01,False,True ,True ,True ,True ,False,True ,225.56728,-82.28829
1454878394373949568,NGC_5272_M_3, 0.9698894766362732, 1.0000000000000000, 9.6988947663627323e-01,False,True ,True ,True ,True ,False,True ,226.16373,-82.21095
1454878394376064512,NGC_5272_M_3, 0.9406911079262066, 1.0000000000000000, 9.4069110792620658e-01,False,True ,True ,True ,True ,False,True ,225.57079,-82.22240
1454878493160635136,NGC_5272_M_3, 0.9698663429813584, 1.0000000000000000, 9.6986634298135843e-01,False,True ,True ,True ,True ,False,True ,225.58769,-82.23460
1454878497455250048,NGC_5272_M_3, 0.9999761275741782, 1.0000000000000000, 9.9997612757417820e-01,False,True ,True ,True ,True ,False,True ,225.14954,-82.29259
1454878497455254784,NGC_5272_M_3, 0.9569296365532504, 1.0000000000000000, 9.5692963655325036e-01,False,True ,True ,True ,True ,False,True ,225.20842,-82.27806
1454878497455262592,NGC_5272_M_3, 0.9574127257948480, 1.0000000000000000, 9.5741272579484804e-01,False,True ,True ,True ,True ,False,True ,225.16931,-82.25763
1454878527520369792,NGC_5272_M_3, 0.9738048690454107, 1.0000000000000000, 9.7380486904541075e-01,False,True ,True ,True ,True ,False,True ,224.79995,-82.28242
1454878531814855040,NGC_5272_M_3, 0.9642295049478780, 1.0000000000000000, 9.6422950494787796e-01,False,True ,True ,True ,True ,False,True ,224.96386,-82.23988
1454878531814961024,NGC_5272_M_3, 0.9904633530975880, 1.0000000000000000, 9.9046335309758804e-01,False,True ,True ,True ,True ,False,True ,225.31073,-82.24323
1454878566174734208,NGC_5272_M_3, 0.9767449193842216, 1.0000000000000000, 9.7674491938422159e-01,False,True ,True ,True ,True ,False,True ,225.24033,-82.24706
1454878600534477440,NGC_5272_M_3, 0.9976849547619764, 1.0000000000000000, 9.9768495476197638e-01,False,True ,True ,True ,True ,False,True ,225.37483,-82.20993
1454879081570859648,NGC_5272_M_3, 0.9989270065816944, 1.0000000000000000, 9.9892700658169442e-01,False,True ,True ,True ,True ,False,True ,225.13543,-82.23978
1454879219009819136,NGC_5272_M_3, 0.9992608443248320, 1.0000000000000000, 9.9926084432483198e-01,False,True ,True ,True ,True ,False,True ,225.12271,-82.24149
1454879283434612480,NGC_5272_M_3, 0.9914013440776834, 1.0000000000000000, 9.9140134407768343e-01,False,True ,True ,True ,True ,False,True ,225.14300,-82.24012
1454879322088975360,NGC_5272_M_3, 0.9540354397401660, 1.0000000000000000, 9.5403543974016602e-01,False,True ,True ,True ,True ,False,True ,225.19853,-82.22501
1454879528247454336,NGC_5272_M_3, 0.9922200655974658, 1.0000000000000000, 9.9222006559746578e-01,False,True ,True ,True ,True ,False,True ,225.22576,-82.22195
1454879528247455488,NGC_5272_M_3, 0.9987710538485854, 1.0000000000000000, 9.9877105384858544e-01,False,True ,True ,True ,True ,False,True ,225.03909,-82.23389
1454879562607008640,NGC_5272_M_3, 0.9966046470122520, 1.0000000000000000, 9.9660464701225204e-01,False,True ,True ,True ,True ,False,True ,225.08620,-82.22995
1454879700046136320,NGC_5272_M_3, 0.9977496576320312, 1.0000000000000000, 9.9774965763203116e-01,False,True ,True ,True ,True ,False,True ,225.05709,-82.21994
1454879837485103360,NGC_5272_M_3, 0.9996766926789118, 1.0000000000000000, 9.9967669267891179e-01,False,True ,True ,True ,True ,False,True ,225.02818,-82.22659
1454879940564325120,NGC_5272_M_3, 0.9940922840308962, 1.0000000000000000, 9.9409228403089622e-01,False,True ,True ,True ,True ,False,True ,225.08070,-82.23574
1454880455960404224,NGC_5272_M_3, 0.9739057371042156, 1.0000000000000000, 9.7390573710421557e-01,False,True ,True ,True ,True ,False,True ,225.14062,-82.21825
1454881314953875840,NGC_5272_M_3, 0.9988814950966350, 1.0000000000000000, 9.9888149509663504e-01,False,True ,True ,True ,True ,False,True ,225.09729,-82.21901
1454891382357007616,NGC_5272_M_3, 0.9998933232541696, 1.0000000000000000, 9.9989332325416957e-01,False,True ,True ,True ,True ,False,True ,225.13543,-82.21737
1454891416716749312,NGC_5272_M_3, 0.9985541713114960, 1.0000000000000000, 9.9855417131149604e-01,False,True ,True ,True ,True ,False,True ,225.12289,-82.22265
1454892172631004032,NGC_5272_M_3, 0.9844554434517488, 1.0000000000000000, 9.8445544345174885e-01,False,True ,True ,True ,True ,False,True ,225.18562,-82.21825
1454988929652528512,NGC_5272_M_3, 0.9953959013084392, 0.5074572230359200, 5.0512083989931722e-01,False,True ,True ,True ,True ,False,True ,225.18045,-82.21422
5771799909628657536,IC_4499, 0.9903528623057219, 0.3659499888337671, 3.6241961890226820e-01,False,True ,True ,True ,True ,False,True ,225.09340,-82.21174
5771799948286891008,IC_4499, 0.9838566748317712, 0.4579240002730479, 4.5053158423430401e-01,False,True ,True ,True ,True ,False,True ,225.10764,-82.21051
5771800085725844224,IC_4499, 0.9801399844038048, 0.1668888659192866, 1.6357445043929819e-01,False,True ,True ,True ,True ,False,True ,225.22097,-82.21381
5771801455816999424,IC_4499, 0.1758327359868424, 0.0381137860508031, 6.7016512801297999e-03,False,True ,True ,True ,False,False,True ,225.24293,-82.22309
5771801971213059072,IC_4499, 0.9935782850162140, 0.5101890153139922, 5.0691272686978728e-01,False,True ,True ,True ,True ,False,True ,225.26302,-82.22584
5771801975511467136,IC_4499, 0.9953830487283664, 0.4292459765411150, 4.2726416878388002e-01,False,True ,True ,True ,False,False,True ,225.24571,-82.22077
5771811664957670784,IC_4499, 0.9905033825013808, 0.3457668745461417, 3.4248325879488389e-01,False,True ,True ,True ,True ,False,True ,225.28503,-82.21915
5771811695018934016,IC_4499, 0.9780925354289800, 0.5177357990812780, 5.0639352040575625e-01,False,True ,True ,True ,True ,False,True ,225.29531,-82.21069
5771811768036891520,IC_4499, 0.9990063698204178, 1.0000000000000000, 9.9900636982041779e-01,False,True ,True ,True ,True ,False,True ,225.20408,-82.19883
5771811866817621888,IC_4499, 0.9997656210931756, 0.3858131774513655, 3.8572275098059600e-01,False,True ,True ,True ,True ,False,True ,225.18480,-82.21057
5771812038616691200,IC_4499, 0.9830882549919604, 1.0000000000000000, 9.8308825499196040e-01,False,True ,True ,True ,True ,False,True ,225.23373,-82.19709
5771812107335849728,IC_4499, 0.9751012970906484, 1.0000000000000000, 9.7510129709064841e-01,False,True ,True ,True ,True ,False,True ,225.27110,-82.19527
5771812145994016256,IC_4499, 0.9943925653812820, 1.0000000000000000, 9.9439256538128196e-01,False,True ,True ,True ,True ,False,True ,225.30893,-82.19029
5771812317793579136,IC_4499, 0.9997396143523660, 1.0000000000000000, 9.9973961435236602e-01,False,True ,True ,True ,True ,False,True ,224.79332,-82.26306
5771812347853645440,IC_4499, 0.9892789989847346, 1.0000000000000000, 9.8927899898473459e-01,False,True ,True ,True ,True ,False,True ,224.85189,-82.23497
5771812347857092864,IC_4499, 0.9505994692705210, 1.0000000000000000, 9.5059946927052097e-01,False,True ,True ,True ,True ,False,True ,224.87024,-82.24445
5771812352152447616,IC_4499, 0.9900275782721488, 1.0000000000000000, 9.9002757827214882e-01,False,True ,True ,True ,True ,False,True ,224.93533,-82.23416
5771812382215480960,IC_4499, 0.9965896741726322, 1.0000000000000000, 9.9658967417263222e-01,False,True ,True ,True ,True ,False,True ,224.95605,-82.22403
5771812386512193792,IC_4499, 0.9691522655832866, 1.0000000000000000, 9.6915226558328660e-01,False,True ,True ,True ,True ,False,True ,224.97551,-82.22800
5771812416575210752,IC_4499, 0.9423620076327314, 1.0000000000000000, 9.4236200763273137e-01,False,True ,True ,True ,True ,False,True ,224.80674,-82.21745
5771812416575214464,IC_4499, 0.9904289253683904, 1.0000000000000000, 9.9042892536839044e-01,False,True ,True ,True ,True ,False,True ,224.90744,-82.21583
5771812420871983104,IC_4499, 0.9972013967163568, 1.0000000000000000, 9.9720139671635677e-01,False,True ,True ,True ,True ,False,True ,224.72233,-82.22229
5771812420871984128,IC_4499, 0.9955871093696068, 1.0000000000000000, 9.9558710936960682e-01,False,True ,True ,True ,True ,False,True ,224.81333,-82.21112
5771812420871988864,IC_4499, 0.9880233460305446, 1.0000000000000000, 9.8802334603054465e-01,False,True ,True ,True ,True ,False,True ,224.97828,-82.21066
5771812455228843008,IC_4499, 0.9663475304460764, 1.0000000000000000, 9.6634753044607635e-01,False,True ,True ,True ,True ,False,True ,224.98855,-82.22199
5771812455229052160,IC_4499, 0.9271365035271530, 1.0000000000000000, 9.2713650352715304e-01,False,True ,True ,True ,False,False,True ,224.98259,-82.21242
5771812455229061248,IC_4499, 0.9468300505882452, 1.0000000000000000, 9.4683005058824521e-01,False,True ,True ,True ,True ,False,True ,225.00011,-82.21021
5771812455229066368,IC_4499, 0.9992920906666896, 1.0000000000000000, 9.9929209066668956e-01,False,True ,True ,True ,True ,False,True ,225.03512,-82.21658
5771812455231672576,IC_4499, 0.9713185237855332, 1.0000000000000000, 9.7131852378553318e-01,False,True ,True ,True ,True ,False,True ,224.97823,-82.22338
5771812455231674112,IC_4499, 0.8006715506729496, 1.0000000000000000, 8.0067155067294959e-01,False,True ,True ,True ,True ,False,True ,225.08290,-82.20548
5771812455231719424,IC_4499, 0.9522344741293484, 1.0000000000000000, 9.5223447412934836e-01,False,True ,True ,True ,False,False,True ,225.04351,-82.19844
5771812455231720320,IC_4499, 0.9036949997203484, 1.0000000000000000, 9.0369499972034839e-01,False,True ,True ,True ,False,False,True ,225.06194,-82.19481
5771812485294696960,IC_4499, 0.9498023081522152, 1.0000000000000000, 9.4980230815221522e-01,False,True ,True ,True ,True ,False,True ,225.02599,-82.20615
5771812485294697472,IC_4499, 0.9940612656612492, 1.0000000000000000, 9.9406126566124919e-01,False,True ,True ,True ,True ,False,True ,225.03956,-82.20480
5771812489591407488,IC_4499, 0.9911846859014416, 1.0000000000000000, 9.9118468590144160e-01,False,True ,True ,True ,True ,False,True ,224.90756,-82.20034
5771812489591410048,IC_4499, 0.7936918166908975, 1.0000000000000000, 7.9369181669089750e-01,False,True ,True ,True ,True ,False,True ,224.91168,-82.19847
5771812489591411840,IC_4499, 0.9582712277356854, 1.0000000000000000, 9.5827122773568540e-01,False,True ,True ,True ,True ,False,True ,224.96691,-82.20425
5771812489591414912,IC_4499, 0.9989208230447209, 1.0000000000000000, 9.9892082304472085e-01,False,True ,True ,True ,True ,False,True ,224.97974,-82.19727
5771812558308091392,IC_4499, 0.9952479030781022, 1.0000000000000000, 9.9524790307810218e-01,False,True ,True ,True ,True ,False,True ,225.02947,-82.19905
5771812558310890496,IC_4499, 0.9625165913555424, 1.0000000000000000, 9.6251659135554235e-01,False,True ,True ,True ,True ,False,True ,224.99250,-82.20317
5771812592670632704,IC_4499, 0.9980664509421404, 1.0000000000000000, 9.9806645094214042e-01,False,True ,True ,True ,True ,False,True ,225.11027,-82.18724
5771812592670633088,IC_4499, 0.9994020210062734, 1.0000000000000000, 9.9940202100627340e-01,False,True ,True ,True ,True ,False,True ,225.08428,-82.19553
5771812592670634240,IC_4499, 0.9903852494883936, 1.0000000000000000, 9.9038524948839357e-01,False,True ,True ,True ,True ,False,True ,225.10903,-82.19255
5771812622731890048,IC_4499, 0.9934198211140164, 0.6363853510654591, 6.3219782161502891e-01,False,True ,True ,True ,True ,False,True ,225.11310,-82.19933
5771812760170889472,IC_4499, 0.9951251640934432, 1.0000000000000000, 9.9512516409344320e-01,False,True ,True ,True ,True ,False,True ,225.20700,-82.17242
5771812764469365376,IC_4499, 0.9746979778136724, 1.0000000000000000, 9.7469797781367240e-01,False,True ,True ,True ,True ,False,True ,225.21791,-82.18573
5771812798826585472,IC_4499, 0.9926306580580528, 1.0000000000000000, 9.9263065805805284e-01,False,True ,True ,False,True ,False,True ,225.18474,-82.18364
5771812798829098624,IC_4499, 0.9939036550517364, 1.0000000000000000, 9.9390365505173639e-01,False,True ,True ,True ,True ,False,True ,225.09428,-82.17679
5771812798829102976,IC_4499, 0.9958199928491318, 1.0000000000000000, 9.9581999284913181e-01,False,True ,True ,True ,True ,False,True ,225.07636,-82.18296
5771812828890388992,IC_4499, 0.9892975409102966, 1.0000000000000000, 9.8929754091029665e-01,False,True ,True ,True ,True ,False,True ,225.15773,-82.16485
5771812867545826688,IC_4499, 0.9678006097899200, 1.0000000000000000, 9.6780060978992000e-01,False,True ,True ,True ,True ,False,True ,225.10800,-82.16400
5771813035048817280,IC_4499, 0.9981193421519016, 0.9162538149219336, 9.1453065499405062e-01,False,True ,True ,True ,True ,False,True ,224.83691,-82.18877
5771813073706994304,IC_4499, 0.9760719604149396, 1.0000000000000000, 9.7607196041493960e-01,False,True ,True ,True ,True ,False,True ,224.86784,-82.20017
5771813172489451648,IC_4499, 0.9824207692594208, 1.0000000000000000, 9.8242076925942079e-01,False,True ,True ,True ,True ,False,True ,224.98423,-82.17020
5771813172489452672,IC_4499, 0.9918273989038728, 1.0000000000000000, 9.9182739890387284e-01,False,True ,True ,True ,True ,False,True ,225.07726,-82.15702
5771813176783485568,IC_4499, 0.9826277751811402, 1.0000000000000000, 9.8262777518114020e-01,False,True ,True ,True ,True ,False,True ,225.59565,-82.19191
5771813176783488000,IC_4499, 0.9971109182584420, 1.0000000000000000, 9.9711091825844200e-01,False,True ,True ,True ,False,False,True ,225.68939,-82.12706
5771813176783523456,IC_4499, 0.8947711268801521, 1.0000000000000000, 8.9477112688015215e-01,False,True ,True ,True ,True ,False,True ,225.28250,-82.17409
5771813176786221952,IC_4499, 0.9953524502405270, 1.0000000000000000, 9.9535245024052699e-01,False,True ,True ,True ,True ,False,True ,225.23218,-82.14293
5771813206849196672,IC_4499, 0.8417608453627694, 1.0000000000000000, 8.4176084536276941e-01,False,True ,True ,True ,False,False,True ,225.27635,-82.13420
5771813206850509824,IC_4499, 0.7972778812034491, 1.0000000000000000, 7.9727788120344911e-01,False,True ,True ,True ,True ,False,True ,224.65342,-82.18840
5771813211143214208,IC_4499, 0.9913817130707110, 1.0000000000000000, 9.9138171307071099e-01,False,True ,True ,True ,True ,False,True ,224.68713,-82.17188
5771813211143224960,IC_4499, 0.9884525507668388, 1.0000000000000000, 9.8845255076683880e-01,False,True ,True ,True ,True ,False,True ,224.82439,-82.12983
5771813211145955968,IC_4499, 0.8300168380994065, 1.0000000000000000, 8.3001683809940652e-01,False,True ,True ,True ,True ,False,True ,225.23917,-81.98689
5771813241207539072,IC_4499, 0.9975441984327360, 1.0000000000000000, 9.9754419843273601e-01,False,True ,True ,True ,True ,False,True ,259.05471,-28.16026
5771813241210170240,IC_4499, 0.9202906174021934, 1.0000000000000000, 9.2029061740219342e-01,False,True ,True ,True ,True ,False,True ,078.54566,-40.10252
5771813245502945664,IC_4499, 0.9992444860414608, 1.0000000000000000, 9.9924448604146077e-01,False,True ,True ,True ,True ,False,True ,078.55272,-40.08550
5771813275567276928,IC_4499, 0.9926889630637760, 1.0000000000000000, 9.9268896306377596e-01,False,True ,True ,True ,True ,False,True ,078.56733,-40.06317
5771813275569978112,IC_4499, 0.9718684391772749, 1.0000000000000000, 9.7186843917727495e-01,False,True ,True ,True ,True ,False,True ,078.51216,-40.06399
5771813275570990080,IC_4499, 0.9735516720917030, 1.0000000000000000, 9.7355167209170301e-01,False,True ,True ,True ,True ,False,True ,078.49937,-40.06165
5771813309928422016,IC_4499, 0.9447925726271976, 1.0000000000000000, 9.4479257262719762e-01,False,True ,True ,True ,True ,False,True ,078.50009,-40.05121
5771813314222435200,IC_4499, 0.9887135518297936, 1.0000000000000000, 9.8871355182979359e-01,False,True ,True ,True ,True ,False,True ,078.52934,-40.07873
5771813314225169664,IC_4499, 0.9465537494585240, 1.0000000000000000, 9.4655374945852400e-01,False,True ,True ,True ,True ,False,True ,078.53646,-40.05223
5771813314225173504,IC_4499, 0.9979473687517558, 1.0000000000000000, 9.9794736875175583e-01,False,True ,True ,True ,True ,False,True ,078.53664,-40.05703
5771813344286520960,IC_4499, 0.9993144598481392, 1.0000000000000000, 9.9931445984813916e-01,False,True ,True ,True ,True ,False,True ,078.52325,-40.05471
5771813348582079616,IC_4499, 0.8704464876848712, 1.0000000000000000, 8.7044648768487121e-01,False,True ,True ,True ,True ,False,True ,078.51548,-40.05157
5771813348584909568,IC_4499, 0.9979631178917462, 1.0000000000000000, 9.9796311789174619e-01,False,True ,True ,True ,True ,False,True ,078.53304,-40.05394
5771813378649229440,IC_4499, 0.9844136135667948, 1.0000000000000000, 9.8441361356679480e-01,False,True ,True ,True ,True ,False,True ,078.52822,-40.05193
5771813382944642048,IC_4499, 0.9972576895512180, 1.0000000000000000, 9.9725768955121796e-01,False,True ,True ,True ,True ,False,True ,078.53720,-40.04088
5771813413006006528,IC_4499, 0.9711458601289510, 0.8819978046024501, 8.5654851658249287e-01,False,True ,True ,True ,True ,False,True ,078.55117,-40.04779
5771813417304377216,IC_4499, 0.9973743000654478, 0.8715267234741838, 8.6923835581339715e-01,False,True ,True ,True ,True ,False,True ,078.53795,-40.03372
5771813451664113536,IC_4499, 0.9939221754143373, 1.0000000000000000, 9.9392217541433725e-01,False,True ,True ,True ,True ,False,True ,078.53568,-40.03810
5771813451664115840,IC_4499, 0.9985375831039772, 1.0000000000000000, 9.9853758310397722e-01,False,True ,True ,True ,True ,False,True ,078.54127,-40.03669
5771813584804691072,IC_4499, 0.9966909238579028, 0.9696829179306896, 9.6647416332156599e-01,False,True ,True ,True ,True ,False,True ,078.52819,-40.03545
5771813619164446336,IC_4499, 0.9925717523920944, 0.6905218386606318, 6.8539247146439430e-01,False,True ,True ,True ,True ,False,True ,078.51949,-40.03783
5771813932696694144,IC_4499, 0.9889012883289342, 0.4339749368979080, 4.2915837420080921e-01,False,True ,True ,True ,True ,False,True ,078.52308,-40.03918
5771814654254525952,IC_4499, 0.9901282336142940, 0.1000733924532979, 9.9085491301573903e-02,False,True ,True ,True ,True ,False,True ,078.50480,-40.03163
5771814826053630336,IC_4499, 0.9950503294765940, 0.9673632688082568, 9.6257513935121120e-01,False,True ,True ,True ,True ,False,True ,078.51025,-40.02242
5771814924834516736,IC_4499, 0.9996006612088444, 0.4147814137141050, 4.1461577540575861e-01,False,True ,True ,True ,True ,False,True ,078.54139,-40.00377
5771815027913736448,IC_4499, 0.9894730860369796, 0.3016011720617801, 2.9842624247233962e-01,False,True ,True ,True ,True ,False,True ,078.48066,-40.01975
5771816097363964672,IC_4499, 0.9971822214157560, 0.5324329475627698, 5.3093266940558148e-01,False,True ,True ,True ,True ,False,True ,078.62058,-40.04902
5771816475321085952,IC_4499, 0.9495755767535756, 0.4467523061009896, 4.2422507873183718e-01,False,True ,True ,True ,True ,False,True ,078.57296,-40.01685
5771816677181180416,IC_4499, 0.9995774358355980, 0.2110342260685145, 2.1094505056711560e-01,False,True ,True ,True ,True ,False,True ,078.80289,-39.74571
5771843409058215552,IC_4499, 0.9998493333005261, 0.0027166132114873, 2.7162039083410000e-03,False,True ,True ,True ,False,False,True ,264.68241,-23.93677
4107745209134130176,NGC_6316, 0.0940875888288426, 0.0357907338758603, 3.3674638527944000e-03,False,True ,True ,False,False,False,True ,264.64529,-23.95381
4819185204286555648,NGC_1851, 0.9996228980594436, 1.0000000000000000, 9.9962289805944360e-01,False,True ,True ,True ,True ,False,True ,264.63972,-23.94807
4819185577944841600,NGC_1851, 0.9961348722756944, 1.0000000000000000, 9.9613487227569442e-01,False,True ,True ,True ,True ,False,True ,264.64867,-23.92404
4819185788402006016,NGC_1851, 0.9991102319761904, 1.0000000000000000, 9.9911023197619042e-01,False,True ,True ,False,True ,False,True ,264.66123,-23.92367
4819197088457142656,NGC_1851, 0.8698162138985583, 1.0000000000000000, 8.6981621389855834e-01,False,True ,True ,True ,True ,False,True ,264.65734,-23.91938
4819197294615559808,NGC_1851, 0.9262419335117982, 1.0000000000000000, 9.2624193351179818e-01,False,True ,True ,True ,True ,False,True ,264.64164,-23.91140
4819197294615560576,NGC_1851, 0.9938737553746168, 1.0000000000000000, 9.9387375537461675e-01,False,True ,True ,True ,True ,False,True ,264.64145,-23.90743
4819197397694810112,NGC_1851, 0.9900713551076306, 1.0000000000000000, 9.9007135510763056e-01,False,True ,True ,True ,True ,False,True ,264.64520,-23.90994
4819197436352871424,NGC_1851, 0.7487352167516782, 1.0000000000000000, 7.4873521675167820e-01,False,True ,True ,True ,True ,False,True ,264.64837,-23.91369
4819197436353153280,NGC_1851, 0.8965507496040288, 1.0000000000000000, 8.9655074960402881e-01,False,True ,True ,True ,True ,False,True ,264.64089,-23.90113
4819197470712622976,NGC_1851, 0.0115894041183594, 1.0000000000000000, 1.1589404118359400e-02,False,True ,True ,True ,True ,False,True ,264.61725,-23.90677
4819197470712839168,NGC_1851, 0.7141468892738960, 1.0000000000000000, 7.1414688927389602e-01,False,True ,True ,True ,True ,False,True ,264.60170,-23.86372
4819197505069289600,NGC_1851, 0.8865016122049959, 1.0000000000000000, 8.8650161220499590e-01,False,True ,True ,True ,True ,False,True ,264.59562,-23.86439
4819197505072262400,NGC_1851, 0.4779110039720876, 1.0000000000000000, 4.7791100397208758e-01,False,True ,True ,False,False,False,True ,264.67070,-23.90904
4819197505072626560,NGC_1851, 0.1124884396207719, 1.0000000000000000, 1.1248843962077190e-01,False,True ,True ,True ,True ,False,True ,264.67000,-23.90235
4819197539428517248,NGC_1851, 0.9858353828017348, 1.0000000000000000, 9.8583538280173477e-01,False,True ,True ,True ,True ,False,True ,264.66395,-23.91089
4819197608147910528,NGC_1851, 0.9321633448503776, 1.0000000000000000, 9.3216334485037755e-01,False,True ,True ,True ,True ,False,True ,264.68965,-23.89864
4819197608151688832,NGC_1851, 0.5694241793148811, 1.0000000000000000, 5.6942417931488110e-01,False,True ,True ,True ,True ,False,True ,264.65905,-23.89956
4819197608151998976,NGC_1851, 0.7834406698379091, 1.0000000000000000, 7.8344066983790905e-01,False,True ,True ,True ,True ,False,True ,264.66063,-23.89795
4819197706932453760,NGC_1851, 0.5424747402839494, 1.0000000000000000, 5.4247474028394937e-01,False,True ,True ,True ,True ,False,True ,264.67932,-23.87654
4819197711227243264,NGC_1851, 0.6640539617576280, 1.0000000000000000, 6.6405396175762799e-01,False,True ,True ,True ,True ,False,True ,264.67017,-23.86645
4819197711230739072,NGC_1851, 0.1392803557048314, 1.0000000000000000, 1.3928035570483141e-01,False,True ,True ,True ,True ,False,True ,264.65323,-23.86432
4819197745587498240,NGC_1851, 0.9071233428975084, 1.0000000000000000, 9.0712334289750840e-01,False,True ,True ,True ,True ,False,True ,264.65028,-23.83826
4819197779949971840,NGC_1851, 0.9939258802931598, 1.0000000000000000, 9.9392588029315976e-01,False,True ,True ,True ,True ,False,True ,254.28468,-04.03885
4819197848669565952,NGC_1851, 0.9918055958040344, 1.0000000000000000, 9.9180559580403438e-01,False,True ,True ,True ,True ,False,True ,254.80412,-03.92250
4819198497206392832,NGC_1851, 0.9734949357890166, 1.0000000000000000, 9.7349493578901658e-01,False,True ,True ,True ,True ,False,True ,292.15167,-30.34897
4819279418686292864,NGC_1851, 0.9949090088013276, 1.0000000000000000, 9.9490900880132760e-01,False,True ,True ,True ,True ,False,True ,292.21789,-30.36970
4819291410235369472,NGC_1851, 0.8261563942210367, 1.0000000000000000, 8.2615639422103671e-01,False,True ,True ,True ,True ,False,True ,292.23718,-30.35839
4819300962242160256,NGC_1851, 0.9999913172149528, 0.0321315266710237, 3.2131247679884400e-02,False,True ,True ,True ,False,False,True ,292.18723,-30.36524
4116346104490308992,NGC_6401, 0.9407547918148432, 0.6157433310443746, 5.7926348920802873e-01,False,True ,True ,True ,True ,False,True ,292.16416,-30.33528
4116346722961680640,NGC_6401, 0.9152274602904058, 0.5067934464264962, 4.6383127886474390e-01,False,True ,True ,True ,False,False,True ,292.27018,-30.26790
4116346787355726976,NGC_6401, 0.6066348671503943, 0.6453582886036738, 3.9149683967149551e-01,False,True ,True ,True ,True ,False,True ,278.11185,-32.33501
4116346894846621696,NGC_6401, 0.6437860342890322, 1.0000000000000000, 6.4378603428903225e-01,False,True ,True ,True ,True ,False,True ,194.93324,-70.90704
4116346929124073344,NGC_6401, 0.2065907181983266, 1.0000000000000000, 2.0659071819832661e-01,False,True ,True ,False,True ,False,True ,195.00529,-70.88825
4116346929124090240,NGC_6401, 0.0108481223768803, 1.0000000000000000, 1.0848122376880300e-02,False,True ,True ,True ,True ,False,True ,195.12424,-70.88222
4116347100923070080,NGC_6401, 0.0070673650299091, 1.0000000000000000, 7.0673650299091003e-03,False,True ,True ,True ,True ,False,True ,194.86766,-70.90719
4116347130953113600,NGC_6401, 0.0125067514854535, 1.0000000000000000, 1.2506751485453500e-02,False,True ,True ,True ,True ,False,True ,194.77492,-70.89169
4116347135282604672,NGC_6401, 0.3968116292328792, 1.0000000000000000, 3.9681162923287921e-01,False,True ,True ,True ,True ,False,True ,194.83831,-70.89081
4116347135364739584,NGC_6401, 0.0228927342198189, 1.0000000000000000, 2.2892734219818901e-02,False,True ,True ,True ,True ,False,True ,194.90284,-70.88309
4116347204084227072,NGC_6401, 0.0095790495513813, 1.0000000000000000, 9.5790495513812992e-03,False,True ,True ,True ,True ,False,True ,194.87919,-70.88535
4116350120241548160,NGC_6401, 0.0356572919241536, 0.8043805734350822, 2.8682032925092801e-02,False,True ,True ,True ,True ,False,True ,194.89042,-70.87046
4116350433817633792,NGC_6401, 0.8945571561390502, 0.1263816042445972, 1.1305556848133780e-01,False,True ,True ,True ,False,False,True ,194.89058,-70.86618
4116350498199074560,NGC_6401, 0.0333980697309571, 0.1013466571019723, 3.3847827208909999e-03,False,True ,True ,True ,False,False,True ,194.93785,-70.89887
4116352804645624448,NGC_6401, 0.5159986432410588, 1.0000000000000000, 5.1599864324105882e-01,False,True ,True ,True ,True ,False,True ,194.95318,-70.87265
4116352804645717888,NGC_6401, 0.0146222504946976, 1.0000000000000000, 1.4622250494697600e-02,False,True ,True ,True ,True ,False,True ,194.90825,-70.87089
4116352804723048576,NGC_6401, 0.6525065196420696, 1.0000000000000000, 6.5250651964206963e-01,False,True ,True ,False,True ,False,True ,194.93625,-70.85761
4116352839096358400,NGC_6401, 0.3087984587604134, 0.8048907311520090, 2.4854901725028269e-01,False,True ,True ,True ,True ,False,True ,194.96205,-70.84357
4116353010804256896,NGC_6401, 0.0053393926423607, 1.0000000000000000, 5.3393926423607003e-03,False,True ,True ,True ,True ,False,True ,194.98382,-70.83625
4116353010804260864,NGC_6401, 0.7847122571082056, 1.0000000000000000, 7.8471225710820558e-01,False,True ,True ,True ,True ,False,True ,194.65220,-70.74664
4116353148243328000,NGC_6401, 0.9828629741586112, 0.6608634183708054, 6.4953818489255644e-01,False,True ,True ,True ,True ,False,True ,255.63436,-26.31560
4116353216963002752,NGC_6401, 0.2573091485227958, 0.5079496567183194, 1.3070009366263721e-01,False,True ,True ,True ,False,False,True ,280.81959,-32.32195
4116356068821493888,NGC_6401, 0.9729658102455524, 0.4930783594655330, 4.7974838553193000e-01,False,True ,True ,True ,False,False,True ,283.24933,-08.70869
4116356240620573056,NGC_6401, 0.9148643734306520, 0.1231971640065942, 1.1270869625732600e-01,False,True ,True ,True ,False,False,True ,283.31780,-08.71056
4365635936279240704,NGC_6254_M_10, 0.8761865999796771, 1.0000000000000000, 8.7618659997967707e-01,False,True ,True ,False,False,False,True ,271.53745,-27.75720
4365652909990794880,NGC_6254_M_10, 0.2644954789368545, 0.0018090551153605, 4.7848689916040003e-04,False,True ,True ,True ,False,False,True ,255.29888,-30.06268
6746357023072172032,Arp_2, 0.9899579808517692, 1.0000000000000000, 9.8995798085176923e-01,False,True ,True ,True ,True ,False,True ,272.67359,-07.45697
6746379532994002048,Arp_2, 0.9026075548419420, 1.0000000000000000, 9.0260755484194199e-01,False,True ,True ,True ,True ,False,True ,262.70333,-39.81100
6746379563060514432,Arp_2, 0.6642164478066828, 0.4747642228106665, 3.1534620562100141e-01,False,True ,True ,True ,True ,False,True ,081.05645,-24.54148
6746380220188778880,Arp_2, 0.8051410579343270, 1.0000000000000000, 8.0514105793432700e-01,False,True ,True ,True ,True ,False,True ,081.04266,-24.51772
6746380529430319232,Arp_2, 0.9747322508625172, 1.0000000000000000, 9.7473225086251725e-01,False,True ,True ,True ,True ,False,True ,262.79189,-67.01705
6746382655437208192,Arp_2, 0.8352302182075724, 0.0108599693534146, 9.0705745727800002e-03,False,True ,True ,True ,True ,False,True ,262.77361,-29.97221
4046555669077616256,NGC_6637_M_69, 0.0186218853597095, 0.0014852236649993, 2.7657664823145848e-05,False,True ,True ,True ,False,False,True ,322.49702,+12.15662
5843786452046884864,NGC_4833, 0.7438255337370199, 1.0000000000000000, 7.4382553373701987e-01,False,True ,True ,True ,True ,False,True ,322.46033,+12.23526
5843786486406754048,NGC_4833, 0.9787923295125612, 1.0000000000000000, 9.7879232951256123e-01,False,True ,True ,True ,True ,False,True ,325.20604,-23.26349
5843786555126326272,NGC_4833, 0.9409090177665360, 0.5117158312247698, 4.8147804013328460e-01,False,True ,True ,True ,True ,False,True ,048.06459,-55.21005
5843786864363732608,NGC_4833, 0.8564096585291078, 1.0000000000000000, 8.5640965852910778e-01,False,True ,True ,True ,True ,False,True ,264.02367,-30.56293
5843787036162473600,NGC_4833, 0.9872909486889406, 1.0000000000000000, 9.8729094868894063e-01,False,True ,True ,True ,False,False,True ,260.99784,-26.36820
5843787070522226688,NGC_4833, 0.8577826574542837, 1.0000000000000000, 8.5778265745428373e-01,False,True ,True ,True ,True ,False,True ,271.83056,-43.46316
5843787100567981696,NGC_4833, 0.9079752067784256, 1.0000000000000000, 9.0797520677842558e-01,False,True ,True ,True ,True ,False,True ,315.37709,+16.18570
5843787104882007936,NGC_4833, 0.9241345920658228, 1.0000000000000000, 9.2413459206582282e-01,False,True ,True ,True ,True ,False,True ,289.35200,-34.76823
5843787169287451648,NGC_4833, 0.9571095893676076, 1.0000000000000000, 9.5710958936760759e-01,False,True ,True ,True ,True ,False,True ,201.76346,-47.60850
5843787169287452032,NGC_4833, 0.2513537409148749, 1.0000000000000000, 2.5135374091487489e-01,False,True ,True ,True ,True ,False,True ,201.29554,-47.62591
5843787207961162624,NGC_4833, 0.2109495505712062, 1.0000000000000000, 2.1094955057120621e-01,False,True ,True ,True ,True ,False,True ,201.59322,-47.57662
5843787272366699264,NGC_4833, 0.9510834148383860, 1.0000000000000000, 9.5108341483838599e-01,False,True ,True ,True ,True ,False,True ,201.69947,-47.53130
5843787482825230336,NGC_4833, 0.0993113966480248, 1.0000000000000000, 9.9311396648024797e-02,False,True ,True ,True ,False,False,True ,201.73486,-47.51408
5843787547244599168,NGC_4833, 0.7935367816772251, 1.0000000000000000, 7.9353678167722508e-01,False,True ,True ,True ,True ,False,True ,201.72599,-47.50660
5843787581604347904,NGC_4833, 0.9541550084687688, 1.0000000000000000, 9.5415500846876877e-01,False,True ,True ,True ,True ,False,True ,201.48097,-47.62903
5843799435709580160,NGC_4833, 0.9888529664577927, 1.0000000000000000, 9.8885296645779275e-01,False,True ,True ,True ,True ,False,True ,201.55111,-47.57168
5843804284751587712,NGC_4833, 0.9837565942970312, 0.0819778387101460, 8.0646239417324600e-02,False,True ,True ,True ,True ,False,True ,201.69365,-47.41103
4111914351078298624,NGC_6273_M_19, 0.9608600929675140, 0.6339016137833344, 6.0909076355211189e-01,False,True ,True ,True ,True ,False,True ,201.66073,-47.41953
6736896966787224960,NGC_6681_M_70, 0.9957430732383368, 1.0000000000000000, 9.9574307323833677e-01,False,False,True ,True ,True ,False,True ,201.72184,-47.37640
4203848946351463808,NGC_6712, 0.9844589484976460, 1.0000000000000000, 9.8445894849764604e-01,False,False,True ,True ,True ,False,True ,201.37853,-47.45583
4203849122517862144,NGC_6712, 0.9626938740744252, 0.9089691566165208, 8.7505903879732139e-01,False,False,True ,True ,True ,False,True ,201.55328,-47.32672
4062918635523828736,NGC_6540_Djorg, 0.0055053834682808, 1.0000000000000000, 5.5053834682808004e-03,False,False,True ,True ,True ,False,True ,201.88685,-47.22873
6029392188121856640,NGC_6266_M_62, 0.0576767182673811, 0.4855300579596953, 2.8003780363286601e-02,False,False,True ,True ,False,False,True ,201.30549,-47.20791
4159060443265376128,IC_1276_Pal_7, 0.0031064300565882, 0.0258030921075946, 8.0155500875948038e-05,False,False,True ,False,False,False,True ,217.38959,-05.98245
5961663749315269888,FSR_1758, 0.6255441492016522, 1.0000000000000000, 6.2554414920165224e-01,False,False,True ,True ,False,False,True ,217.40058,-05.97397
2957940094106396672,NGC_1904_M_79, 0.8977831312451126, 1.0000000000000000, 8.9778313124511255e-01,False,False,True ,True ,True ,False,True ,217.40386,-05.96535
2957940854319788800,NGC_1904_M_79, 0.8858474526685191, 1.0000000000000000, 8.8584745266851905e-01,False,False,True ,True ,False,False,True ,229.00075,-00.10640
5813129658365700864,NGC_6362, 0.9963870428235952, 1.0000000000000000, 9.9638704282359525e-01,False,False,True ,True ,True ,False,True ,270.51790,-08.93210
4058638545934099584,HP_1_BH_229, 0.9742714081146704, 1.0000000000000000, 9.7427140811467039e-01,False,False,True ,False,False,False,True ,229.69364,+02.03675
1745948121870325248,NGC_7078_M_15, 0.0912307111943051, 1.0000000000000000, 9.1230711194305106e-02,False,False,True ,True ,True ,False,True ,229.62498,+02.06097
1745949633699054848,NGC_7078_M_15, 0.9983119794808296, 1.0000000000000000, 9.9831197948082961e-01,False,False,True ,True ,True ,False,True ,229.64903,+02.07050
6816576718999096448,NGC_7099_M_30, 0.9935621740232204, 0.9796758475516648, 9.7336886493147323e-01,False,False,True ,False,False,False,True ,229.61429,+02.05683
4733794588651549824,NGC_1261, 0.1817824717605531, 1.0000000000000000, 1.8178247176055309e-01,False,False,True ,False,False,False,True ,229.63219,+02.08546
4055449240639383680,Terzan_1_HP_2, 0.0509317619779067, 0.0014826042395187, 7.5511646234604704e-05,False,False,True ,True ,False,False,True ,229.63687,+02.08060
4109826133645549696,NGC_6355, 0.8415453706413051, 1.0000000000000000, 8.4154537064130508e-01,False,False,True ,False,False,False,True ,229.62822,+02.08344
6724098818919340800,NGC_6541, 0.6622627737929310, 0.0030579238243043, 2.0251491139311999e-03,False,False,True ,True ,True ,False,True ,229.63619,+02.09221
1763620331742107648,NGC_7006, 0.2484148419363527, 1.0000000000000000, 2.4841484193635269e-01,False,False,True ,False,True ,False,True ,229.64776,+02.12480
6743677891193675776,Terzan_7, 0.6251486700848148, 0.0020747777462748, 1.2970445488052001e-03,False,False,True ,True ,False,False,True ,277.72564,-25.49146
6083509639335311744,NGC_5139_oCen, 0.6779568032662415, 1.0000000000000000, 6.7795680326624153e-01,False,False,True ,True ,True ,False,True ,246.93555,-38.79987
6083688035129312000,NGC_5139_oCen, 0.9639283286625238, 1.0000000000000000, 9.6392832866252376e-01,False,False,True ,True ,True ,False,True ,279.09739,-23.92483
6083696723820663168,NGC_5139_oCen, 0.7777600172150633, 1.0000000000000000, 7.7776001721506327e-01,False,False,True ,True ,True ,False,True ,279.09689,-23.89949
6083698514850874112,NGC_5139_oCen, 0.4863456694165547, 1.0000000000000000, 4.8634566941655472e-01,False,False,True ,True ,True ,False,True ,279.01239,-23.84158
6083698549189679232,NGC_5139_oCen, 0.7326327905017243, 1.0000000000000000, 7.3263279050172425e-01,False,False,True ,True ,True ,False,True ,301.53068,-21.92360
6083698755348111488,NGC_5139_oCen, 0.0838017148052298, 1.0000000000000000, 8.3801714805229799e-02,False,False,True ,True ,True ,False,True ,263.99948,-44.79069
6083699025916072704,NGC_5139_oCen, 0.8886118119399860, 1.0000000000000000, 8.8861181193998595e-01,False,False,True ,True ,True ,False,True ,198.23808,+18.12791
6083699648721303808,NGC_5139_oCen, 0.5289040887524472, 1.0000000000000000, 5.2890408875244721e-01,False,False,True ,True ,True ,False,True ,323.34891,-00.85136
6083703050313005824,NGC_5139_oCen, 0.7036322972869196, 1.0000000000000000, 7.0363229728691956e-01,False,False,True ,True ,True ,False,True ,323.38044,-00.83239
6083703119034996224,NGC_5139_oCen, 0.2101465077403252, 1.0000000000000000, 2.1014650774032520e-01,False,False,True ,True ,True ,False,True ,323.36838,-00.83175
6083709166355381504,NGC_5139_oCen, 0.7167494448904915, 1.0000000000000000, 7.1674944489049153e-01,False,False,True ,True ,True ,False,True ,323.38711,-00.80872
6083713633137662592,NGC_5139_oCen, 0.9925704898042292, 1.0000000000000000, 9.9257048980422924e-01,False,False,True ,True ,True ,False,True ,154.52097,-46.40411
6083718920208854528,NGC_5139_oCen, 0.9994926081479164, 1.0000000000000000, 9.9949260814791641e-01,False,False,True ,True ,True ,False,True ,015.69445,-70.85470
6083723219505712000,NGC_5139_oCen, 0.9889178152579396, 1.0000000000000000, 9.8891781525793965e-01,False,False,True ,True ,True ,False,True ,015.77264,-70.85100
6083769570793661312,NGC_5139_oCen, 0.8606817569036072, 0.6226340662076936, 5.3588978201167459e-01,False,False,True ,True ,True ,False,True ,015.78870,-70.84531
3641359074110990464,NGC_5634, 0.9758839482201320, 1.0000000000000000, 9.7588394822013202e-01,False,False,True ,True ,True ,False,True ,296.31146,-08.01442
3641359177191448064,NGC_5634, 0.9298719889703712, 1.0000000000000000, 9.2987198897037115e-01,False,False,True ,False,True ,False,True ,283.36880,-30.67130
3641359211550005632,NGC_5634, 0.9792608192497132, 1.0000000000000000, 9.7926081924971320e-01,False,False,True ,False,True ,False,True ,283.36539,-30.30920
4418920739357620864,Pal_5, 0.9467035946487706, 1.0000000000000000, 9.4670359464877063e-01,False,False,True ,False,False,False,True ,283.67876,-30.23126
4170384313520235008,NGC_6517, 0.5644065302676859, 0.1793249417328367, 1.0121216815388530e-01,False,False,True ,True ,False,False,True ,283.89198,-30.11727
4421568848693440000,NGC_5904_M_5, 0.9916554265007008, 1.0000000000000000, 9.9165542650070082e-01,False,False,True ,True ,True ,False,True ,283.56243,-30.11338
4421572005493883008,NGC_5904_M_5, 0.9032061189278562, 1.0000000000000000, 9.0320611892785618e-01,False,False,True ,True ,True ,False,True ,137.96583,-64.86922
4421572147228443520,NGC_5904_M_5, 0.0065229417258971, 1.0000000000000000, 6.5229417258971002e-03,False,False,True ,True ,True ,False,True ,276.10739,-24.87604
4421572765704125696,NGC_5904_M_5, 0.9352571275552474, 1.0000000000000000, 9.3525712755524737e-01,False,False,True ,True ,True ,False,True ,246.39168,-72.14962
4421572903138852864,NGC_5904_M_5, 0.7520400842472439, 1.0000000000000000, 7.5204008424724389e-01,False,False,True ,True ,True ,False,True ,263.58734,-39.07528
4421572903142763904,NGC_5904_M_5, 0.9167692871151863, 1.0000000000000000, 9.1676928711518635e-01,False,False,True ,False,True ,False,True ,189.87497,-26.74698
4421572971858326400,NGC_5904_M_5, 0.9890137395911152, 1.0000000000000000, 9.8901373959111516e-01,False,False,True ,False,True ,False,True ,189.85820,-26.74852
4421573006218138624,NGC_5904_M_5, 0.9706602135330674, 1.0000000000000000, 9.7066021353306742e-01,False,False,True ,True ,True ,False,True ,295.00866,-30.98320
4421573624697431936,NGC_5904_M_5, 0.9996905049754232, 1.0000000000000000, 9.9969050497542322e-01,False,False,True ,True ,True ,False,True ,294.99914,-30.96772
4076173042031181952,NGC_6638, 0.0101613507973801, 1.0000000000000000, 1.0161350797380101e-02,False,False,True ,False,True ,False,True ,294.99954,-30.95949
 899282627554799872,NGC_2419, 0.6182493467263399, 1.0000000000000000, 6.1824934672633991e-01,False,False,True ,True ,True ,False,True ,295.03204,-30.96418
6018129654310920960,NGC_6139, 0.9917286245678518, 1.0000000000000000, 9.9172862456785182e-01,False,False,True ,False,True ,False,True ,251.75103,+47.52530
4077588349639105408,NGC_6656_M_22, 0.6656411951699903, 1.0000000000000000, 6.6564119516999032e-01,False,False,True ,True ,True ,False,True ,251.76005,+47.53296
4077588452718412288,NGC_6656_M_22, 0.8288293862483835, 1.0000000000000000, 8.2882938624838354e-01,False,False,True ,False,True ,False,True ,283.93114,-30.86050
4077592747677139328,NGC_6656_M_22, 0.9727639222028648, 0.6524933711801295, 6.3472201096055259e-01,False,False,True ,True ,True ,False,True ,283.68195,-30.54796
6853744438267952000,NGC_6864_M_75, 0.9892103089973412, 1.0000000000000000, 9.8921030899734119e-01,False,False,True ,False,False,False,True ,283.73226,-30.49757
5958265300615689856,NGC_6388, 0.9506251864915816, 1.0000000000000000, 9.5062518649158156e-01,False,False,True ,False,False,False,True ,283.79730,-30.48629
3937270977799285376,NGC_5024_M_53, 0.9952902595096584, 1.0000000000000000, 9.9529025950965844e-01,False,False,True ,True ,True ,False,True ,283.77844,-30.49076
2686841247280567040,NGC_7089_M_2, 0.9376821552312660, 1.0000000000000000, 9.3768215523126597e-01,False,False,True ,True ,False,False,True ,283.65896,-30.51694
2686846950998460800,NGC_7089_M_2, 0.3325841146499222, 1.0000000000000000, 3.3258411464992221e-01,False,False,True ,True ,True ,False,True ,283.74935,-30.47651
2686847152864870016,NGC_7089_M_2, 0.4041497086062197, 1.0000000000000000, 4.0414970860621968e-01,False,False,True ,True ,False,False,True ,283.76953,-30.45709
2686847290303854336,NGC_7089_M_2, 0.9400747081067048, 1.0000000000000000, 9.4007470810670479e-01,False,False,True ,True ,True ,False,True ,283.76406,-30.46020
5413528929097031424,NGC_3201, 0.9675593065469764, 1.0000000000000000, 9.6755930654697642e-01,False,False,True ,True ,True ,False,True ,283.78311,-30.43624
4690886246163440640,NGC_362, 0.9937896510884698, 1.0000000000000000, 9.9378965108846984e-01,False,False,True ,True ,True ,False,True ,284.05298,-30.42212
4690886594052330752,NGC_362, 0.7972525400848883, 1.0000000000000000, 7.9725254008488833e-01,False,False,True ,True ,True ,False,True ,284.02908,-30.32940
4690886594058991360,NGC_362, 0.6135885380915795, 1.0000000000000000, 6.1358853809157954e-01,False,False,True ,False,True ,False,True ,283.99915,-30.17299
4196300730300025856,Pal_11, 0.9013616526012920, 1.0000000000000000, 9.0136165260129197e-01,False,False,True ,True ,False,False,True ,283.77246,-30.88279
6761169716763303424,NGC_6715_M_54, 0.9994494780291800, 0.0017812361624620, 1.7802555528193000e-03,False,False,True ,True ,False,False,True ,283.88202,-30.85597
6761196169439067904,NGC_6715_M_54, 0.7302624070058641, 0.0018994395303496, 1.3870892833952001e-03,False,False,True ,True ,False,False,True ,283.98478,-30.73605
6761206408645693824,NGC_6715_M_54, 0.4448978730653761, 0.0191548605043029, 8.5219566972283001e-03,False,False,True ,True ,False,False,True ,274.59624,-52.26441
6761214075163789696,NGC_6715_M_54, 0.9540221964629328, 0.0023223943201210, 2.2156157303349000e-03,False,False,True ,True ,False,False,True ,274.61747,-52.21627
6761222699459094144,NGC_6715_M_54, 0.9429835941979944, 0.0013918737406159, 1.3125141025958000e-03,False,False,True ,True ,False,False,True ,274.61975,-52.22414
5248758968415665152,NGC_2808, 0.5120854270296429, 1.0000000000000000, 5.1208542702964288e-01,False,False,True ,False,False,False,True ,274.66532,-52.19843
4077190433846694528,NGC_6626_M_28, 0.9949343339613852, 1.0000000000000000, 9.9493433396138520e-01,False,False,True ,True ,True ,False,True ,264.09098,-44.73828
5806475280856994304,NGC_6101, 0.9902200309801628, 1.0000000000000000, 9.9022003098016276e-01,False,False,True ,True ,True ,False,True ,206.64438,-51.40966
5961801050830946304,NGC_6380_Ton1, 0.9326924237321252, 1.0000000000000000, 9.3269242373212524e-01,False,False,True ,True ,False,False,True ,206.62231,-51.39180
3496374550297172864,NGC_4590_M_68, 0.5415522220981199, 1.0000000000000000, 5.4155222209811993e-01,False,False,True ,True ,False,False,True ,206.63699,-51.38255
3496374550297212800,NGC_4590_M_68, 0.8498531892742214, 1.0000000000000000, 8.4985318927422138e-01,False,False,True ,True ,True ,False,True ,206.72530,-51.38329
 159504678667937024,Pal_2, 0.7775069641148038, 1.0000000000000000, 7.7750696411480380e-01,False,False,True ,False,False,False,True ,206.59661,-51.39208
6751388976689885184,NGC_6809_M_55, 0.9971934669904410, 1.0000000000000000, 9.9719346699044098e-01,False,False,True ,True ,True ,False,True ,206.62097,-51.37179
6751389075477273728,NGC_6809_M_55, 0.9964118033276140, 1.0000000000000000, 9.9641180332761403e-01,False,False,True ,False,True ,False,True ,206.61401,-51.37759
6751389079775624576,NGC_6809_M_55, 0.9207178995707312, 1.0000000000000000, 9.2071789957073125e-01,False,False,True ,True ,False,False,True ,206.59952,-51.37789
6751389109837075712,NGC_6809_M_55, 0.9999804369576120, 1.0000000000000000, 9.9998043695761196e-01,False,False,True ,False,True ,False,True ,206.60697,-51.35849
1408588645608234880,NGC_6229, 0.1111333408674615, 1.0000000000000000, 1.1113334086746150e-01,False,False,True ,False,True ,False,True ,273.37933,-31.82799
1408588645608300800,NGC_6229, 0.9351104123843640, 1.0000000000000000, 9.3511041238436399e-01,False,False,True ,True ,True ,False,True ,264.40424,-03.25671
6760357551306780032,NGC_6715_M_54, 0.8749395579892960, 0.0013938225917125, 1.2195105223083999e-03,False,False,True ,True ,False,False,True ,264.41035,-03.24084
6760424037411287040,NGC_6715_M_54, 0.8371309296470304, 0.3368302971840855, 2.8197105981499898e-01,False,False,True ,True ,True ,False,True ,264.39091,-03.24478
6760425690973907456,NGC_6715_M_54, 0.9881904980885868, 1.0000000000000000, 9.8819049808858683e-01,False,False,True ,True ,True ,False,True ,264.39933,-03.23470
6760425965852947200,NGC_6715_M_54, 0.9382179426388794, 1.0000000000000000, 9.3821794263887937e-01,False,False,True ,True ,True ,False,True ,264.36575,-03.24565
6760426137649750016,NGC_6715_M_54, 0.5246740579135936, 1.0000000000000000, 5.2467405791359356e-01,False,False,True ,True ,True ,False,True ,264.42008,-03.23946
6760427267216490880,NGC_6715_M_54, 0.9828790180355508, 0.3342846343677825, 3.2856135317177920e-01,False,False,True ,True ,True ,False,True ,308.54931,+07.38622
6760428783350420480,NGC_6715_M_54, 0.0076493080617057, 1.0000000000000000, 7.6493080617057001e-03,False,False,True ,True ,True ,False,True ,308.54513,+07.39983
6760429195667274752,NGC_6715_M_54, 0.8485158225356099, 1.0000000000000000, 8.4851582253560986e-01,False,False,True ,False,True ,False,True ,257.55792,-26.57670
6760429195668423040,NGC_6715_M_54, 0.3455730574064175, 1.0000000000000000, 3.4557305740641753e-01,False,False,True ,True ,True ,False,True ,284.86697,-36.64776
6760429328799672064,NGC_6715_M_54, 0.9443875919498066, 0.8371607983917008, 7.9060427046791582e-01,False,False,True ,True ,True ,False,True ,284.86163,-36.63972
6760439052606834304,NGC_6715_M_54, 0.9966900281976676, 0.0191356319011937, 1.9072293499180899e-02,False,False,True ,True ,False,False,True ,284.88346,-36.62790
6760451598224748288,NGC_6715_M_54, 0.8889938778331469, 0.0142273385486695, 1.2648016867626699e-02,False,False,True ,True ,False,False,True ,284.89864,-36.63118
6760462451586498560,NGC_6715_M_54, 0.9303125512254440, 0.0027642637760298, 2.5716292857384001e-03,False,False,True ,True ,False,False,True ,205.55208,+28.36092
6760398954797934592,NGC_6715_M_54, 0.8973582948920295, 0.0015389401944577, 1.3809807488394000e-03,False,False,True ,True ,False,False,True ,205.55921,+28.36975
6760404417989925376,NGC_6715_M_54, 0.9430969388016756, 0.0019160677380030, 1.8070376182472000e-03,False,False,True ,True ,False,False,True ,205.54874,+28.36223
6760406823171785472,NGC_6715_M_54, 0.9790428565569465, 0.0064560561248997, 6.3207556306137001e-03,False,False,True ,True ,False,False,True ,205.55664,+28.37532
6701956342659979264,NGC_6584, 0.9678682907924891, 0.6487517571688448, 6.2790625435963388e-01,False,False,True ,True ,False,False,True ,205.54253,+28.37458
6701959533815076608,NGC_6584, 0.9698883911230134, 1.0000000000000000, 9.6988839112301339e-01,False,False,True ,True ,True ,False,True ,205.55877,+28.38622
6701959533825724416,NGC_6584, 0.8469401311251733, 1.0000000000000000, 8.4694013112517330e-01,False,False,True ,True ,True ,False,True ,205.53885,+28.38755
6701961045649009024,NGC_6584, 0.0600572238057975, 1.0000000000000000, 6.0057223805797498e-02,False,False,True ,False,False,False,True ,205.53951,+28.38513
5955269131440327424,NGC_6388, 0.0326866794665889, 1.0000000000000000, 3.2686679466588903e-02,False,False,True ,True ,True ,False,True ,205.54094,+28.39147
6069336724002596992,NGC_5286, 0.9937489474265598, 1.0000000000000000, 9.9374894742655984e-01,False,False,True ,False,False,False,True ,205.52299,+28.38952
6069336998880581120,NGC_5286, 0.8924657583553577, 1.0000000000000000, 8.9246575835535769e-01,False,False,True ,False,False,False,True ,205.53419,+28.39980
6069337003181034880,NGC_5286, 0.9120212849651168, 1.0000000000000000, 9.1202128496511681e-01,False,False,True ,False,False,False,True ,205.56950,+28.38899
6069338304545982464,NGC_5286, 0.9998732855918764, 0.5085608231181912, 5.0849638113449480e-01,False,False,True ,True ,False,False,True ,225.21621,-82.19920
6069383899923423872,NGC_5286, 0.9882028735177276, 1.0000000000000000, 9.8820287351772762e-01,False,False,True ,False,False,False,True ,224.92168,-82.22128
6069383938583838720,NGC_5286, 0.0408272463686542, 1.0000000000000000, 4.0827246368654202e-02,False,False,True ,False,False,False,True ,078.54086,-40.05092
6069383938584147456,NGC_5286, 0.0552485327491601, 1.0000000000000000, 5.5248532749160098e-02,False,False,True ,False,True ,False,True ,078.53458,-40.04684
6069383972943871360,NGC_5286, 0.0726109391596606, 1.0000000000000000, 7.2610939159660604e-02,False,False,True ,True ,False,False,True ,078.55373,-40.04312
6069384213461747584,NGC_5286, 0.8731119360627496, 1.0000000000000000, 8.7311193606274962e-01,False,False,True ,False,False,False,True ,292.12615,-30.38653
4048895257982721920,NGC_6569, 0.4624391352964909, 1.0000000000000000, 4.6243913529649089e-01,False,False,True ,True ,True ,False,True ,194.83383,-70.89043
4368940381036831744,NGC_6402_M_14, 0.9259348600816359, 1.0000000000000000, 9.2593486008163595e-01,False,False,True ,False,False,False,True ,255.67443,-26.26460
4368940415388556672,NGC_6402_M_14, 0.6426540322237655, 1.0000000000000000, 6.4265403222376549e-01,False,False,True ,True ,False,False,True ,283.52210,-30.75718
4368940449756476032,NGC_6402_M_14, 0.0151863109832142, 1.0000000000000000, 1.5186310983214201e-02,False,False,True ,False,False,False,True ,283.91870,-30.72112
4368940484108405760,NGC_6402_M_14, 0.8486916949119866, 1.0000000000000000, 8.4869169491198659e-01,False,False,True ,True ,False,False,True ,315.34510,+16.17266
4368940552835790336,NGC_6402_M_14, 0.8375835114002759, 1.0000000000000000, 8.3758351140027587e-01,False,False,True ,True ,False,False,True ,279.05498,-23.89641
4368940793345470592,NGC_6402_M_14, 0.8583145062289181, 1.0000000000000000, 8.5831450622891814e-01,False,False,True ,False,False,False,True ,201.81321,-47.43658
1748787022236440832,NGC_6934, 0.9936730169066852, 1.0000000000000000, 9.9367301690668519e-01,False,False,True ,False,True ,False,True ,201.73945,-47.42660
1748787095253783296,NGC_6934, 0.8542916505213770, 1.0000000000000000, 8.5429165052137701e-01,False,False,True ,True ,True ,False,True ,201.66046,-47.55789
4108887567346811392,NGC_6293, 0.1379234687065396, 1.0000000000000000, 1.3792346870653960e-01,False,False,True ,False,False,False,True ,211.41857,+28.48674
6730904727175766272,NGC_6723, 0.9995862218417692, 1.0000000000000000, 9.9958622184176915e-01,False,False,True ,True ,True ,False,True ,229.36032,-21.02022
6730904967693929216,NGC_6723, 0.9697170666380740, 1.0000000000000000, 9.6971706663807400e-01,False,False,True ,True ,True ,False,True ,260.88640,-17.93616
6730905143792171136,NGC_6723, 0.5030566887973567, 1.0000000000000000, 5.0305668879735665e-01,False,False,True ,True ,True ,False,True ,229.67181,+02.18534
6730905178144465280,NGC_6723, 0.7051976978635681, 1.0000000000000000, 7.0519769786356812e-01,False,False,True ,True ,True ,False,True ,292.25659,-30.34890
1454784317416048000,NGC_5272_M_3, 0.8682930428833772, 1.0000000000000000, 8.6829304288337716e-01,False,False,True ,True ,True ,False,True ,283.78854,-30.40700
1454784317416064896,NGC_5272_M_3, 0.2559813227182206, 1.0000000000000000, 2.5598132271822061e-01,False,False,True ,True ,True ,False,True ,284.23559,-30.40726
1454784317416167680,NGC_5272_M_3, 0.6920772796579686, 1.0000000000000000, 6.9207727965796861e-01,False,False,True ,True ,True ,False,True ,244.37611,-23.16850
1454784351775804288,NGC_5272_M_3, 0.7545966184261267, 1.0000000000000000, 7.5459661842612669e-01,False,False,True ,True ,True ,False,True ,283.75769,-30.30741
1454784386135767424,NGC_5272_M_3, 0.3819733797773770, 1.0000000000000000, 3.8197337977737700e-01,False,False,True ,True ,True ,False,True ,246.32135,-72.19476
1454784420495578496,NGC_5272_M_3, 0.5345492987213931, 1.0000000000000000, 5.3454929872139312e-01,False,False,True ,True ,True ,False,True ,283.79493,-30.48687
1454784592293876992,NGC_5272_M_3, 0.0721953244031944, 1.0000000000000000, 7.2195324403194400e-02,False,False,True ,False,True ,False,True ,201.75572,-47.51727
1454784592294059520,NGC_5272_M_3, 0.6401194409684066, 1.0000000000000000, 6.4011944096840656e-01,False,False,True ,True ,True ,False,True ,284.04286,-30.20050
1454784626653820288,NGC_5272_M_3, 0.4359679920049157, 1.0000000000000000, 4.3596799200491571e-01,False,False,True ,True ,True ,False,True ,201.64868,-47.54681
1454784656715455360,NGC_5272_M_3, 0.9866749961093524, 1.0000000000000000, 9.8667499610935239e-01,False,False,True ,True ,True ,False,True ,279.08153,-23.90916
1454784695372361088,NGC_5272_M_3, 0.3958581875653016, 1.0000000000000000, 3.9585818756530161e-01,False,False,True ,True ,True ,False,True ,264.43069,-03.33060
1454878188214935552,NGC_5272_M_3, 0.9642006800199916, 1.0000000000000000, 9.6420068001999160e-01,False,False,True ,True ,True ,False,True ,279.14552,-23.88519
5771812558310893568,IC_4499, 0.9943576246462850, 1.0000000000000000, 9.9435762464628497e-01,False,False,True ,True ,False,False,True ,229.43753,-21.21500
5771812798829094528,IC_4499, 0.9854640632807234, 1.0000000000000000, 9.8546406328072345e-01,False,False,True ,True ,False,False,True ,283.96717,-30.36572
4819197436353237760,NGC_1851, 0.1728243791782325, 1.0000000000000000, 1.7282437917823251e-01,False,False,True ,False,False,False,True ,257.51773,-26.61691
4819197505069051136,NGC_1851, 0.2813369041888738, 1.0000000000000000, 2.8133690418887380e-01,False,False,True ,False,False,False,True ,283.73779,-30.46505
4819197539428357120,NGC_1851, 0.3068803850196264, 1.0000000000000000, 3.0688038501962639e-01,False,False,True ,False,False,False,True ,201.69623,-47.50121
6746356885633098240,Arp_2, 0.9323090306275178, 0.2537078627030404, 2.3653413153925101e-01,False,False,True ,True ,True ,False,True ,205.58305,+28.43449
5843787070522231680,NGC_4833, 0.5820974645000514, 1.0000000000000000, 5.8209746450005140e-01,False,False,True ,True ,False,False,True ,259.71889,-18.55678
4111915652417554944,NGC_6273_M_19, 0.1142240657807698, 1.0000000000000000, 1.1422406578076980e-01,False,False,True ,False,False,False,True ,296.30861,-07.99563
6760414932075244800,NGC_6715_M_54, 0.8384666011616969, 0.0040835573933107, 3.4239264882179000e-03,False,False,False,True ,False,False,True ,254.26178,-04.10688
6760407785244497664,NGC_6715_M_54, 0.9817212492903512, 0.0142038952547335, 1.3944265794266201e-02,False,False,False,True ,False,False,True ,201.80842,-47.51625
1763618815618079744,NGC_7006, 0.8050000892976159, 0.8596818134328608, 6.9204393658098928e-01,False,False,False,True ,False,False,True ,283.76890,-30.50149
4077494856782483072,NGC_6656_M_22, 0.5446670607985629, 1.0000000000000000, 5.4466706079856286e-01,False,False,False,True ,True ,False,True ,229.64558,+02.10839
6083704905744855808,NGC_5139_oCen, 0.5356477527114969, 1.0000000000000000, 5.3564775271149689e-01,False,False,False,True ,True ,False,True ,283.84110,-30.42065
6083702187015090688,NGC_5139_oCen, 0.7378332923207069, 1.0000000000000000, 7.3783329232070693e-01,False,False,False,True ,True ,False,True ,243.93189,-23.04784
6083698102534117376,NGC_5139_oCen, 0.5440514091570225, 1.0000000000000000, 5.4405140915702255e-01,False,False,False,True ,True ,False,True ,251.75226,+47.54442
1452625254531322752,NGC_5466, 0.9985377283741532, 1.0000000000000000, 9.9853772837415322e-01,False,False,False,True ,False,False,True ,283.37832,-30.71231
6252665685040689664,NGC_5897, 0.9805912479955194, 1.0000000000000000, 9.8059124799551944e-01,False,False,False,True ,False,False,True ,278.99006,-23.79470
4122877955141916544,NGC_6356, 0.0037280878141069, 0.1362015165452503, 5.0777121409519997e-04,False,False,False,True ,False,False,True ,201.59835,-47.44998
4421622278087026688,NGC_5904_M_5, 0.9930225175666748, 1.0000000000000000, 9.9302251756667481e-01,False,False,False,True ,True ,False,True ,283.24407,-08.69977
6746379872298187648,Arp_2, 0.9778608384963020, 0.1888036193153179, 1.8462366549481329e-01,False,False,False,True ,True ,False,True ,274.61557,-52.21661
6760452865221674880,NGC_6715_M_54, 0.7069198525103162, 0.4990744409958272, 3.5280563022043870e-01,False,False,False,True ,True ,False,True ,211.34808,+28.52281
6760441354705046144,NGC_6715_M_54, 0.9489659171438628, 0.0011202657531432, 1.0630940178763999e-03,False,False,False,True ,False,False,True ,201.74651,-47.47028
6050369598664660736,NGC_6093_M_80, 0.8232782518830025, 0.0117102041902148, 9.6407564349131007e-03,False,False,False,True ,False,False,True ,283.52494,-30.68558
6760454415724302336,NGC_6715_M_54, 0.5842147609689274, 0.0901366433619714, 5.2659157556255498e-02,False,False,False,True ,False,False,True ,301.53750,-21.89946
5806474726799505920,NGC_6101, 0.9296685322970448, 1.0000000000000000, 9.2966853229704483e-01,False,False,False,True ,True ,False,True ,274.63989,-52.23113
6760425965850923520,NGC_6715_M_54, 0.8808588153280966, 1.0000000000000000, 8.8085881532809662e-01,False,False,False,True ,True ,False,True ,229.67264,+02.07875
6083698579246654464,NGC_5139_oCen, 0.1271251558980628, 1.0000000000000000, 1.2712515589806281e-01,False,False,False,True ,True ,False,True ,201.28278,-47.61496
6760459221771072128,NGC_6715_M_54, 0.9846769234624836, 0.0026845857826297, 2.6434496692109002e-03,False,False,False,True ,False,False,True ,151.38596,+00.07252
6083698201289448704,NGC_5139_oCen, 0.5680150375643052, 1.0000000000000000, 5.6801503756430516e-01,False,False,False,True ,False,False,True ,202.04332,-47.39658
4077588422733581056,NGC_6656_M_22, 0.2839863379502301, 1.0000000000000000, 2.8398633795023009e-01,False,False,False,True ,True ,False,True ,259.82966,-18.22486
4368927320034671488,NGC_6402_M_14, 0.9953365801786692, 0.6167900070169873, 6.1391365627266559e-01,False,False,False,True ,False,False,True ,205.54614,+28.40902
4077588147768728192,NGC_6656_M_22, 0.1848726821850387, 1.0000000000000000, 1.8487268218503869e-01,False,False,False,True ,False,False,True ,229.66262,+02.09614
6252611881989730816,NGC_5897, 0.1162063926702446, 0.0400649233936882, 4.6558002201902001e-03,False,False,False,True ,False,False,True ,272.59017,-31.75431
6760451078514168832,NGC_6715_M_54, 0.9717062004615524, 0.0452433151229943, 4.3963209834449499e-02,False,False,False,True ,False,False,True ,201.57384,-47.50379
4108885918079143552,NGC_6293, 0.8733754566587077, 1.0000000000000000, 8.7337545665870775e-01,False,False,False,True ,False,False,True ,284.84151,-36.36617
6760428852086512000,NGC_6715_M_54, 0.9547416095818456, 1.0000000000000000, 9.5474160958184562e-01,False,False,False,True ,True ,False,True ,201.70687,-47.43999
6083698789728474496,NGC_5139_oCen, 0.0085274502454860, 1.0000000000000000, 8.5274502454860002e-03,False,False,False,True ,True ,False,True ,283.30600,-30.49883
1454878634894238848,NGC_5272_M_3, 0.9834193702975712, 1.0000000000000000, 9.8341937029757120e-01,False,False,False,True ,False,False,True ,251.79008,-01.95346
4134456607145714048,NGC_6333_M_9, 0.4637022320916284, 0.7171160448889811, 3.3252831068374089e-01,False,False,False,True ,False,False,True ,201.91763,-47.60014
4196300906393477632,Pal_11, 0.9388684735802204, 1.0000000000000000, 9.3886847358022041e-01,False,False,False,True ,False,False,True ,294.98286,-30.97931
4365633634176651776,NGC_6254_M_10, 0.7926795507180237, 1.0000000000000000, 7.9267955071802365e-01,False,False,False,True ,False,False,True ,201.95592,-47.61410
6083703664483145984,NGC_5139_oCen, 0.9619154714383108, 1.0000000000000000, 9.6191547143831080e-01,False,False,False,True ,True ,False,True ,283.56468,-30.76155
6760425759692614528,NGC_6715_M_54, 0.0191290914339300, 1.0000000000000000, 1.9129091433930000e-02,False,False,False,True ,True ,False,True ,323.33160,-00.83356
4421573384175482880,NGC_5904_M_5, 0.9776099716766125, 1.0000000000000000, 9.7760997167661245e-01,False,False,False,True ,True ,False,True ,283.69620,-30.66280
 899282829417491584,NGC_2419, 0.9362849377389504, 1.0000000000000000, 9.3628493773895038e-01,False,False,False,True ,True ,False,True ,201.60225,-47.51299
6760449914597899520,NGC_6715_M_54, 0.8682260596187859, 0.3904489685301016, 3.3899796942910948e-01,False,False,False,True ,True ,False,True ,292.23491,-30.44227
6050418359433525888,NGC_6093_M_80, 0.4813186107581810, 0.0011515660091578, 5.5427015172410002e-04,False,False,False,True ,False,False,True ,284.05329,-30.25058
1408588714326199168,NGC_6229, 0.5917850792554236, 1.0000000000000000, 5.9178507925542356e-01,False,False,False,True ,False,False,True ,229.58926,+02.03071
6760325150069426688,NGC_6715_M_54, 0.9894844222067676, 0.0013849682817353, 1.3704045400274999e-03,False,False,False,True ,False,False,True ,283.74122,-30.65581
4077593125634310144,NGC_6656_M_22, 0.8982187797066941, 0.3332676138951579, 2.9934722946867037e-01,False,False,False,True ,True ,False,True ,322.48451,+12.21090
6083702599331682432,NGC_5139_oCen, 0.8142024031387551, 1.0000000000000000, 8.1420240313875514e-01,False,False,False,True ,True ,False,True ,201.67928,-47.47170
4203849809639871872,NGC_6712, 0.9760560052751698, 1.0000000000000000, 9.7605600527516978e-01,False,False,False,True ,False,False,True ,264.33534,-03.58898
6701959533825705600,NGC_6584, 0.9818074227038162, 1.0000000000000000, 9.8180742270381616e-01,False,False,False,True ,False,False,True ,205.51731,+28.37622
1452629171539993216,NGC_5466, 0.0431818084757027, 1.0000000000000000, 4.3181808475702702e-02,False,False,False,True ,False,False,True ,201.62296,-47.50087
6083698957204067840,NGC_5139_oCen, 0.9757167358830618, 1.0000000000000000, 9.7571673588306185e-01,False,False,False,True ,True ,False,True ,283.45244,-30.23938
6760418333682930560,NGC_6715_M_54, 0.9122333948109768, 0.0108583622818480, 9.9053606864576999e-03,False,False,False,True ,False,False,True ,284.89030,-36.62056
6853744472625084416,NGC_6864_M_75, 0.9946201629727444, 1.0000000000000000, 9.9462016297274436e-01,False,False,False,True ,False,False,True ,229.63172,+02.09295
6701956544523246336,NGC_6584, 0.9723269359614650, 1.0000000000000000, 9.7232693596146502e-01,False,False,False,True ,True ,False,True ,151.36762,+00.05944
4421572486530304768,NGC_5904_M_5, 0.9063275925656284, 1.0000000000000000, 9.0632759256562845e-01,False,False,False,True ,True ,False,True ,283.90873,-30.38288
6083688103848450816,NGC_5139_oCen, 0.9503855409038804, 1.0000000000000000, 9.5038554090388039e-01,False,False,False,True ,True ,False,True ,284.16624,-30.49226
3833327202956116736,Pal_3, 0.4447588725040104, 1.0000000000000000, 4.4475887250401042e-01,False,False,False,True ,True ,False,True ,283.57097,-30.12490
6083706142713754752,NGC_5139_oCen, 0.9894930809056725, 1.0000000000000000, 9.8949308090567245e-01,False,False,False,True ,True ,False,True ,283.35712,-30.52921
 899283619691731328,NGC_2419, 0.9634413954996164, 1.0000000000000000, 9.6344139549961638e-01,False,False,False,True ,False,False,True ,283.94512,-30.53613
4134494952646938112,NGC_6333_M_9, 0.0041116254286278, 0.0069098499319650, 2.8410714688269971e-05,False,False,False,True ,False,False,True ,225.14021,-82.21672
1454878463095464320,NGC_5272_M_3, 0.9930600368137624, 1.0000000000000000, 9.9306003681376243e-01,False,False,False,True ,False,False,True ,283.79718,-30.46131
4421573315459677568,NGC_5904_M_5, 0.9794680388115602, 1.0000000000000000, 9.7946803881156019e-01,False,False,False,True ,True ,False,True ,225.97271,-33.04713
4048864265574910592,NGC_6558, 0.8544274865027272, 1.0000000000000000, 8.5442748650272715e-01,False,False,False,True ,True ,False,True ,201.69155,-47.43766
6083700816927535616,NGC_5139_oCen, 0.5196353618579765, 1.0000000000000000, 5.1963536185797654e-01,False,False,False,True ,True ,False,True ,283.80521,-30.46546
6731286983561052160,NGC_6723, 0.2312714291730567, 0.0027502485537003, 6.3605391359539999e-04,False,False,False,True ,False,False,True ,283.85858,-30.48450
6083702225677905536,NGC_5139_oCen, 0.2109919654273100, 1.0000000000000000, 2.1099196542731000e-01,False,False,False,True ,True ,False,True ,201.75636,-47.49364
6761175111213043200,NGC_6715_M_54, 0.9431392227018188, 0.0015516157373078, 1.4633896604164000e-03,False,False,False,True ,False,False,True ,201.60622,-47.47328
4379076774431877376,NGC_6218_M_12, 0.9581325237516192, 1.0000000000000000, 9.5813252375161917e-01,False,False,False,True ,False,False,True ,201.67877,-47.43246
6083514445406441472,NGC_5139_oCen, 0.7886892240806010, 1.0000000000000000, 7.8868922408060105e-01,False,False,False,True ,True ,False,True ,283.56791,-30.20216
6751388667458765312,NGC_6809_M_55, 0.8577218575693427, 1.0000000000000000, 8.5772185756934272e-01,False,False,False,True ,True ,False,True ,284.91513,-36.68587
6083511804012337152,NGC_5139_oCen, 0.9975056857307896, 1.0000000000000000, 9.9750568573078957e-01,False,False,False,True ,True ,False,True ,284.87829,-36.62914
6760414244875243904,NGC_6715_M_54, 0.9578734870669572, 0.0055648222296819, 5.3303956740530997e-03,False,False,False,True ,False,False,True ,322.50491,+12.16747
2686844266646786560,NGC_7089_M_2, 0.3321937013849768, 1.0000000000000000, 3.3219370138497678e-01,False,False,False,True ,False,False,True ,283.81419,-30.53403
6760422289358512256,NGC_6715_M_54, 0.3925458643750508, 0.0646510158942565, 2.5378488916936000e-02,False,False,False,True ,False,False,True ,151.34138,+00.06833
6083701465459911424,NGC_5139_oCen, 0.6738500344088707, 1.0000000000000000, 6.7385003440887070e-01,False,False,False,True ,True ,False,True ,229.67483,+02.04222
6746352625025357696,Arp_2, 0.9905625638763174, 0.0521043438531965, 5.1612612436315500e-02,False,False,False,True ,False,False,True ,347.10417,-15.59810
6760458470172605824,NGC_6715_M_54, 0.7703325797570398, 0.0045052806342988, 3.4705644535487998e-03,False,False,False,True ,False,False,True ,259.29265,+43.10961
4421478035902204160,NGC_5904_M_5, 0.9738330459803538, 1.0000000000000000, 9.7383304598035381e-01,False,False,False,True ,True ,False,True ,201.66324,-47.48616
6760422181972475520,NGC_6715_M_54, 0.9650417849856402, 0.0843580618303691, 8.1409054566708397e-02,False,False,False,True ,True ,False,True ,283.35803,-30.45807
1745949354526312960,NGC_7078_M_15, 0.9801311974584088, 1.0000000000000000, 9.8013119745840882e-01,False,False,False,True ,False,False,True ,229.63622,+02.06409
6083702015220703616,NGC_5139_oCen, 0.1457658136751437, 1.0000000000000000, 1.4576581367514371e-01,False,False,False,True ,True ,False,True ,229.65054,+02.06141
4368819945850766336,NGC_6402_M_14, 0.8062240343776931, 0.0076227463286488, 6.1456412981210004e-03,False,False,False,True ,False,False,True ,201.81619,-47.51954
1454784484916757376,NGC_5272_M_3, 0.9991036107464768, 1.0000000000000000, 9.9910361074647680e-01,False,False,False,True ,True ,False,True ,323.34361,-00.84771
6083701504124264576,NGC_5139_oCen, 0.4327779680504207, 1.0000000000000000, 4.3277796805042068e-01,False,False,False,True ,True ,False,True ,245.90190,-26.51240
6761198299742921088,NGC_6715_M_54, 0.7151060833344873, 0.0029552557840830, 2.1133213890072002e-03,False,False,False,True ,False,False,True ,322.49529,+12.15069
6730905173852401152,NGC_6723, 0.7330375325486796, 1.0000000000000000, 7.3303753254867965e-01,False,False,False,True ,True ,False,True ,284.93570,-36.65245
4421572967566570496,NGC_5904_M_5, 0.9952652684948970, 1.0000000000000000, 9.9526526849489705e-01,False,False,False,True ,True ,False,True ,201.55460,-47.43620
3833327172891107968,Pal_3, 0.7576674942123099, 1.0000000000000000, 7.5766749421230994e-01,False,False,False,True ,True ,False,True ,201.56629,-47.49906
6760450292554919296,NGC_6715_M_54, 0.9238697881691760, 0.1134206370286136, 1.0478589990563821e-01,False,False,False,True ,False,False,True ,201.74979,-47.45824
6760434688918756992,NGC_6715_M_54, 0.9834366414695112, 0.0036647552837748, 3.6040546280831001e-03,False,False,False,True ,False,False,True ,229.61986,+02.08451
6761222626436100736,NGC_6715_M_54, 0.9665093238461540, 0.0017736212330697, 1.7142214587333000e-03,False,False,False,True ,False,False,True ,276.18044,-24.88230
6761171842742244096,NGC_6715_M_54, 0.0028471321485055, 0.0032790910971574, 9.3360056805953324e-06,False,False,False,True ,True ,False,True ,201.78888,-47.38506
6760436338186113408,NGC_6715_M_54, 0.8523778112379504, 0.0964638185162535, 8.2223618490539094e-02,False,False,False,True ,False,False,True ,201.69912,-47.49379
5771812455228845696,IC_4499, 0.0396920970884051, 1.0000000000000000, 3.9692097088405098e-02,False,False,False,True ,False,False,True ,201.81417,-47.35833
6760426270785671296,NGC_6715_M_54, 0.9337968489441936, 1.0000000000000000, 9.3379684894419357e-01,False,False,False,True ,True ,False,True ,201.75852,-47.50199
6204592528414287104,NGC_5824, 0.9715598160931276, 1.0000000000000000, 9.7155981609312758e-01,False,False,False,True ,False,False,True ,284.91460,-36.62626
6083702118299932928,NGC_5139_oCen, 0.2585033664490158, 1.0000000000000000, 2.5850336644901578e-01,False,False,False,True ,True ,False,True ,226.02007,-33.04826
6760426270785673600,NGC_6715_M_54, 0.9465440098772580, 0.9615902396950829, 9.1018748133981742e-01,False,False,False,True ,True ,False,True ,284.90399,-36.65932
6760448677647033856,NGC_6715_M_54, 0.8559384769857443, 0.4394401224359662, 3.7613370912426991e-01,False,False,False,True ,True ,False,True ,229.64596,+02.14443
6083698686623043968,NGC_5139_oCen, 0.2738460452212811, 1.0000000000000000, 2.7384604522128109e-01,False,False,False,True ,True ,False,True ,283.91699,-30.30039
6083702393177726464,NGC_5139_oCen, 0.8644584109296091, 1.0000000000000000, 8.6445841092960907e-01,False,False,False,True ,True ,False,True ,201.43905,-47.70538
6083702878512802944,NGC_5139_oCen, 0.1673052263291856, 1.0000000000000000, 1.6730522632918560e-01,False,False,False,True ,True ,False,True ,233.81512,-50.62398
6761210433032229120,NGC_6715_M_54, 0.5047366668108955, 0.0057775327067768, 2.9161326008094002e-03,False,False,False,True ,False,False,True ,201.69147,-47.43368
6730892671206879232,NGC_6723, 0.9849931075643698, 0.9403054305316000, 9.2619436807897315e-01,False,False,False,True ,True ,False,True ,229.41118,-21.03526
6730905349950595456,NGC_6723, 0.3943430297544782, 1.0000000000000000, 3.9434302975447821e-01,False,False,False,True ,True ,False,True ,322.50478,+12.16962
1745948151935426688,NGC_7078_M_15, 0.9550723978501606, 1.0000000000000000, 9.5507239785016063e-01,False,False,False,True ,True ,False,True ,279.09599,-23.91157
6760424660180516480,NGC_6715_M_54, 0.9622936963841696, 0.5582947436872852, 5.3724351257469016e-01,False,False,False,True ,True ,False,True ,295.38317,-34.05801
3833326859358524160,Pal_3, 0.3411431763455438, 0.1564224946827364, 5.3362466687962601e-02,False,False,False,True ,False,False,True ,259.25150,+43.15247
4421571803630954752,NGC_5904_M_5, 0.9932251500743068, 1.0000000000000000, 9.9322515007430678e-01,False,False,False,True ,True ,False,True ,323.34677,-00.78726
2409630481605415424,NGC_7492, 0.8517267705406477, 1.0000000000000000, 8.5172677054064772e-01,False,False,False,True ,True ,False,True ,283.64814,-30.83881
1360404674530655744,NGC_6341_M_92, 0.1933700303068974, 1.0000000000000000, 1.9337003030689739e-01,False,False,False,True ,True ,False,True ,201.78356,-47.46451
6083701431105131776,NGC_5139_oCen, 0.1502875856476425, 1.0000000000000000, 1.5028758564764250e-01,False,False,False,True ,True ,False,True ,229.62026,+02.10784
6761176691760968064,NGC_6715_M_54, 0.7099188912676839, 0.0034451094814424, 2.4457483033612998e-03,False,False,False,True ,False,False,True ,284.13130,-30.30108
4421572039853642752,NGC_5904_M_5, 0.2176410064613686, 1.0000000000000000, 2.1764100646136861e-01,False,False,False,True ,True ,False,True ,274.64903,-52.20902
4421572078504402944,NGC_5904_M_5, 0.9988978051524467, 1.0000000000000000, 9.9889780515244675e-01,False,False,False,True ,True ,False,True ,263.76812,-44.39622
6083703497013601408,NGC_5139_oCen, 0.4237065632334253, 1.0000000000000000, 4.2370656323342532e-01,False,False,False,True ,True ,False,True ,283.78670,-30.46293
2686841242989823872,NGC_7089_M_2, 0.9986481890092094, 1.0000000000000000, 9.9864818900920937e-01,False,False,False,True ,True ,False,True ,201.64779,-47.46869
6045465914246404480,NGC_6121_M_4, 0.2193478719755318, 1.0000000000000000, 2.1934787197553179e-01,False,False,False,True ,True ,False,True ,225.21595,-82.19861
1745947743909716480,NGC_7078_M_15, 0.3861292278521319, 1.0000000000000000, 3.8612922785213188e-01,False,False,False,True ,False,False,True ,229.59650,+02.07198
6730893289682180992,NGC_6723, 0.9850035084498796, 1.0000000000000000, 9.8500350844987961e-01,False,False,False,True ,True ,False,True ,201.67310,-47.52843
6083714457771431296,NGC_5139_oCen, 0.8977718368347338, 1.0000000000000000, 8.9777183683473383e-01,False,False,False,True ,True ,False,True ,229.61815,+02.09722
6083700881349199360,NGC_5139_oCen, 0.6082848833911101, 1.0000000000000000, 6.0828488339111009e-01,False,False,False,True ,True ,False,True ,283.83290,-30.42177
6083701916438609536,NGC_5139_oCen, 0.9379603223815210, 1.0000000000000000, 9.3796032238152105e-01,False,False,False,True ,True ,False,True ,284.05414,-30.59384
4421572864487333760,NGC_5904_M_5, 0.9129495792861418, 1.0000000000000000, 9.1294957928614184e-01,False,False,False,True ,True ,False,True ,283.78669,-30.73148
4077190051549032064,NGC_6626_M_28, 0.8793714292762879, 1.0000000000000000, 8.7937142927628786e-01,False,False,False,True ,True ,False,True ,283.29714,-30.45850
6083708273000407680,NGC_5139_oCen, 0.9480000291494912, 1.0000000000000000, 9.4800002914949122e-01,False,False,False,True ,True ,False,True ,201.57393,-47.50669
6083701744641188352,NGC_5139_oCen, 0.0683841335118826, 1.0000000000000000, 6.8384133511882605e-02,False,False,False,True ,True ,False,True ,283.72267,-30.49244
6083708685334524032,NGC_5139_oCen, 0.5592539154909231, 1.0000000000000000, 5.5925391549092307e-01,False,False,False,True ,True ,False,True ,284.20531,-30.30412
6083698686622993792,NGC_5139_oCen, 0.6948310688665875, 1.0000000000000000, 6.9483106886658752e-01,False,False,False,True ,True ,False,True ,294.96475,-30.93954
6730905208212177024,NGC_6723, 0.0027729906279100, 1.0000000000000000, 2.7729906279100000e-03,False,False,False,True ,True ,False,True ,267.52934,-37.05442
6204589646493237248,NGC_5824, 0.9653138790853056, 1.0000000000000000, 9.6531387908530564e-01,False,False,False,True ,False,False,True ,255.29775,-30.11149
6730893319742686976,NGC_6723, 0.9660894708987432, 1.0000000000000000, 9.6608947089874320e-01,False,False,False,True ,True ,False,True ,283.75308,-30.49035
4421573792201834496,NGC_5904_M_5, 0.9904383199734046, 1.0000000000000000, 9.9043831997340459e-01,False,False,False,True ,True ,False,True ,264.03984,-44.72499
6760455171638026880,NGC_6715_M_54, 0.8950068200316333, 0.0363803860364748, 3.2560693618028498e-02,False,False,False,True ,False,False,True ,263.99504,-44.74833
6083672264009331328,NGC_5139_oCen, 0.7620742237796573, 1.0000000000000000, 7.6207422377965728e-01,False,False,False,True ,False,False,True ,322.49705,+12.15746
5889483220490102784,NGC_5946, 0.9963451028609284, 0.5056982103796077, 5.0384993543725765e-01,False,False,False,True ,False,False,True ,264.40882,-03.25905
6083702878512877696,NGC_5139_oCen, 0.3795085609778603, 1.0000000000000000, 3.7950856097786029e-01,False,False,False,True ,True ,False,True ,201.76945,-47.49061
6252665483181622656,NGC_5897, 0.9924536134650874, 1.0000000000000000, 9.9245361346508743e-01,False,False,False,True ,False,False,True ,283.76647,-30.49018
1745948358093856768,NGC_7078_M_15, 0.5631005495948045, 1.0000000000000000, 5.6310054959480449e-01,False,False,False,True ,True ,False,True ,264.40410,-03.22837
4077588349639104256,NGC_6656_M_22, 0.9468183706232008, 1.0000000000000000, 9.4681837062320084e-01,False,False,False,True ,True ,False,True ,250.42705,+36.47413
6741751344958490880,Terzan_8, 0.5699073505280463, 0.3742577388884300, 2.1329223638452249e-01,False,False,False,True ,True ,False,True ,198.22275,+18.17680
1360405366019655040,NGC_6341_M_92, 0.9401607561094646, 1.0000000000000000, 9.4016075610946459e-01,False,False,False,True ,True ,False,True ,272.29178,-25.91754
2686850279601117440,NGC_7089_M_2, 0.9726266188856620, 1.0000000000000000, 9.7262661888566204e-01,False,False,False,True ,True ,False,True ,263.92166,-30.49793
6760401806649843456,NGC_6715_M_54, 0.9818573195815868, 0.0026490806971232, 2.6010192726326998e-03,False,False,False,True ,False,False,True ,267.59419,-37.06273
6083704768324004608,NGC_5139_oCen, 0.1951539291468760, 1.0000000000000000, 1.9515392914687599e-01,False,False,False,True ,True ,False,True ,267.53729,-37.05897
4421573208084840832,NGC_5904_M_5, 0.9611106880438762, 1.0000000000000000, 9.6111068804387623e-01,False,False,False,True ,True ,False,True ,322.48413,+12.16042
6760445958913234560,NGC_6715_M_54, 0.8674935178582190, 0.0028072651328168, 2.4352843056280001e-03,False,False,False,True ,False,False,True ,274.61636,-52.21542
6701959572476784256,NGC_6584, 0.9910627285234500, 1.0000000000000000, 9.9106272852345001e-01,False,False,False,True ,True ,False,True ,205.55351,+28.37548
5958303233774901632,NGC_6388, 0.0100208311615654, 0.0011265996584478, 1.1289464963983690e-05,False,False,False,True ,False,False,True ,322.50018,+12.16724
6760426343825534592,NGC_6715_M_54, 0.9927673335775932, 1.0000000000000000, 9.9276733357759317e-01,False,False,False,True ,True ,False,True ,277.62597,-25.46941
6083701705983017984,NGC_5139_oCen, 0.0214404195233879, 1.0000000000000000, 2.1440419523387901e-02,False,False,False,True ,True ,False,True ,205.54578,+28.37877
5771812554012072704,IC_4499, 0.9421294656276236, 1.0000000000000000, 9.4212946562762356e-01,False,False,False,True ,True ,False,True ,322.50387,+12.21382
4421572834423391104,NGC_5904_M_5, 0.9880586379188496, 1.0000000000000000, 9.8805863791884962e-01,False,False,False,True ,True ,False,True ,283.74477,-30.47827
6083698343028375936,NGC_5139_oCen, 0.1392708769655759, 1.0000000000000000, 1.3927087696557591e-01,False,False,False,True ,True ,False,True ,267.15843,-24.69704
4421573178017148800,NGC_5904_M_5, 0.9131740111766982, 1.0000000000000000, 9.1317401117669816e-01,False,False,False,True ,True ,False,True ,313.36959,-12.53882
6760449910290281216,NGC_6715_M_54, 0.9852013955140324, 0.4345737211261524, 4.2814263650721118e-01,False,False,False,True ,True ,False,True ,138.03081,-64.86200
6760432455534365312,NGC_6715_M_54, 0.9378912491829264, 0.0136320885025917, 1.2785416514668000e-02,False,False,False,True ,False,False,True ,283.65637,-30.40514
6760409129578137600,NGC_6715_M_54, 0.7855132297052001, 0.0221193697803008, 1.7375057595167699e-02,False,False,False,True ,True ,False,True ,261.16151,-26.36119
6761175970235937792,NGC_6715_M_54, 0.7486393313682331, 0.0013389167572851, 1.0023657459316000e-03,False,False,False,True ,False,False,True ,256.28941,-22.70360
6083700816952687360,NGC_5139_oCen, 0.0167403652778924, 1.0000000000000000, 1.6740365277892400e-02,False,False,False,True ,False,False,True ,205.53101,+28.38089
6760428645911603328,NGC_6715_M_54, 0.9050961476032072, 0.9818015447185832, 8.8862479583566767e-01,False,False,False,True ,True ,False,True ,301.51032,-21.93358
6760446543025056896,NGC_6715_M_54, 0.0062235161885308, 0.0010260486409190, 6.3856303269796533e-06,False,False,False,True ,False,False,True ,229.63547,+02.08967
6751390076208168576,NGC_6809_M_55, 0.9423301698179436, 1.0000000000000000, 9.4233016981794360e-01,False,False,False,True ,False,False,True ,301.50004,-21.90322
4039968082583744768,NGC_6441, 0.3417901264333052, 1.0000000000000000, 3.4179012643330520e-01,False,False,False,True ,True ,False,True ,201.65845,-47.41250
6029365357572762368,NGC_6266_M_62, 0.2442442773673092, 1.0000000000000000, 2.4424427736730919e-01,False,False,False,True ,False,False,True ,283.75066,-30.47024
6760425828412739072,NGC_6715_M_54, 0.0122501627192366, 1.0000000000000000, 1.2250162719236599e-02,False,False,False,True ,True ,False,True ,283.75709,-30.48915
5955269268882976128,NGC_6388, 0.5467634059555224, 1.0000000000000000, 5.4676340595552242e-01,False,False,False,True ,True ,False,True ,322.49801,+12.15644
5958271313615423488,NGC_6388, 0.3166789830062694, 1.0000000000000000, 3.1667898300626940e-01,False,False,False,True ,True ,False,True ,205.55820,+28.37323
1745948121867027712,NGC_7078_M_15, 0.0484414794626538, 1.0000000000000000, 4.8441479462653800e-02,False,False,False,True ,True ,False,True ,256.26997,-22.70860
4368928629997838592,NGC_6402_M_14, 0.1318132241933751, 1.0000000000000000, 1.3181322419337510e-01,False,False,False,True ,False,False,True ,205.55369,+28.36267
6083698686623064576,NGC_5139_oCen, 0.8136822190021520, 1.0000000000000000, 8.1368221900215199e-01,False,False,False,True ,True ,False,True ,205.54230,+28.39144
6760425759709864448,NGC_6715_M_54, 0.2996763336073498, 1.0000000000000000, 2.9967633360734980e-01,False,False,False,True ,True ,False,True ,205.54016,+28.38100
4368940862065579520,NGC_6402_M_14, 0.9104028963226172, 1.0000000000000000, 9.1040289632261717e-01,False,False,False,True ,False,False,True ,283.75524,-30.48870
1328057940097496064,NGC_6205_M_13, 0.3052445327722142, 1.0000000000000000, 3.0524453277221419e-01,False,False,False,True ,False,False,True ,205.54252,+28.38877
3938022085972624768,NGC_5024_M_53, 0.5535847351885446, 1.0000000000000000, 5.5358473518854456e-01,False,False,False,True ,True ,False,True ,201.67763,-47.47862
4064839551032567808,NGC_6553, 0.0467655213613840, 1.0000000000000000, 4.6765521361384003e-02,False,False,False,True ,False,False,True ,205.55232,+28.38073
4055453604325060864,Terzan_1_HP_2, 0.2304941982958344, 0.6622892037660925, 1.5265381906205200e-01,False,False,False,True ,False,False,True ,322.49911,+12.17354
4039967356769356928,NGC_6441, 0.0421957793171768, 1.0000000000000000, 4.2195779317176801e-02,False,False,False,True ,True ,False,True ,225.17708,-82.22885
4039968013906926464,NGC_6441, 0.4808436821857765, 1.0000000000000000, 4.8084368218577650e-01,False,False,False,True ,False,False,True ,277.97613,-23.47720
1745947950068195200,NGC_7078_M_15, 0.0057697788801442, 1.0000000000000000, 5.7697788801442003e-03,False,False,False,True ,True ,False,True ,255.30681,-30.08940
6701959538117120256,NGC_6584, 0.6116433301144275, 1.0000000000000000, 6.1164333011442751e-01,False,False,False,True ,True ,False,True ,283.76171,-30.49332
1454784317417557248,NGC_5272_M_3, 0.0846924524394525, 1.0000000000000000, 8.4692452439452504e-02,False,False,False,True ,False,False,True ,205.52256,+28.37167
1745948328031317120,NGC_7078_M_15, 0.0405292324068685, 1.0000000000000000, 4.0529232406868503e-02,False,False,False,True ,True ,False,True ,205.54344,+28.37813
4076175962610552448,NGC_6638, 0.0146074051048389, 0.0028444213213839, 4.1549614530296575e-05,False,False,False,True ,False,False,True ,283.76494,-30.49873
1454784386130869760,NGC_5272_M_3, 0.7751849482558529, 1.0000000000000000, 7.7518494825585293e-01,False,False,False,True ,True ,False,True ,255.32835,-30.12580
1745949324461404672,NGC_7078_M_15, 0.5105688296829376, 1.0000000000000000, 5.1056882968293760e-01,False,False,False,True ,True ,False,True ,272.58271,-25.99735
6760428783367002880,NGC_6715_M_54, 0.3087537010083525, 1.0000000000000000, 3.0875370100835248e-01,False,False,False,True ,True ,False,True ,274.66114,-52.22067
4067312558805370624,Terzan_5_11, 0.1011089953398759, 0.0012485939238231, 1.2624407722520000e-04,False,False,False,True ,False,False,True ,322.49734,+12.16566
6889468876721777664,NGC_6981_M_72, 0.0067819096622383, 1.0000000000000000, 6.7819096622382998e-03,False,False,False,True ,False,False,True ,151.38062,+00.07059
5248759312014173440,NGC_2808, 0.0148052836461708, 1.0000000000000000, 1.4805283646170800e-02,False,False,False,True ,False,False,True ,229.64797,+02.07095
6760430192100641280,NGC_6715_M_54, 0.7347804888365115, 0.2262356255173034, 1.6623352350983811e-01,False,False,False,True ,True ,False,True ,205.53976,+28.37887
4109639427152736512,NGC_6355, 0.4310707636251688, 0.0016066225416604, 6.9256800589090003e-04,False,False,False,True ,False,False,True ,205.54352,+28.38268
 899282696273113728,NGC_2419, 0.1684595230142516, 1.0000000000000000, 1.6845952301425160e-01,False,False,False,True ,True ,False,True ,205.53882,+28.37716
4113941369461799936,NGC_6287, 0.6558408300786218, 1.0000000000000000, 6.5584083007862182e-01,False,False,False,True ,True ,False,True ,313.35909,-12.54839
1454784592289237248,NGC_5272_M_3, 0.9773480771508192, 1.0000000000000000, 9.7734807715081917e-01,False,False,False,True ,False,False,True ,283.78607,-30.49206
6853720931909880448,NGC_6864_M_75, 0.6920401096858988, 1.0000000000000000, 6.9204010968589880e-01,False,False,False,True ,False,False,True ,201.72638,-47.45253
4421572967566577152,NGC_5904_M_5, 0.9250074264067688, 1.0000000000000000, 9.2500742640676881e-01,False,False,False,True ,True ,False,True ,236.50071,-37.79059
6853721795197051008,NGC_6864_M_75, 0.4013583740145093, 1.0000000000000000, 4.0135837401450930e-01,False,False,False,True ,False,False,True ,201.61691,-47.48845
6083703119055346048,NGC_5139_oCen, 0.3895567845882948, 1.0000000000000000, 3.8955678458829479e-01,False,False,False,True ,True ,False,True ,276.13115,-24.85919
 899282799353457024,NGC_2419, 0.9010438751534806, 1.0000000000000000, 9.0104387515348061e-01,False,False,False,True ,True ,False,True ,277.97659,-23.47191
6760429161327885184,NGC_6715_M_54, 0.7170220038256572, 1.0000000000000000, 7.1702200382565717e-01,False,False,False,True ,True ,False,True ,201.70876,-47.50597
 899283039870664448,NGC_2419, 0.0704728537972119, 1.0000000000000000, 7.0472853797211896e-02,False,False,False,True ,False,False,True ,283.75819,-30.48417
6760425828414031872,NGC_6715_M_54, 0.0055607912793019, 1.0000000000000000, 5.5607912793019000e-03,False,False,False,True ,True ,False,True ,264.06284,-44.73899
1745948121870382592,NGC_7078_M_15, 0.0217283998447088, 1.0000000000000000, 2.1728399844708798e-02,False,False,False,True ,True ,False,True ,267.55195,-37.06126
1454784351770663552,NGC_5272_M_3, 0.9911247954405212, 1.0000000000000000, 9.9112479544052123e-01,False,False,False,True ,False,False,True ,283.75002,-30.49203
4113941262069926656,NGC_6287, 0.9848290911379480, 1.0000000000000000, 9.8482909113794803e-01,False,False,False,True ,True ,False,True ,283.74247,-30.46972
1454784317416402304,NGC_5272_M_3, 0.9616285594192112, 1.0000000000000000, 9.6162855941921122e-01,False,False,False,True ,False,False,True ,205.55458,+28.38321
1454784626653638528,NGC_5272_M_3, 0.0700934060120096, 1.0000000000000000, 7.0093406012009599e-02,False,False,False,True ,False,False,True ,273.40427,-31.81936
1454784386135799552,NGC_5272_M_3, 0.8868229451704932, 1.0000000000000000, 8.8682294517049320e-01,False,False,False,True ,True ,False,True ,283.24849,-08.70644
6760425828419195008,NGC_6715_M_54, 0.7818851876259715, 1.0000000000000000, 7.8188518762597148e-01,False,False,False,True ,True ,False,True ,259.80979,-18.52016
1454784626653725568,NGC_5272_M_3, 0.7444027294998341, 1.0000000000000000, 7.4440272949983410e-01,False,False,False,True ,False,False,True ,284.89330,-36.61433
6083701813364760064,NGC_5139_oCen, 0.6790815619246175, 1.0000000000000000, 6.7908156192461755e-01,False,False,False,True ,True ,False,True ,283.76450,-30.45708
1454784420490930560,NGC_5272_M_3, 0.0479225564441363, 1.0000000000000000, 4.7922556444136302e-02,False,False,False,True ,False,False,True ,138.04631,-64.87163
1745948362385437184,NGC_7078_M_15, 0.0426251765521237, 1.0000000000000000, 4.2625176552123702e-02,False,False,False,True ,True ,False,True ,283.78221,-30.48563
5771812382215479936,IC_4499, 0.9909605420405694, 1.0000000000000000, 9.9096054204056938e-01,False,False,False,True ,True ,False,True ,229.64121,+02.06220
4077768914409054464,NGC_6642, 0.0327686333054141, 1.0000000000000000, 3.2768633305414102e-02,False,False,False,True ,False,False,True ,322.49834,+12.18212
6029368449848752000,NGC_6266_M_62, 0.0067385269635446, 0.7751410646370599, 5.2233089646074003e-03,False,False,False,True ,False,False,True ,154.63470,-46.42697
 899282696273069312,NGC_2419, 0.1390544255858277, 1.0000000000000000, 1.3905442558582770e-01,False,False,False,True ,True ,False,True ,194.76122,-70.88119
6760425759693182464,NGC_6715_M_54, 0.7407992208587486, 1.0000000000000000, 7.4079922085874861e-01,False,False,False,True ,True ,False,True ,206.57246,-51.34205
1454784489214923520,NGC_5272_M_3, 0.9868157703915011, 1.0000000000000000, 9.8681577039150115e-01,False,False,False,True ,False,False,True ,206.64407,-51.38916
1454784386135655552,NGC_5272_M_3, 0.6878713815871786, 1.0000000000000000, 6.8787138158717864e-01,False,False,False,True ,True ,False,True ,206.56603,-51.39033
 899283108591190272,NGC_2419, 0.7800034332617638, 1.0000000000000000, 7.8000343326176380e-01,False,False,False,True ,False,False,True ,229.35702,-20.99634
6760425755389561216,NGC_6715_M_54, 0.2272438057630308, 1.0000000000000000, 2.2724380576303080e-01,False,False,False,True ,True ,False,True ,244.26915,-22.94439
6029365181367300224,NGC_6266_M_62, 0.0359674490353505, 0.6993194746786182, 2.5152737564931301e-02,False,False,False,True ,True ,False,True ,244.30392,-22.98043
4064825699893399296,NGC_6553, 0.0161381766627827, 0.0133598624815819, 2.1560382091820001e-04,False,False,False,True ,False,False,True ,250.53191,+36.49353
6701958026288417024,NGC_6584, 0.9627705652713826, 1.0000000000000000, 9.6277056527138261e-01,False,False,False,True ,False,False,True ,255.24722,-30.16973
1745948328025322880,NGC_7078_M_15, 0.2727048788285602, 1.0000000000000000, 2.7270487882856020e-01,False,False,False,True ,True ,False,True ,264.42766,-03.23597
3833327207250448896,Pal_3, 0.1721664122735309, 1.0000000000000000, 1.7216641227353091e-01,False,False,False,True ,True ,False,True ,264.43336,-03.21672
4421572147224073216,NGC_5904_M_5, 0.2273012663487496, 1.0000000000000000, 2.2730126634874959e-01,False,False,False,True ,True ,False,True ,279.13203,-23.82519
1454784386135784960,NGC_5272_M_3, 0.4493381986500495, 1.0000000000000000, 4.4933819865004948e-01,False,False,False,True ,True ,False,True ,301.51202,-21.93683
1454784386135801600,NGC_5272_M_3, 0.1479972128995133, 1.0000000000000000, 1.4799721289951329e-01,False,False,False,True ,False,False,True ,193.42771,-67.24907
1454784386135787520,NGC_5272_M_3, 0.0129201380226621, 1.0000000000000000, 1.2920138022662101e-02,False,False,False,True ,False,False,True ,193.33348,-67.19354
6889468769347680896,NGC_6981_M_72, 0.4505354229274981, 1.0000000000000000, 4.5053542292749810e-01,False,False,False,True ,True ,False,True ,193.38838,-67.12716
6760425931491215616,NGC_6715_M_54, 0.4359073015798417, 1.0000000000000000, 4.3590730157984170e-01,False,False,False,True ,True ,False,True ,193.92669,-67.09558
6083701950800031616,NGC_5139_oCen, 0.1866785183947157, 1.0000000000000000, 1.8667851839471569e-01,False,False,False,True ,True ,False,True ,193.21791,-67.04568
6009557002649115264,NGC_5986, 0.9070019581793612, 1.0000000000000000, 9.0700195817936125e-01,False,False,False,True ,False,False,True ,277.72925,-25.49642
6083701572843760256,NGC_5139_oCen, 0.6704274424216501, 1.0000000000000000, 6.7042744242165009e-01,False,False,False,True ,True ,False,True ,251.73545,+47.53414
4077190567057421696,NGC_6626_M_28, 0.2571341776226710, 1.0000000000000000, 2.5713417762267099e-01,False,False,False,True ,True ,False,True ,198.22500,+18.17494
4077768914409041664,NGC_6642, 0.9221192554000812, 1.0000000000000000, 9.2211925540008122e-01,False,False,False,True ,True ,False,True ,283.77454,-30.49163
6083698755345404672,NGC_5139_oCen, 0.7725568594459090, 1.0000000000000000, 7.7255685944590902e-01,False,False,False,True ,True ,False,True ,283.76774,-30.47178
6760425828429213056,NGC_6715_M_54, 0.7118919433308932, 1.0000000000000000, 7.1189194333089323e-01,False,False,False,True ,True ,False,True ,298.52041,+18.79016
5955269200160244352,NGC_6388, 0.0813254854232452, 1.0000000000000000, 8.1325485423245206e-02,False,False,False,True ,True ,False,True ,278.76441,-23.85433
4039967292311582848,NGC_6441, 0.0077778229834210, 1.0000000000000000, 7.7778229834210002e-03,False,False,False,True ,True ,False,True ,198.21884,+18.17013
6760425794070246784,NGC_6715_M_54, 0.1486815658536905, 1.0000000000000000, 1.4868156585369049e-01,False,False,False,True ,True ,False,True ,283.75592,-30.48944
6760428783350589568,NGC_6715_M_54, 0.1568137356475281, 1.0000000000000000, 1.5681373564752810e-01,False,False,False,True ,True ,False,True ,246.89751,-38.69078
1454784420495555328,NGC_5272_M_3, 0.2348110232153656, 1.0000000000000000, 2.3481102321536559e-01,False,False,False,True ,False,False,True ,272.55617,-31.72921
 899283349111768064,NGC_2419, 0.5503398508754558, 0.5746030124451942, 3.1622693618167580e-01,False,False,False,True ,False,False,True ,283.76134,-30.48732
4048895189267805056,NGC_6569, 0.0653727737808522, 1.0000000000000000, 6.5372773780852197e-02,False,False,False,True ,False,False,True ,284.90764,-36.63473
4203849706633660416,NGC_6712, 0.7764634104625474, 1.0000000000000000, 7.7646341046254741e-01,False,False,False,True ,False,False,True ,308.54875,+07.40721
4134480379796563712,NGC_6333_M_9, 0.4432005847007474, 1.0000000000000000, 4.4320058470074741e-01,False,False,False,True ,True ,False,True ,271.98462,-43.87990
6730905178144851200,NGC_6723, 0.9461028102482052, 1.0000000000000000, 9.4610281024820519e-01,False,False,False,True ,True ,False,True ,284.87613,-36.63399
6760429195667348864,NGC_6715_M_54, 0.9819055614858040, 1.0000000000000000, 9.8190556148580399e-01,False,False,False,True ,True ,False,True ,272.46027,-31.77701
5248759105858755584,NGC_2808, 0.1784966105743637, 1.0000000000000000, 1.7849661057436370e-01,False,False,False,True ,False,False,True ,270.45701,-27.82032
6760426137649734272,NGC_6715_M_54, 0.3554477064137058, 1.0000000000000000, 3.5544770641370582e-01,False,False,False,True ,True ,False,True ,267.50548,-37.10708
4421572044144786048,NGC_5904_M_5, 0.9427079239184516, 1.0000000000000000, 9.4270792391845160e-01,False,False,False,True ,True ,False,True ,284.90452,-36.64348
1745948362385569792,NGC_7078_M_15, 0.0157196832039414, 1.0000000000000000, 1.5719683203941400e-02,False,False,False,True ,True ,False,True ,225.20889,-82.21625
5413533670752159232,NGC_3201,                   , 0.8924931753642018,                       ,     ,False,False,False,False,True ,True ,267.56123,-37.06740
5843798787193074944,NGC_4833,                   , 1.0000000000000000,                       ,     ,False,False,False,True ,True ,True ,264.64619,-23.90856
6069385003736234240,NGC_5286,                   , 1.0000000000000000,                       ,     ,False,False,False,False,True ,True ,263.96759,-44.66594
6069336998880602240,NGC_5286,                   , 1.0000000000000000,                       ,     ,False,False,False,False,True ,True ,283.77523,-30.47732
6069383594988480768,NGC_5286,                   , 1.0000000000000000,                       ,     ,False,False,False,False,True ,True ,256.28660,-22.70711
6252666475314697600,NGC_5897,                   , 1.0000000000000000,                       ,     ,False,False,False,True ,True ,True ,278.93944,-33.08349
6050423066717872128,NGC_6093_M_80,                   , 1.0000000000000000,                       ,     ,False,False,False,True ,True ,True ,198.22969,+18.17013
6050422173364568576,NGC_6093_M_80,                   , 0.9841412713999480,                       ,     ,False,False,False,True ,True ,True ,273.41295,-31.69433
1328058970889601408,NGC_6205_M_13,                   , 1.0000000000000000,                       ,     ,False,False,False,False,True ,True ,272.51977,-31.67357
6029364769043583104,NGC_6266_M_62,                   , 0.2875777845209262,                       ,     ,False,False,False,True ,True ,True ,284.89451,-36.62846
4368940789054349184,NGC_6402_M_14,                   , 1.0000000000000000,                       ,     ,False,False,False,False,True ,True ,283.84040,-30.43109
4368940930792772992,NGC_6402_M_14,                   , 1.0000000000000000,                       ,     ,False,False,False,False,True ,True ,279.08265,-32.94460
4077589384806381952,NGC_6656_M_22,                   , 0.7974068115093353,                       ,     ,False,False,False,True ,True ,True ,272.04449,-43.71812
6853720936203441792,NGC_6864_M_75,                   , 1.0000000000000000,                       ,     ,False,False,False,False,True ,True ,078.55353,-40.04302
5858111057014774400,BH_140, 0.0200409886568946, 0.2392100502959090, 4.7940059045954997e-03,False,True ,True ,True ,False,False,True ,270.47486,-27.80857
5858115047087656832,BH_140, 0.9897122095853677, 0.3577889786971452, 3.5410812067164360e-01,False,True ,True ,True ,False,False,True ,272.69064,-31.77230
5858116284038436224,BH_140, 0.9973182925008750, 0.3741689143764756, 3.7316550279285271e-01,False,True ,True ,True ,False,False,True ,267.74256,-34.58722
5858119685653032448,BH_140, 0.9836982409102863, 0.0203542637414331, 2.0022453437471700e-02,False,True ,True ,True ,False,False,True ,259.23203,-28.24789
5858164799993508992,BH_140, 0.9999665111501328, 0.0467695175988032, 4.6767951341449898e-02,False,True ,True ,True ,False,False,True ,267.68090,-34.60419
4076172835872650240,NGC_6638,                   , 1.0000000000000000,                       ,     ,False,False,True ,True ,False,True ,217.41043,-05.97150
1408588679966478208,NGC_6229,                   , 1.0000000000000000,                       ,     ,False,False,False,True ,False,True ,264.65326,-23.90982
3938022017255910400,NGC_5024_M_53,                   , 1.0000000000000000,                       ,     ,False,False,False,True ,False,True ,272.55526,-31.77113
6760426137649783808,NGC_6715_M_54,                   , 1.0000000000000000,                       ,     ,True ,True ,True ,True ,False,True ,267.55545,-37.06436
6760426206386462848,NGC_6715_M_54,                   , 1.0000000000000000,                       ,     ,False,False,True ,True ,False,True ,278.08847,-23.46975
1821608162717842688,NGC_6838_M_71,                   , 0.3541082248874109,                       ,     ,False,False,False,True ,False,True ,277.76805,-32.29163
4077510009429113088,NGC_6656_M_22,                   , 0.0291295010539208,                       ,     ,True ,True ,True ,True ,False,True ,151.38140,+00.07262
3938022017255783424,NGC_5024_M_53,                   , 1.0000000000000000,                       ,     ,False,True ,True ,True ,False,True ,267.54335,-37.04888
6760425828419198592,NGC_6715_M_54,                   , 1.0000000000000000,                       ,     ,False,False,True ,True ,False,True ,322.48426,+12.15238
6018133811839362944,NGC_6139,                   , 0.0413254170600682,                       ,     ,True ,True ,True ,True ,False,True ,229.36840,-20.97594
4048865257631129856,NGC_6558,                   , 0.2239797328093552,                       ,     ,True ,True ,True ,True ,False,True ,273.24782,-31.77981
6760425828429248896,NGC_6715_M_54,                   , 1.0000000000000000,                       ,     ,True ,True ,True ,True ,False,True ,258.66859,-29.49287
6730905105132952832,NGC_6723,                   , 1.0000000000000000,                       ,     ,False,False,False,True ,False,True ,270.46003,-27.82496
1748787198330587648,NGC_6934,                   , 1.0000000000000000,                       ,     ,False,False,False,True ,False,True ,277.73154,-25.50113
6724024812360758400,NGC_6541,                   , 0.0555528887469748,                       ,     ,True ,True ,True ,True ,False,True ,258.57785,-29.41625
6730904761535517440,NGC_6723,                   , 1.0000000000000000,                       ,     ,False,False,False,True ,False,True ,277.73574,-25.49715
4048841480684585600,NGC_6558,                   , 0.0031151566114074,                       ,     ,False,False,True ,True ,False,True ,270.90730,-00.27998
4062733088785628800,Djorg_2_ESO456-,                   , 1.0000000000000000,                       ,     ,True ,True ,True ,True ,False,True ,247.74713,-13.10920
4039967494137238144,NGC_6441,                   , 0.8005503813382716,                       ,     ,True ,True ,True ,True ,False,True ,258.70367,-29.53353
6730905075064861568,NGC_6723,                   , 1.0000000000000000,                       ,     ,False,False,False,True ,False,True ,277.96519,-23.45967
5771812489591412096,IC_4499,                   , 1.0000000000000000,                       ,     ,True ,True ,True ,True ,False,True ,217.40689,-05.96829
4039967292309256192,NGC_6441,                   , 1.0000000000000000,                       ,     ,False,False,True ,True ,False,True ,263.94092,-30.48258
4116347135364712448,NGC_6401,                   , 1.0000000000000000,                       ,     ,True ,True ,False,True ,False,True ,198.23612,+18.15576
5958272172608979328,NGC_6388,                   , 0.6171300787933262,                       ,     ,True ,True ,True ,True ,False,True ,280.77364,-32.45467
6760426137666875776,NGC_6715_M_54,                   , 1.0000000000000000,                       ,     ,False,False,True ,True ,False,True ,015.76814,-70.85558
 899284036306054400,NGC_2419,                   , 0.6115256540050976,                       ,     ,False,False,False,True ,False,True ,272.56497,-31.76503
4113941369461827456,NGC_6287,                   , 1.0000000000000000,                       ,     ,False,False,False,True ,False,True ,270.92243,-00.32002
6736565940750008832,NGC_6652,                   , 0.0362919029309968,                       ,     ,True ,True ,True ,True ,False,True ,267.71939,-34.59831
3938022017256098432,NGC_5024_M_53,                   , 1.0000000000000000,                       ,     ,False,False,False,True ,False,True ,248.06959,-13.10656
4048898552217319680,NGC_6569,                   , 0.0210408869566236,                       ,     ,True ,True ,True ,True ,False,True ,258.61384,-29.46118
4049053308471439744,NGC_6558,                   , 0.0011801533300344,                       ,     ,True ,True ,True ,True ,False,True ,277.73347,-25.48668
6730905178151764864,NGC_6723,                   , 1.0000000000000000,                       ,     ,False,False,False,True ,False,True ,258.69825,-29.44264
6760449807203749120,NGC_6715_M_54,                   , 0.4418039854834805,                       ,     ,False,True ,True ,True ,False,True ,283.77096,-30.49158
6736572439066442496,NGC_6652,                   , 0.0056434398050840,                       ,     ,False,False,True ,True ,False,True ,308.54500,+07.38754
6724031581229816448,NGC_6541,                   , 1.0000000000000000,                       ,     ,True ,True ,True ,True ,False,True ,278.86411,-32.98451
4819197539428363136,NGC_1851,                   , 1.0000000000000000,                       ,     ,False,False,False,True ,False,True ,267.68342,-37.06407
4062733466537919232,Djorg_2_ESO456-,                   , 0.6572892826346666,                       ,     ,False,False,True ,True ,False,True ,244.24415,-22.97651
4048862513227644032,NGC_6558,                   , 0.0024491953003472,                       ,     ,True ,True ,True ,True ,False,True ,280.84703,-32.38367
4041579657413192832,NGC_6453,                   , 1.0000000000000000,                       ,     ,False,False,True ,True ,False,True ,322.49484,+12.09805
4107554443961115776,NGC_6316,                   , 0.0098897642216342,                       ,     ,True ,True ,True ,True ,False,True ,198.22343,+18.17040
4041581031803000192,NGC_6453,                   , 0.7746257637843111,                       ,     ,True ,True ,True ,True ,False,True ,276.13400,-24.86680
3641358971031788672,NGC_5634,                   , 1.0000000000000000,                       ,     ,False,False,False,True ,False,True ,236.50024,-37.79061
4116347135405329792,NGC_6401,                   , 1.0000000000000000,                       ,     ,True ,True ,True ,True ,False,True ,102.24996,-35.99870
4048864025056821888,NGC_6558,                   , 1.0000000000000000,                       ,     ,False,False,True ,True ,False,True ,255.34528,-29.98121
4039967288049425280,NGC_6441,                   , 1.0000000000000000,                       ,     ,False,True ,True ,True ,False,True ,308.55043,+07.40773
4077769773402222720,NGC_6642,                   , 0.0021203584157847,                       ,     ,True ,True ,True ,True ,False,True ,283.75806,-30.42807
4045071465824124544,NGC_6637_M_69,                   , 0.2349936117507188,                       ,     ,True ,True ,True ,True ,False,True ,256.14161,-24.78368
3833327207250448640,Pal_3,                   , 1.0000000000000000,                       ,     ,False,False,True ,True ,False,True ,267.69760,-34.61496
4039968048264737408,NGC_6441,                   , 1.0000000000000000,                       ,     ,True ,True ,True ,True ,False,True ,315.36983,+16.18317
1745947945776958976,NGC_7078_M_15,                   , 1.0000000000000000,                       ,     ,False,False,False,True ,False,True ,259.28311,+43.13407
6252666685772524800,NGC_5897,                   , 1.0000000000000000,                       ,     ,False,False,False,True ,False,True ,270.89678,-30.02363
4048899102013036672,NGC_6569,                   , 0.0087615398479645,                       ,     ,False,True ,True ,True ,False,True ,246.27040,-72.11973
4107314166238310016,NGC_6304,                   , 1.0000000000000000,                       ,     ,True ,True ,True ,True ,False,True ,315.36821,+16.18661
4062733088785826688,Djorg_2_ESO456-,                   , 1.0000000000000000,                       ,     ,True ,True ,True ,True ,False,True ,205.58871,+28.39580
4076172835903812480,NGC_6638,                   , 1.0000000000000000,                       ,     ,True ,True ,True ,True ,False,True ,270.89748,-30.03205
4107362540579204480,NGC_6304,                   , 0.5618522239287336,                       ,     ,True ,True ,True ,True ,False,True ,322.50140,+12.22098
4076172835903806848,NGC_6638,                   , 1.0000000000000000,                       ,     ,False,False,False,True ,False,True ,258.79053,-29.44183
4275336001227701248,NGC_6535,                   , 0.3619601834462639,                       ,     ,True ,True ,True ,True ,False,True ,283.77482,-30.48748
4330453419611252224,NGC_6171_M107,                   , 0.0002837196250936,                       ,     ,True ,True ,True ,True ,False,True ,257.41795,-26.45532
4107310867702985600,NGC_6304,                   , 0.2396282950722698,                       ,     ,True ,True ,True ,True ,False,True ,267.74344,-37.00629
4077769120567610880,NGC_6642,                   , 1.0000000000000000,                       ,     ,True ,True ,True ,True ,False,True ,251.74710,+47.52196
3641359211549981312,NGC_5634,                   , 1.0000000000000000,                       ,     ,False,False,False,True ,False,True ,258.44682,-29.53858
4055453638699496832,Terzan_1_HP_2,                   , 1.0000000000000000,                       ,     ,False,False,True ,True ,False,True ,272.14496,-43.91190
3937271394411208192,NGC_5024_M_53,                   , 1.0000000000000000,                       ,     ,False,False,False,True ,False,True ,313.36938,-12.53898
6736517630952756992,NGC_6681_M_70,                   , 0.0338024603065395,                       ,     ,True ,True ,True ,True ,False,True ,275.98676,-24.91953
4690886594059363456,NGC_362,                   , 1.0000000000000000,                       ,     ,False,False,False,True ,False,True ,229.65141,+02.09121
4048864059416545280,NGC_6558,                   , 1.0000000000000000,                       ,     ,True ,True ,True ,True ,False,True ,271.94184,-44.04033
4275335520191337344,NGC_6535,                   , 0.6506551627059634,                       ,     ,True ,True ,True ,True ,False,True ,267.45831,-37.08466
4041578214398288256,NGC_6453,                   , 1.0000000000000000,                       ,     ,False,False,True ,True ,False,True ,267.55487,-37.04168
4330462937259028864,NGC_6171_M107,                   , 1.0000000000000000,                       ,     ,True ,True ,True ,True ,False,True ,267.54927,-37.04112
4107315227044700928,NGC_6304,                   , 1.0000000000000000,                       ,     ,True ,True ,True ,True ,False,True ,267.70679,-34.59096
4076173145110367744,NGC_6638,                   , 1.0000000000000000,                       ,     ,True ,True ,True ,True ,False,True ,254.29844,-04.17724
4107315467560432768,NGC_6304,                   , 0.6797352344541375,                       ,     ,True ,True ,True ,True ,False,True ,258.65691,-29.45867
6760425755389570048,NGC_6715_M_54,                   , 1.0000000000000000,                       ,     ,False,False,True ,True ,False,True ,259.33943,+43.12050
1748787026528979456,NGC_6934,                   , 1.0000000000000000,                       ,     ,False,False,False,True ,False,True ,229.64377,+02.08052
6736614426669659648,NGC_6652,                   , 0.1590639757908400,                       ,     ,False,False,False,True ,False,True ,205.55308,+28.37496
4039956709505125248,NGC_6441,                   , 0.2974143759175289,                       ,     ,True ,True ,True ,True ,False,True ,322.49237,+12.16873
6050422894920226944,NGC_6093_M_80,                   , 1.0000000000000000,                       ,     ,False,False,False,True ,False,True ,267.74399,-37.03855
6736893629570940928,NGC_6681_M_70,                   , 0.2435026003697185,                       ,     ,True ,True ,True ,True ,False,True ,007.14120,-72.16914
1745935683644333440,NGC_7078_M_15,                   , 1.0000000000000000,                       ,     ,False,False,False,True ,False,True ,276.13935,-24.86966
3938022017256046592,NGC_5024_M_53,                   , 1.0000000000000000,                       ,     ,False,False,False,True ,False,True ,283.79318,-30.46353
4077190571285439232,NGC_6626_M_28,                   , 1.0000000000000000,                       ,     ,False,False,False,True ,False,True ,217.40003,-05.98839
6009557002659734528,NGC_5986,                   , 1.0000000000000000,                       ,     ,False,False,False,True ,False,True ,259.27107,-28.15084
5579128333860909824,NGC_2298,                   , 1.0000000000000000,                       ,     ,False,False,False,True ,False,True ,081.04258,-24.51742
6029392845342995200,NGC_6266_M_62,                   , 0.1076016012458196,                       ,     ,True ,True ,True ,True ,False,True ,206.62116,-51.37969
1748787198330479360,NGC_6934,                   , 1.0000000000000000,                       ,     ,False,False,False,True ,False,True ,194.78406,-70.87331
6760429569320510976,NGC_6715_M_54,                   , 0.7614643653127180,                       ,     ,False,False,True ,True ,False,True ,275.99820,-24.82660
4112707064606958848,NGC_6284,                   , 1.0000000000000000,                       ,     ,False,False,False,True ,False,True ,272.28522,-43.50586
4041578175655988608,NGC_6453,                   , 1.0000000000000000,                       ,     ,True ,True ,True ,True ,False,True ,259.10677,-28.15122
1763620331742099968,NGC_7006,                   , 1.0000000000000000,                       ,     ,True ,True ,False,True ,False,True ,289.01134,+30.20712
1360405469102206720,NGC_6341_M_92,                   , 1.0000000000000000,                       ,     ,True ,True ,False,True ,False,True ,274.85295,-52.31397
4050198316702394240,NGC_6522,                   , 1.0000000000000000,                       ,     ,True ,True ,True ,True ,False,True ,255.07120,-30.13964
5806475624454412416,NGC_6101,                   , 0.4226179247751731,                       ,     ,False,False,False,True ,False,True ,270.89284,-30.02916
1763620331743192064,NGC_7006,                   , 1.0000000000000000,                       ,     ,False,False,False,True ,False,True ,256.21493,-24.77300
1454878218282713856,NGC_5272_M_3,                   , 1.0000000000000000,                       ,     ,False,False,False,True ,False,True ,266.20404,+03.16158
4050198110543843456,NGC_6522,                   , 1.0000000000000000,                       ,     ,False,False,True ,True ,False,True ,256.13052,-24.75500
1745949320162551040,NGC_7078_M_15,                   , 1.0000000000000000,                       ,     ,False,False,False,True ,False,True ,219.90348,-26.53083
4107316017316244736,NGC_6304,                   , 0.0464402413702111,                       ,     ,True ,True ,True ,True ,False,True ,244.26359,-22.97715
6760426137649782272,NGC_6715_M_54,                   , 1.0000000000000000,                       ,     ,False,True ,True ,True ,False,True ,256.15990,-24.70316
4108939961625716736,NGC_6293,                   , 0.0064635996270991,                       ,     ,True ,True ,True ,True ,False,True ,205.53993,+28.37266
4039980727011678592,NGC_6441,                   , 0.0633287302763420,                       ,     ,True ,True ,True ,True ,False,True ,264.65316,-23.90343
1408588611248477184,NGC_6229,                   , 1.0000000000000000,                       ,     ,False,False,False,True ,False,True ,271.75566,-44.01259
4107354294064292736,NGC_6304,                   , 0.0099512773973741,                       ,     ,True ,True ,True ,True ,False,True ,315.38565,+16.18412
6721022767657940736,NGC_6541,                   , 0.0146938404815582,                       ,     ,False,False,True ,True ,False,True ,315.36760,+16.18635
6889468876721853824,NGC_6981_M_72,                   , 1.0000000000000000,                       ,     ,True ,True ,True ,True ,False,True ,250.44279,+36.48200
4077235612561966336,NGC_6626_M_28,                   , 0.2339451290453551,                       ,     ,True ,True ,True ,True ,False,True ,270.87450,-30.03242
4421572937503061248,NGC_5904_M_5,                   , 1.0000000000000000,                       ,     ,False,False,False,True ,False,True ,259.79881,-18.52081
6721020465555189760,NGC_6541,                   , 0.0011260254340781,                       ,     ,True ,True ,True ,True ,False,True ,081.05040,-24.52623
4039961932229063808,NGC_6441,                   , 0.5076987087474906,                       ,     ,True ,True ,True ,True ,False,True ,205.54058,+28.38264
4039968151303131776,NGC_6441,                   , 1.0000000000000000,                       ,     ,False,False,True ,True ,False,True ,267.53773,-37.05899
4039968048223983488,NGC_6441,                   , 1.0000000000000000,                       ,     ,False,False,True ,True ,False,True ,274.63673,-52.20688
4041581169241893120,NGC_6453,                   , 1.0000000000000000,                       ,     ,True ,True ,True ,True ,False,True ,151.37352,+00.06995
4365620577475690368,NGC_6254_M_10,                   , 1.0000000000000000,                       ,     ,False,False,False,True ,False,True ,205.54654,+28.38439
4107315364483692928,NGC_6304,                   , 1.0000000000000000,                       ,     ,True ,True ,True ,True ,False,True ,270.89011,-30.05260
1360404541388893952,NGC_6341_M_92,                   , 1.0000000000000000,                       ,     ,False,False,False,True ,False,True ,205.54024,+28.38036
4421572903142776448,NGC_5904_M_5,                   , 1.0000000000000000,                       ,     ,False,False,False,True ,False,True ,264.06298,-44.72880
1454784317417557120,NGC_5272_M_3,                   , 1.0000000000000000,                       ,     ,True ,True ,True ,True ,False,True ,255.43092,-29.94085
1745948328031311488,NGC_7078_M_15,                   , 1.0000000000000000,                       ,     ,False,False,True ,True ,False,True ,198.19043,+18.10721
4039957151898674048,NGC_6441,                   , 0.0758849495789938,                       ,     ,True ,True ,True ,True ,False,True ,267.55498,-37.06847
4689579240377005184,NGC_104_47Tuc,                   , 0.7921305413196338,                       ,     ,True ,True ,True ,True ,False,True ,258.82038,-29.38989
4077190502523571072,NGC_6626_M_28,                   , 1.0000000000000000,                       ,     ,False,False,False,True ,False,True ,255.30028,-30.10730
6760426270785667840,NGC_6715_M_54,                   , 1.0000000000000000,                       ,     ,False,False,True ,True ,False,True ,205.53938,+28.37635
3641358867952297600,NGC_5634,                   , 1.0000000000000000,                       ,     ,False,False,False,True ,False,True ,255.29601,-30.10807
4107555401615022208,NGC_6316,                   , 0.0219757045960123,                       ,     ,True ,True ,True ,True ,False,True ,205.56068,+28.38179
2957940854319788672,NGC_1904_M_79,                   , 1.0000000000000000,                       ,     ,False,False,False,True ,False,True ,137.97350,-64.88328
6069383938583790720,NGC_5286,                   , 1.0000000000000000,                       ,     ,False,False,False,True ,False,True ,205.53410,+28.37590
5843798855912638080,NGC_4833,                   , 1.0000000000000000,                       ,     ,False,False,False,True ,False,True ,256.24173,-22.71977
4077237300544179072,NGC_6626_M_28,                   , 0.3263291472083818,                       ,     ,True ,True ,True ,True ,False,True ,278.08571,-23.53698
6724068651064830464,NGC_6541,                   , 0.0018798530649030,                       ,     ,True ,True ,True ,True ,False,True ,279.14690,-23.88571
4107742318586171392,NGC_6316,                   , 0.4576847150313312,                       ,     ,True ,True ,True ,True ,False,True ,255.25368,-30.32260
2039257760719251328,NGC_6779_M_56,                   , 0.0660469833175042,                       ,     ,True ,True ,True ,True ,False,True ,259.79360,-18.52237
6653917477051422720,NGC_6584,                   , 0.0314811371945619,                       ,     ,True ,True ,True ,True ,False,True ,201.19775,-47.49896
6029414040908612096,NGC_6266_M_62,                   , 0.0269775879991376,                       ,     ,True ,True ,True ,True ,False,True ,248.15667,-13.09507
4050198316752555520,NGC_6522,                   , 1.0000000000000000,                       ,     ,True ,True ,True ,True ,False,True ,198.22621,+18.17541
4112707335138071680,NGC_6284,                   , 0.0539438006880516,                       ,     ,False,False,True ,True ,False,True ,205.54711,+28.37962
4376297896230671104,NGC_6426,                   , 1.0000000000000000,                       ,     ,False,False,True ,True ,False,True ,267.52812,-37.05662
4112718983099037696,NGC_6284,                   , 1.0000000000000000,                       ,     ,False,False,False,True ,False,True ,201.66998,-47.47142
6223462832299363584,NGC_5694,                   , 1.0000000000000000,                       ,     ,False,False,False,True ,False,True ,201.68240,-47.46579
6050422860560727936,NGC_6093_M_80,                   , 1.0000000000000000,                       ,     ,True ,True ,False,True ,False,True ,267.56663,-37.06595
 899284311183961216,NGC_2419,                   , 0.6525568470636064,                       ,     ,False,False,False,True ,False,True ,259.77923,-18.52239
4112719812070100480,NGC_6284,                   , 0.1383528822821663,                       ,     ,True ,True ,True ,True ,False,True ,198.23751,+18.16013
1454784386135581440,NGC_5272_M_3,                   , 1.0000000000000000,                       ,     ,False,False,False,True ,False,True ,308.54076,+07.41301
4116347135282617600,NGC_6401,                   , 1.0000000000000000,                       ,     ,True ,True ,True ,True ,False,True ,267.62468,-37.07540
6724018009132156032,NGC_6541,                   , 0.0005265788723279,                       ,     ,True ,True ,True ,True ,False,True ,205.55170,+28.38143
1763620263022808960,NGC_7006,                   , 1.0000000000000000,                       ,     ,False,False,False,True ,False,True ,274.64349,-52.21362
1763620331742116224,NGC_7006,                   , 1.0000000000000000,                       ,     ,False,False,False,True ,False,True ,225.15241,-82.21634
1328059417558892800,NGC_6205_M_13,                   , 1.0000000000000000,                       ,     ,False,False,False,True ,False,True ,255.52645,-30.13421
4050198278034844800,NGC_6522,                   , 1.0000000000000000,                       ,     ,True ,True ,True ,True ,False,True ,205.52203,+28.37181
4134456916416014592,NGC_6333_M_9,                   , 1.0000000000000000,                       ,     ,True ,True ,True ,True ,False,True ,323.35842,-00.82164
2957940854319672832,NGC_1904_M_79,                   , 1.0000000000000000,                       ,     ,False,False,False,True ,False,True ,267.55519,-37.04618
1454784386136028032,NGC_5272_M_3,                   , 1.0000000000000000,                       ,     ,False,False,False,True ,False,True ,225.58534,-82.23403
4039968013866512640,NGC_6441,                   , 1.0000000000000000,                       ,     ,False,False,False,True ,False,True ,308.55043,+07.41065
6701959572476856576,NGC_6584,                   , 1.0000000000000000,                       ,     ,False,False,False,True ,False,True ,205.54197,+28.37777
3833327168596170752,Pal_3,                   , 1.0000000000000000,                       ,     ,False,False,True ,True ,False,True ,205.54369,+28.37066
1454784420490827136,NGC_5272_M_3,                   , 1.0000000000000000,                       ,     ,False,False,True ,True ,False,True ,205.54375,+28.38928
4050198071876214784,NGC_6522,                   , 1.0000000000000000,                       ,     ,True ,True ,True ,True ,False,True ,276.27018,-24.97226
1454784386135604480,NGC_5272_M_3,                   , 1.0000000000000000,                       ,     ,False,True ,True ,True ,False,True ,277.71717,-25.47545
5955269303262016768,NGC_6388,                   , 1.0000000000000000,                       ,     ,True ,True ,True ,True ,False,True ,138.02935,-64.86585
6029394357172281472,NGC_6266_M_62,                   , 0.0315230671769970,                       ,     ,True ,True ,True ,True ,False,True ,264.66622,-23.87429
3937269642063726080,NGC_5024_M_53,                   , 1.0000000000000000,                       ,     ,False,False,False,True ,False,True ,264.06400,-44.60807
4039967292309290496,NGC_6441,                   , 1.0000000000000000,                       ,     ,True ,True ,True ,True ,False,True ,258.70629,-29.46146
4107316635791757184,NGC_6304,                   , 0.0109391132607450,                       ,     ,True ,True ,True ,True ,False,True ,315.37488,+16.17950
6029368415589640960,NGC_6266_M_62,                   , 1.0000000000000000,                       ,     ,False,False,False,True ,False,True ,315.37944,+16.18551
1454784386135591552,NGC_5272_M_3,                   , 1.0000000000000000,                       ,     ,True ,True ,False,True ,False,True ,255.76435,-26.14846
6029368312510427776,NGC_6266_M_62,                   , 0.9860447270743063,                       ,     ,False,False,False,True ,False,True ,301.52517,-21.93021
1454784351776121472,NGC_5272_M_3,                   , 1.0000000000000000,                       ,     ,False,False,False,True ,False,True ,205.55451,+28.38287
5248758865348230528,NGC_2808,                   , 1.0000000000000000,                       ,     ,False,False,False,True ,False,True ,264.05654,-44.74253
1454784386135790848,NGC_5272_M_3,                   , 1.0000000000000000,                       ,     ,False,False,False,True ,False,True ,267.57022,-37.03602
4113940922784937216,NGC_6287,                   , 1.0000000000000000,                       ,     ,True ,True ,True ,True ,False,True ,201.69548,-47.47067
4077764924326936576,NGC_6642,                   , 0.0004747045477986,                       ,     ,False,False,True ,True ,False,True ,244.26694,-22.97786
4077588143480811776,NGC_6656_M_22,                   , 1.0000000000000000,                       ,     ,False,False,False,True ,False,True ,279.15830,-23.78762
6029361165658101248,NGC_6266_M_62,                   , 0.0257148537252673,                       ,     ,True ,True ,True ,True ,False,True ,205.55164,+28.37614
4134456916381961728,NGC_6333_M_9,                   , 1.0000000000000000,                       ,     ,True ,True ,False,True ,False,True ,205.54308,+28.38296
6083692742413239936,NGC_5139_oCen,                   , 0.8936070129076594,                       ,     ,True ,True ,True ,True ,False,True ,283.75245,-30.47656
4330462593657051136,NGC_6171_M107,                   , 1.0000000000000000,                       ,     ,True ,True ,True ,True ,False,True ,201.70717,-47.46042
3938022017256105472,NGC_5024_M_53,                   , 1.0000000000000000,                       ,     ,False,True ,False,True ,False,True ,205.54368,+28.38126
1454784386135591040,NGC_5272_M_3,                   , 1.0000000000000000,                       ,     ,False,False,False,True ,False,True ,205.53420,+28.37580
4039968082624743424,NGC_6441,                   , 1.0000000000000000,                       ,     ,False,False,False,True ,False,True ,138.09722,-64.95292
6083702015220691712,NGC_5139_oCen,                   , 1.0000000000000000,                       ,     ,False,False,False,True ,False,True ,154.44394,-46.45480
 899282215239932672,NGC_2419,                   , 1.0000000000000000,                       ,     ,False,False,False,True ,False,True ,277.91930,-23.56816
6083702019519166592,NGC_5139_oCen,                   , 1.0000000000000000,                       ,     ,True ,True ,True ,True ,False,True ,322.49384,+12.16366
4039967288049431808,NGC_6441,                   , 1.0000000000000000,                       ,     ,False,False,False,True ,False,True ,015.81072,-70.86406
4134456950741764992,NGC_6333_M_9,                   , 1.0000000000000000,                       ,     ,True ,True ,True ,True ,False,True ,194.90994,-70.87067
3937271394411025920,NGC_5024_M_53,                   , 1.0000000000000000,                       ,     ,True ,True ,True ,True ,False,True ,255.30111,-30.11309
1748787404488930688,NGC_6934,                   , 1.0000000000000000,                       ,     ,False,False,False,True ,False,True ,229.62916,+02.04506
4039967086191561344,NGC_6441,                   , 0.9921810740401602,                       ,     ,True ,True ,True ,True ,False,True ,267.56186,-36.99210
1454784420495326848,NGC_5272_M_3,                   , 1.0000000000000000,                       ,     ,False,False,False,True ,False,True ,267.64408,-37.02555
6701959568180224128,NGC_6584,                   , 1.0000000000000000,                       ,     ,False,False,False,True ,False,True ,263.94251,-30.47595
5771812455231672192,IC_4499,                   , 1.0000000000000000,                       ,     ,False,False,False,True ,False,True ,259.80623,-18.51199
6029376146434554368,NGC_6266_M_62,                   , 0.0316598372841564,                       ,     ,True ,True ,True ,True ,False,True ,201.71074,-47.43773
1454784484916762496,NGC_5272_M_3,                   , 1.0000000000000000,                       ,     ,False,False,False,True ,False,True ,264.67353,-23.88256
2686847225879088128,NGC_7089_M_2,                   , 1.0000000000000000,                       ,     ,True ,True ,True ,True ,False,True ,201.73290,-47.42130
4039968048223675136,NGC_6441,                   , 1.0000000000000000,                       ,     ,False,False,True ,True ,False,True ,259.10605,-28.23416
5771801971213044992,IC_4499,                   , 0.4361415103605769,                       ,     ,False,False,True ,True ,False,True ,259.87610,-18.51521
1748787198330646144,NGC_6934,                   , 1.0000000000000000,                       ,     ,False,False,False,True ,False,True ,015.79860,-70.84763
1454784386135593344,NGC_5272_M_3,                   , 1.0000000000000000,                       ,     ,True ,True ,True ,True ,False,True ,273.40142,-31.82541
1454784386135901696,NGC_5272_M_3,                   , 1.0000000000000000,                       ,     ,False,False,False,True ,False,True ,048.06459,-55.21027
1454784626655340544,NGC_5272_M_3,                   , 1.0000000000000000,                       ,     ,True ,True ,True ,True ,False,True ,322.49507,+12.16766
4077185447343788288,NGC_6626_M_28,                   , 0.2128850617191895,                       ,     ,True ,True ,True ,True ,False,True ,301.51782,-21.90611
4076173110750996608,NGC_6638,                   , 0.6798488288233155,                       ,     ,True ,True ,True ,True ,False,True ,308.54456,+07.40178
5248759277665374080,NGC_2808,                   , 1.0000000000000000,                       ,     ,False,False,False,True ,False,True ,308.54637,+07.40441
4116353113883737344,NGC_6401,                   , 0.7887344592314136,                       ,     ,True ,True ,True ,True ,False,True ,201.69357,-47.45494
 899282593195078400,NGC_2419,                   , 1.0000000000000000,                       ,     ,False,False,False,True ,False,True ,275.87487,-30.31785
5955271605364756992,NGC_6388,                   , 0.3437053786854324,                       ,     ,True ,True ,True ,True ,False,True ,322.50075,+12.17033
4107314711646087168,NGC_6304,                   , 0.6205085956671955,                       ,     ,False,False,False,True ,False,True ,255.29899,-30.06390
1763620263021061888,NGC_7006,                   , 1.0000000000000000,                       ,     ,False,False,False,True ,False,True ,322.49921,+12.16759
1763620327446651008,NGC_7006,                   , 1.0000000000000000,                       ,     ,False,False,False,True ,False,True ,201.67562,-47.50210
4111918263746643456,NGC_6273_M_19,                   , 0.0360328267457260,                       ,     ,True ,True ,True ,True ,False,True ,264.65144,-23.90989
6853720764408222208,NGC_6864_M_75,                   , 1.0000000000000000,                       ,     ,False,False,False,True ,False,True ,206.61132,-51.37346
1454784420495555200,NGC_5272_M_3,                   , 1.0000000000000000,                       ,     ,False,False,False,True ,False,True ,322.49725,+12.16906
5955269200160238976,NGC_6388,                   , 1.0000000000000000,                       ,     ,True ,True ,True ,True ,False,True ,273.41891,-31.82990
4039968181404849536,NGC_6441,                   , 1.0000000000000000,                       ,     ,True ,True ,True ,True ,False,True ,322.50355,+12.16567
6083701847744996992,NGC_5139_oCen,                   , 1.0000000000000000,                       ,     ,False,False,True ,True ,False,True ,255.28472,-30.10799
6050422104646094976,NGC_6093_M_80,                   , 1.0000000000000000,                       ,     ,False,False,False,True ,False,True ,201.66889,-47.50542
4077593881548557312,NGC_6656_M_22,                   , 0.4133467167727186,                       ,     ,False,True ,True ,True ,False,True ,206.60607,-51.38149
1454784386137078912,NGC_5272_M_3,                   , 1.0000000000000000,                       ,     ,False,False,True ,True ,False,True ,274.65882,-52.21515
1454784386130502016,NGC_5272_M_3,                   , 1.0000000000000000,                       ,     ,True ,True ,True ,True ,False,True ,201.70411,-47.47795
6760428783366912384,NGC_6715_M_54,                   , 1.0000000000000000,                       ,     ,False,False,True ,True ,False,True ,308.54372,+07.40680
6083701847720625920,NGC_5139_oCen,                   , 1.0000000000000000,                       ,     ,False,False,True ,True ,False,True ,201.68874,-47.51124
1454784386135795328,NGC_5272_M_3,                   , 1.0000000000000000,                       ,     ,True ,True ,False,True ,False,True ,201.66514,-47.50795
1454784386135790976,NGC_5272_M_3,                   , 1.0000000000000000,                       ,     ,False,False,False,True ,False,True ,201.69049,-47.43991
5248755287629961088,NGC_2808,                   , 0.7402361146680582,                       ,     ,False,False,False,True ,False,True ,255.29471,-30.11934
5413575241733105152,NGC_3201,                   , 1.0000000000000000,                       ,     ,False,False,False,True ,False,True ,301.51908,-21.92506
4077744274125091584,NGC_6642,                   , 0.0026389432198554,                       ,     ,True ,True ,True ,True ,False,True ,229.35100,+02.07331
1745948328031324544,NGC_7078_M_15,                   , 1.0000000000000000,                       ,     ,False,False,False,True ,False,True ,250.43121,+36.44059
4690839589937252864,NGC_362,                   , 1.0000000000000000,                       ,     ,False,False,False,True ,False,True ,322.48795,+12.17250
5843787482825321472,NGC_4833,                   , 1.0000000000000000,                       ,     ,False,False,False,True ,False,True ,259.69557,-18.42481
6029365357572836224,NGC_6266_M_62,                   , 1.0000000000000000,                       ,     ,False,False,False,True ,False,True ,201.72015,-47.49119
4421571941065392128,NGC_5904_M_5,                   , 1.0000000000000000,                       ,     ,False,True ,False,True ,False,True ,325.09220,-23.17869
4039969938050832512,NGC_6441,                   , 1.0000000000000000,                       ,     ,True ,True ,True ,True ,False,True ,315.37610,+16.19103
4039968765490153984,NGC_6441,                   , 0.6191737744576131,                       ,     ,True ,True ,True ,True ,False,True ,048.09081,-55.23061
4055453741758171904,Terzan_1_HP_2,                   , 1.0000000000000000,                       ,     ,False,False,False,True ,False,True ,322.50370,+12.16546
4134480384088486528,NGC_6333_M_9,                   , 1.0000000000000000,                       ,     ,True ,True ,True ,True ,False,True ,322.51195,+12.17519
6083702225677948544,NGC_5139_oCen,                   , 1.0000000000000000,                       ,     ,False,False,True ,True ,False,True ,322.49874,+12.16816
4116353045241268224,NGC_6401,                   , 0.9973017479691672,                       ,     ,True ,True ,True ,True ,False,True ,229.63724,+02.08304
6083702255738935808,NGC_5139_oCen,                   , 1.0000000000000000,                       ,     ,False,False,True ,True ,False,True ,206.62251,-51.37790
4107740673727577600,NGC_6316,                   , 0.0250038933543985,                       ,     ,True ,True ,True ,True ,False,True ,308.55152,+07.40282
4122470654799978240,NGC_6333_M_9,                   , 0.9704750895494796,                       ,     ,True ,True ,True ,True ,False,True ,322.49364,+12.17772
4690886594051814400,NGC_362,                   , 1.0000000000000000,                       ,     ,False,False,False,True ,False,True ,267.55506,-37.04783
4048895154905508864,NGC_6569,                   , 1.0000000000000000,                       ,     ,False,False,False,True ,False,True ,273.44663,-31.76958
4733794588651550080,NGC_1261,                   , 1.0000000000000000,                       ,     ,False,False,False,True ,False,True ,201.67029,-47.49119
1745948328028727936,NGC_7078_M_15,                   , 1.0000000000000000,                       ,     ,False,False,True ,True ,False,True ,201.63132,-47.45132
6853744502690409600,NGC_6864_M_75,                   , 1.0000000000000000,                       ,     ,False,False,False,True ,False,True ,258.63914,-29.54114
1748787095251269632,NGC_6934,                   , 1.0000000000000000,                       ,     ,True ,True ,True ,True ,False,True ,201.66361,-47.45094
1748787198330581120,NGC_6934,                   , 1.0000000000000000,                       ,     ,False,False,False,True ,False,True ,322.49354,+12.17529
6083702053879024512,NGC_5139_oCen,                   , 1.0000000000000000,                       ,     ,False,False,True ,True ,False,True ,137.98192,-64.83612
4046461798313291520,NGC_6624,                   , 0.4363865457116739,                       ,     ,True ,True ,True ,True ,False,True ,201.65714,-47.45988
1745948358093849216,NGC_7078_M_15,                   , 1.0000000000000000,                       ,     ,False,False,True ,True ,False,True ,322.50524,+12.16642
 899282696276264192,NGC_2419,                   , 1.0000000000000000,                       ,     ,False,False,False,True ,False,True ,201.66742,-47.44337
 899283555267703808,NGC_2419,                   , 1.0000000000000000,                       ,     ,False,False,False,True ,False,True ,277.73451,-25.50124
6029368724726975744,NGC_6266_M_62,                   , 0.4960136626508261,                       ,     ,False,False,False,True ,False,True ,201.66501,-47.46724
1745948328031319040,NGC_7078_M_15,                   , 1.0000000000000000,                       ,     ,True ,True ,True ,True ,False,True ,201.62580,-47.47937
6083701362385395968,NGC_5139_oCen,                   , 1.0000000000000000,                       ,     ,False,False,True ,True ,False,True ,322.49965,+12.16350
4116347135364726784,NGC_6401,                   , 1.0000000000000000,                       ,     ,True ,True ,True ,True ,False,True ,322.48375,+12.17080
6069384007303180160,NGC_5286,                   , 1.0000000000000000,                       ,     ,False,False,False,True ,False,True ,267.59534,-37.03434
1745948328028718080,NGC_7078_M_15,                   , 1.0000000000000000,                       ,     ,True ,True ,True ,True ,False,True ,245.93841,-26.52468
4048895120687673856,NGC_6569,                   , 1.0000000000000000,                       ,     ,False,False,False,True ,False,True ,201.75890,-47.46372
 899282696276819584,NGC_2419,                   , 1.0000000000000000,                       ,     ,False,False,False,True ,False,True ,201.67744,-47.45808
1745948117575685760,NGC_7078_M_15,                   , 1.0000000000000000,                       ,     ,True ,True ,True ,True ,False,True ,201.46972,-47.53425
6029368312511807744,NGC_6266_M_62,                   , 0.8273059822033146,                       ,     ,False,False,False,True ,False,True ,201.62516,-47.49479
6083701366717290240,NGC_5139_oCen,                   , 1.0000000000000000,                       ,     ,False,False,True ,True ,False,True ,015.80271,-70.84716
6069383904227442176,NGC_5286,                   , 1.0000000000000000,                       ,     ,False,False,False,True ,False,True ,201.66408,-47.44887
 899282696274259584,NGC_2419,                   , 1.0000000000000000,                       ,     ,True ,True ,True ,True ,False,True ,245.71520,-26.42088
6701960981226049280,NGC_6584,                   , 1.0000000000000000,                       ,     ,False,False,False,True ,False,True ,201.73554,-47.50172
6083701779025521536,NGC_5139_oCen,                   , 1.0000000000000000,                       ,     ,False,False,True ,True ,False,True ,315.37916,+16.18615
1748787198330724736,NGC_6934,                   , 1.0000000000000000,                       ,     ,False,False,False,True ,False,True ,201.66210,-47.45915
6083698789705062400,NGC_5139_oCen,                   , 1.0000000000000000,                       ,     ,False,False,True ,True ,False,True ,015.79895,-70.84627
6083701366683838208,NGC_5139_oCen,                   , 1.0000000000000000,                       ,     ,False,False,True ,True ,False,True ,255.33288,-30.10095
6083702122598572672,NGC_5139_oCen,                   , 1.0000000000000000,                       ,     ,False,False,True ,True ,False,True ,225.08927,-82.20566
6029365357472024576,NGC_6266_M_62,                   , 0.9118059082448454,                       ,     ,True ,True ,True ,True ,False,True ,276.12908,-24.86721
6853720970566856448,NGC_6864_M_75,                   , 1.0000000000000000,                       ,     ,False,False,False,True ,False,True ,201.62352,-47.49789
4421528338559246464,NGC_5904_M_5,                   , 0.5550748951260879,                       ,     ,True ,True ,True ,True ,False,True ,264.08089,-44.74990
1328057149822551424,NGC_6205_M_13,                   , 1.0000000000000000,                       ,     ,False,False,False,True ,False,True ,206.60728,-51.35948
1745948328028724864,NGC_7078_M_15,                   , 1.0000000000000000,                       ,     ,False,False,True ,True ,False,True ,322.49189,+12.16352
4134485057042137472,NGC_6333_M_9,                   , 0.2237590159708146,                       ,     ,True ,True ,True ,True ,False,True ,229.63854,+02.07929
6083698824064964096,NGC_5139_oCen,                   , 1.0000000000000000,                       ,     ,False,False,True ,True ,False,True ,255.30567,-30.11371
6816581151405549568,NGC_7099_M_30,                   , 1.0000000000000000,                       ,     ,False,False,False,True ,False,True ,226.00092,-33.05484
1763620331740669824,NGC_7006,                   , 1.0000000000000000,                       ,     ,False,False,False,True ,False,True ,267.52625,-37.04580
4733793764014757248,NGC_1261,                   , 1.0000000000000000,                       ,     ,False,False,False,True ,False,True ,267.71604,-34.59596
1745948121867200128,NGC_7078_M_15,                   , 1.0000000000000000,                       ,     ,False,False,True ,True ,False,True ,322.49095,+12.16732
1745948362388623872,NGC_7078_M_15,                   , 1.0000000000000000,                       ,     ,False,False,True ,True ,False,True ,206.60867,-51.37679
1745948328025600000,NGC_7078_M_15,                   , 1.0000000000000000,                       ,     ,True ,True ,False,True ,False,True ,202.41455,-47.50511
4421572903142791424,NGC_5904_M_5,                   , 1.0000000000000000,                       ,     ,False,False,False,True ,False,True ,322.49233,+12.18130
6069383938583683840,NGC_5286,                   , 1.0000000000000000,                       ,     ,False,False,False,True ,False,True ,283.27848,-08.69198
1748787198330560512,NGC_6934,                   , 1.0000000000000000,                       ,     ,False,False,False,True ,False,True ,201.77654,-47.78977
1745948362385495808,NGC_7078_M_15,                   , 1.0000000000000000,                       ,     ,True ,True ,True ,True ,False,True ,201.64644,-47.46792
4039968048264694144,NGC_6441,                   , 1.0000000000000000,                       ,     ,False,False,True ,True ,False,True ,273.42098,-31.82309
4048896834226931840,NGC_6569,                   , 0.3689619923292799,                       ,     ,True ,True ,True ,True ,False,True ,264.05644,-44.74356
6083701435428093696,NGC_5139_oCen,                   , 1.0000000000000000,                       ,     ,False,False,True ,True ,False,True ,279.09656,-23.88988
6083702500580792704,NGC_5139_oCen,                   , 1.0000000000000000,                       ,     ,False,True ,True ,True ,False,True ,255.30058,-30.11383
4107313921373232768,NGC_6304,                   , 0.3629794691417034,                       ,     ,True ,True ,True ,True ,False,True ,267.53116,-37.08908
6083702844152881664,NGC_5139_oCen,                   , 1.0000000000000000,                       ,     ,False,False,True ,True ,False,True ,277.72458,-25.49549
1745948328025721856,NGC_7078_M_15,                   , 1.0000000000000000,                       ,     ,True ,True ,True ,True ,False,True ,229.64086,+02.07959
5248760136650854400,NGC_2808,                   , 1.0000000000000000,                       ,     ,False,False,False,True ,False,True ,322.47368,+12.18007
6083701710316011008,NGC_5139_oCen,                   , 1.0000000000000000,                       ,     ,False,True ,True ,True ,False,True ,255.31520,-30.10843
1745948156228179456,NGC_7078_M_15,                   , 1.0000000000000000,                       ,     ,True ,True ,True ,True ,False,True ,255.30578,-30.11241
6083702844177960704,NGC_5139_oCen,                   , 1.0000000000000000,                       ,     ,True ,True ,True ,True ,False,True ,236.55391,-37.76793
4076172835903796608,NGC_6638,                   , 1.0000000000000000,                       ,     ,False,True ,False,True ,False,True ,236.51778,-37.78486
6083702088238555904,NGC_5139_oCen,                   , 1.0000000000000000,                       ,     ,False,False,True ,True ,False,True ,201.72654,-47.48673
6083701671623253120,NGC_5139_oCen,                   , 1.0000000000000000,                       ,     ,False,False,True ,True ,False,True ,255.30191,-30.11354
1745948121870299520,NGC_7078_M_15,                   , 1.0000000000000000,                       ,     ,False,False,False,True ,False,True ,229.64540,+02.08470
1745948396748312320,NGC_7078_M_15,                   , 1.0000000000000000,                       ,     ,True ,True ,True ,True ,False,True ,283.26527,-08.71127
4039968902886888960,NGC_6441,                   , 1.0000000000000000,                       ,     ,True ,True ,True ,True ,False,True ,283.28697,-08.70848
6045465506234518656,NGC_6121_M_4,                   , 1.0000000000000000,                       ,     ,False,False,False,True ,False,True ,279.12657,-23.95370
6083698957204080640,NGC_5139_oCen,                   , 1.0000000000000000,                       ,     ,False,False,True ,True ,False,True ,255.29814,-30.10293
6083702088243770624,NGC_5139_oCen,                   , 1.0000000000000000,                       ,     ,True ,True ,True ,True ,False,True ,255.31097,-30.12697
6083700503386201600,NGC_5139_oCen,                   , 1.0000000000000000,                       ,     ,True ,True ,True ,True ,False,True ,301.52262,-21.92236
6083701504147516416,NGC_5139_oCen,                   , 1.0000000000000000,                       ,     ,False,False,True ,True ,False,True ,206.62422,-51.37619
4690886628419052672,NGC_362,                   , 1.0000000000000000,                       ,     ,False,False,False,True ,False,True ,323.37963,-00.82337
6083702844152897792,NGC_5139_oCen,                   , 1.0000000000000000,                       ,     ,False,False,True ,True ,False,True ,255.29256,-30.11195
6045480963805292416,NGC_6121_M_4,                   , 0.5339944527686706,                       ,     ,False,False,False,True ,False,True ,255.32090,-30.11899
6083698858427377920,NGC_5139_oCen,                   , 1.0000000000000000,                       ,     ,False,False,True ,True ,False,True ,255.22258,-30.13922
1763620331740653952,NGC_7006,                   , 1.0000000000000000,                       ,     ,False,False,False,True ,False,True ,323.37789,-00.82036
6083702083935559040,NGC_5139_oCen,                   , 1.0000000000000000,                       ,     ,False,False,True ,True ,False,True ,151.39962,+00.08614
 899283417828804608,NGC_2419,                   , 1.0000000000000000,                       ,     ,False,False,False,True ,False,True ,301.51200,-21.93662
4690886628419104640,NGC_362,                   , 1.0000000000000000,                       ,     ,True ,True ,True ,True ,False,True ,202.50138,-47.81250
6029365426191429504,NGC_6266_M_62,                   , 0.6879101996614653,                       ,     ,False,False,False,True ,False,True ,206.61233,-51.38111
5771813211143659392,IC_4499,                   , 1.0000000000000000,                       ,     ,False,False,False,True ,False,True ,255.29617,-30.10629
4077190571285436928,NGC_6626_M_28,                   , 1.0000000000000000,                       ,     ,True ,True ,True ,True ,False,True ,255.30273,-30.10572
6083701504122644992,NGC_5139_oCen,                   , 1.0000000000000000,                       ,     ,False,False,True ,True ,False,True ,267.55929,-37.06678
5955268989690970624,NGC_6388,                   , 1.0000000000000000,                       ,     ,True ,True ,True ,True ,False,True ,255.28542,-30.08806
 899283417830494848,NGC_2419,                   , 1.0000000000000000,                       ,     ,False,False,False,True ,False,True ,264.08227,-44.74326
6069384213465057280,NGC_5286,                   , 1.0000000000000000,                       ,     ,False,False,False,True ,False,True ,272.34580,-25.95139
1745948328031303296,NGC_7078_M_15,                   , 1.0000000000000000,                       ,     ,False,False,False,True ,False,True ,200.59523,-48.31792
4421572903142756352,NGC_5904_M_5,                   , 1.0000000000000000,                       ,     ,False,True ,False,True ,False,True ,255.30988,-30.12052
6029365357572728320,NGC_6266_M_62,                   , 1.0000000000000000,                       ,     ,False,False,False,True ,False,True ,200.93889,-48.29795
6204589509050100224,NGC_5824,                   , 1.0000000000000000,                       ,     ,False,False,False,True ,False,True ,255.29111,-30.10123
4039968082624817408,NGC_6441,                   , 1.0000000000000000,                       ,     ,True ,True ,True ,True ,False,True ,255.31894,-30.10636
 899283417828808064,NGC_2419,                   , 1.0000000000000000,                       ,     ,False,False,False,True ,False,True ,206.59919,-51.37964
4041578214306706304,NGC_6453,                   , 1.0000000000000000,                       ,     ,False,False,True ,True ,False,True ,286.35065,+02.10884
1745948328028779264,NGC_7078_M_15,                   , 1.0000000000000000,                       ,     ,False,False,False,True ,False,True ,233.81647,-50.84002
6069383972943462272,NGC_5286,                   , 1.0000000000000000,                       ,     ,False,False,False,True ,False,True ,255.47976,-30.35871
 899283452191012480,NGC_2419,                   , 1.0000000000000000,                       ,     ,False,True ,True ,True ,False,True ,255.30249,-30.32977
6083877425978092672,NGC_5139_oCen,                   , 0.3686997744092033,                       ,     ,True ,True ,True ,True ,False,True ,255.11882,-30.26489
1745948431105067264,NGC_7078_M_15,                   , 1.0000000000000000,                       ,     ,False,False,False,True ,False,True ,255.21679,-30.30904
4203849466042002944,NGC_6712,                   , 1.0000000000000000,                       ,     ,False,False,False,True ,False,True ,255.22510,-30.23975
6083503695113669376,NGC_5139_oCen,                   , 0.9239670421523116,                       ,     ,False,False,False,True ,False,True ,255.33773,-30.21133
6083701710286680064,NGC_5139_oCen,                   , 1.0000000000000000,                       ,     ,False,False,True ,True ,False,True ,255.32761,-30.12416
 899283039871712640,NGC_2419,                   , 1.0000000000000000,                       ,     ,False,False,False,True ,False,True ,255.69422,-29.98274
4048895120644714880,NGC_6569,                   , 1.0000000000000000,                       ,     ,False,False,True ,True ,False,True ,255.32081,-29.99703
5955269200160240256,NGC_6388,                   , 1.0000000000000000,                       ,     ,False,False,True ,True ,False,True ,255.49147,-29.84910
4077588452718411904,NGC_6656_M_22,                   , 1.0000000000000000,                       ,     ,False,False,False,True ,False,True ,255.15027,-30.07059
6029365357572905856,NGC_6266_M_62,                   , 1.0000000000000000,                       ,     ,False,False,False,True ,False,True ,254.73745,-37.05614
4039966875732811008,NGC_6441,                   , 1.0000000000000000,                       ,     ,True ,True ,True ,True ,False,True ,244.27777,-44.59684
4076173042031145344,NGC_6638,                   , 1.0000000000000000,                       ,     ,True ,True ,True ,True ,False,True ,244.26565,-44.60359
4421572903142721792,NGC_5904_M_5,                   , 1.0000000000000000,                       ,     ,False,True ,False,True ,False,True ,262.76517,-39.79739
1745949148367784320,NGC_7078_M_15,                   , 1.0000000000000000,                       ,     ,False,False,False,True ,False,True ,260.44692,-19.69896
6029365460652220928,NGC_6266_M_62,                   , 0.9341358933565036,                       ,     ,False,False,False,True ,False,True ,260.31812,-19.58049
6029365460652097408,NGC_6266_M_62,                   , 1.0000000000000000,                       ,     ,False,False,True ,True ,False,True ,316.72097,+14.97752
6009557277527349760,NGC_5986,                   , 0.9050010045521368,                       ,     ,True ,True ,True ,True ,False,True ,316.73379,+14.98546
6009556830861273600,NGC_5986,                   , 1.0000000000000000,                       ,     ,True ,True ,True ,True ,False,True ,081.07559,-24.51474
6083698927144217472,NGC_5139_oCen,                   , 1.0000000000000000,                       ,     ,False,False,True ,True ,False,True ,081.01050,-24.49079
6029365357572904448,NGC_6266_M_62,                   , 1.0000000000000000,                       ,     ,False,False,False,True ,False,True ,263.03762,-67.04094
4421572937502555008,NGC_5904_M_5,                   , 1.0000000000000000,                       ,     ,False,False,False,True ,False,True ,263.04784,-67.00718
4203849053798552576,NGC_6712,                   , 1.0000000000000000,                       ,     ,False,False,False,True ,False,True ,263.01784,-67.01095
4203849015070976768,NGC_6712,                   , 1.0000000000000000,                       ,     ,False,False,False,True ,False,True ,262.89169,-67.02435
4077587318838435968,NGC_6656_M_22,                   , 1.0000000000000000,                       ,     ,False,False,False,True ,False,True ,262.88998,-67.02492
6029368415589659008,NGC_6266_M_62,                   , 0.9570854740080864,                       ,     ,False,False,False,True ,False,True ,263.15758,-66.96515
 899283108591190400,NGC_2419,                   , 1.0000000000000000,                       ,     ,False,False,False,True ,False,True ,289.16115,+30.20220
6029365288752217344,NGC_6266_M_62,                   , 0.8252204848412299,                       ,     ,False,False,False,True ,False,True ,289.14136,+30.20054
6853720970563068288,NGC_6864_M_75,                   , 1.0000000000000000,                       ,     ,False,False,False,True ,False,True ,262.76484,-29.99333
6069383938583672064,NGC_5286,                   , 1.0000000000000000,                       ,     ,False,False,False,True ,False,True ,266.98389,-24.78217
2686847191516774912,NGC_7089_M_2,                   , 1.0000000000000000,                       ,     ,False,False,False,True ,False,True ,266.88544,-24.70003
6029368312519866368,NGC_6266_M_62,                   , 0.9393256989647290,                       ,     ,False,True ,False,True ,False,True ,322.44678,+12.09725
6029365391831446400,NGC_6266_M_62,                   , 0.8240011513511216,                       ,     ,False,False,False,True ,False,True ,322.48565,+12.14590
6029368037529657600,NGC_6266_M_62,                   , 0.2825663021144743,                       ,     ,False,False,False,True ,False,True ,322.51212,+12.16919
2686847191516772352,NGC_7089_M_2,                   , 1.0000000000000000,                       ,     ,False,False,True ,True ,False,True ,322.53634,+12.19601
3833327306035335808,Pal_3,                   , 0.8677649530836899,                       ,     ,False,False,False,True ,False,True ,322.45616,+12.34306
6853720936203441664,NGC_6864_M_75,                   , 1.0000000000000000,                       ,     ,False,False,False,True ,False,True ,187.70133,-72.96335
6083819529818715008,NGC_5139_oCen,                   , 0.1254678764678608,                       ,     ,True ,True ,True ,True ,False,True ,273.04326,-22.83585
6069383938583734016,NGC_5286,                   , 1.0000000000000000,                       ,     ,False,False,False,True ,False,True ,273.05940,-22.70013
6029368312510453504,NGC_6266_M_62,                   , 0.9750068512811160,                       ,     ,False,False,False,True ,False,True ,275.86757,-24.87841
6029365460652159488,NGC_6266_M_62,                   , 1.0000000000000000,                       ,     ,False,False,False,True ,False,True ,048.09617,-55.21246
4039967292350596864,NGC_6441,                   , 1.0000000000000000,                       ,     ,False,False,False,True ,False,True ,263.97563,-30.50481
6029368484208664192,NGC_6266_M_62,                   , 0.6880191656707314,                       ,     ,False,False,False,True ,False,True ,263.91607,-30.50416
5955269097103547520,NGC_6388,                   , 1.0000000000000000,                       ,     ,False,False,True ,True ,False,True ,263.94526,-30.49110
4064836355523049600,NGC_6553,                   , 1.0000000000000000,                       ,     ,False,False,False,True ,False,True ,263.91956,-30.49397
6083562656414874624,NGC_5139_oCen,                   , 0.0059836634737938,                       ,     ,True ,True ,True ,True ,False,True ,263.96228,-30.47829
6029365288862733952,NGC_6266_M_62,                   , 0.9205886302605780,                       ,     ,False,False,False,True ,False,True ,263.95307,-30.45890
6083373128098967040,NGC_5139_oCen,                   , 0.0148594578195476,                       ,     ,False,False,False,True ,False,True ,315.37895,+16.18550
6029368312409795840,NGC_6266_M_62,                   , 0.8668406472509355,                       ,     ,False,False,False,True ,False,True ,315.36718,+16.18819
6029365460551208576,NGC_6266_M_62,                   , 0.8741876037271352,                       ,     ,False,False,False,True ,False,True ,201.81424,-47.65579
6069383972943874304,NGC_5286,                   , 1.0000000000000000,                       ,     ,False,False,False,True ,False,True ,201.77255,-47.62510
