source_id,ra,dec,pmra,pmdec,FeH,e_FeH,Dist,e_Dist
4126391959941481344,254.6440,-21.1857,-1.9582,-0.4029,-0.75,0.69,31.09,3.01
3278874447192970880,68.2296,1.4347,-0.0036,-1.5532,-0.83,0.39,22.94,1.83
4049213115752945024,272.9878,-30.7212,-2.6923,-1.0830,-1.72,0.53,21.00,2.70
4049275993982198784,273.0300,-30.3651,-2.7870,-0.8349,-1.99,0.52,26.89,2.56
4049745386708273152,273.9588,-29.5741,-1.6353,-0.8313,-2.01,0.92,24.13,3.45
4052147746648211712,274.2707,-28.0143,-2.3168,-1.7097,-1.96,0.45,25.71,2.95
4051394993395236096,274.8139,-28.3340,-2.6007,-1.4730,-0.93,0.66,21.96,2.97
4040907718345693824,265.9934,-36.5574,-2.3420,-0.3696,-1.43,0.52,16.96,1.68
4119077703729739520,267.1176,-19.8543,-2.4453,-0.6449,-1.92,0.53,16.02,1.88
4070509526320451200,267.6561,-21.8534,-2.4508,-1.1797,-1.54,0.53,15.63,1.84
4045875655515863680,273.6927,-32.0110,-2.5215,-0.9274,-1.33,0.94,23.55,2.97
4049629285102227328,273.9564,-30.0255,-2.1397,-1.0612,-1.67,0.59,24.42,2.28
4049723190226014848,274.2111,-29.8770,-2.6468,-0.9918,-1.45,0.46,24.61,2.09
4049734387240275072,274.4784,-29.5816,-2.4857,-1.1790,-1.19,0.51,23.61,2.14
4051354380219168256,274.5878,-28.6183,-2.6982,-1.4869,-1.37,0.45,26.23,2.34
4049760092617558144,274.5963,-29.4687,-1.8891,-0.6703,-1.59,0.73,21.94,2.44
4049521532993053312,274.8331,-30.0238,-2.7440,-1.4164,-1.24,0.96,24.43,2.64
4051329851639573120,275.0609,-28.5666,-2.1815,-0.8474,-1.40,0.57,25.14,2.59
4051281885405123712,275.1542,-28.9542,-2.5111,-1.3211,-1.86,0.56,25.95,2.28
4049479888952738560,275.2280,-30.2035,-2.9587,-1.5748,-1.74,0.44,25.75,3.78
4046444068672593664,275.3101,-30.4965,-2.6414,-0.5900,-1.63,0.43,27.54,2.66
4052698979836276864,275.3452,-26.9998,-2.6180,-1.3422,-1.73,0.58,26.39,3.29
4051433927259318016,275.3733,-28.2540,-2.6965,-1.0655,-1.53,0.48,29.39,3.28
4051538449672918784,275.3810,-27.6206,-2.6348,-1.4519,-1.68,0.51,28.75,3.27
4051314286665515520,275.4936,-28.7027,-2.1054,-1.4274,-1.77,0.47,16.19,1.48
4051441383454970752,275.5390,-28.1243,-2.3519,-1.2531,-1.04,0.66,27.44,3.03
4047184898945785600,279.7316,-30.1663,-3.0127,-1.4424,-1.41,0.59,25.07,2.37
4047129442313532160,279.7830,-30.6957,-2.7669,-1.5504,-1.61,0.42,25.06,2.24
4047077176843468800,279.8683,-30.8780,-2.7674,-1.1131,-1.49,0.48,26.50,2.54
4047105905883418624,279.8829,-30.6763,-2.1786,-1.0593,-1.61,0.50,28.77,2.99
4047159949451686016,279.8989,-30.4508,-3.0120,-1.3126,-1.46,0.54,25.42,2.39
4047167272398352768,279.9083,-30.3439,-2.4787,-1.1172,-1.60,0.43,26.69,2.17
4047280517778027776,279.9369,-30.0449,-2.3238,-1.0802,-2.01,0.49,29.66,2.31
4047471661003726336,279.9499,-29.8957,-2.2263,-1.1029,-1.82,0.43,27.26,2.39
4047170158616561536,279.9889,-30.2228,-2.8408,-1.1482,-1.73,0.47,22.56,2.27
4047058111478874752,280.0240,-31.0621,-2.6151,-1.3185,-1.70,0.46,23.48,2.70
4047107619569752704,280.0574,-30.5870,-2.5271,-1.4593,-1.69,0.60,27.01,2.17
4047165790606178688,280.0860,-30.3003,-2.5112,-1.1060,-0.46,0.73,24.31,2.09
4047278215673310976,280.1027,-30.0487,-2.8918,-1.6449,-1.91,0.46,26.55,2.52
4047116827980075008,280.1177,-30.4392,-2.2906,-1.1968,-1.75,0.57,25.38,2.41
4047262895539336960,280.1403,-30.2058,-3.0415,-1.3480,-1.43,0.47,22.42,2.28
4047259420896905984,280.1499,-30.2908,-2.8680,-1.1185,-1.77,0.46,29.19,2.84
4047164450577658496,280.1690,-30.3500,-2.6375,-1.7185,-1.63,0.52,24.37,2.73
4047110063445417600,280.1809,-30.6093,-2.8830,-1.4768,-2.25,0.46,27.96,2.36
4047115526643437312,280.2145,-30.4909,-2.5070,-1.0147,-2.04,0.46,27.86,2.72
4047116007679793152,280.2319,-30.4503,-2.4869,-0.9618,-1.14,0.49,24.08,2.46
4047111330421620096,280.2536,-30.5607,-2.7713,-1.1945,-1.83,0.45,26.36,2.38
4047260932726819328,280.2774,-30.2042,-2.3386,-0.9395,-1.66,0.48,28.07,2.98
4047210904966721152,280.3196,-30.3361,-2.6837,-1.3267,-1.18,0.54,23.69,2.53
4047215509149316608,280.4931,-30.2829,-2.4120,-1.0184,-1.61,0.64,26.63,2.54
4047188296241080704,280.5106,-30.6461,-2.7095,-1.1322,-1.52,0.49,25.63,2.01
4047222935147573376,280.5164,-30.0439,-2.7368,-0.8894,-1.38,0.46,34.94,3.85
4047294265994182400,280.6016,-29.9040,-2.4377,-1.4163,-1.51,0.48,26.34,2.12
4047201632106689152,280.6243,-30.3682,-2.6705,-1.0557,-1.15,0.80,28.01,2.61
4047204140407149056,280.7817,-30.2470,-2.9237,-1.5540,-1.41,0.44,25.25,1.98
4047241725628525952,280.7877,-30.0644,-3.1113,-1.5905,-1.71,0.51,25.08,1.99
6737346284762458496,280.8286,-30.5304,-2.4503,-1.5262,-1.41,0.42,27.67,2.98
6737173734461252352,280.8680,-31.0772,-2.7285,-1.1543,-1.09,0.49,27.79,2.44
4047237538046895872,280.9413,-30.0119,-2.7210,-1.4255,-1.60,0.49,24.23,1.93
6737343712096688000,280.9952,-30.5327,-2.9025,-1.0505,-1.53,0.47,26.22,2.25
6737268082000858496,281.0108,-31.0009,-2.7072,-1.3011,-2.27,0.58,27.42,2.65
4047253549682208256,281.0228,-29.7808,-2.8847,-1.3768,-1.83,0.55,27.56,2.44
6737331617466052352,281.0498,-30.5847,-2.7796,-1.3710,-1.36,0.51,25.03,2.61
4047240561731897472,281.0548,-29.8536,-2.9490,-1.2256,-1.68,0.46,25.00,2.03
6737368378089942016,281.1013,-30.4181,-2.9984,-1.2022,-1.29,0.61,28.48,2.64
6737269112793055616,281.1152,-30.9738,-2.4041,-1.0662,-1.41,0.54,27.50,2.36
6737265195782737152,281.1204,-31.0725,-2.8832,-1.6104,-2.00,0.45,26.21,2.15
4071274129237143424,281.1411,-29.7082,-2.9142,-1.4100,-1.56,0.46,25.62,2.30
6737370164779804672,281.1536,-30.3549,-2.3049,-1.3892,-1.49,0.47,24.40,2.26
6737277157266897280,281.1656,-30.8130,-2.3613,-0.9219,-1.32,0.58,29.36,2.42
6737325772005014272,281.1656,-30.7458,-2.0890,-1.9208,-1.96,0.54,26.92,2.19
4071274889442303104,281.1852,-29.6351,-2.4969,-1.4644,-1.29,0.55,27.25,2.43
6737271861571193600,281.1901,-30.9699,-2.6566,-1.0610,-1.19,0.48,28.70,2.39
4071274472834593152,281.1928,-29.6837,-2.9178,-1.4048,-1.58,0.55,26.68,2.46
6737381297336158592,281.2000,-30.1846,-2.8118,-1.3178,-1.70,0.61,28.89,2.85
6737251245727744896,281.2246,-31.1685,-2.4870,-1.2948,-1.99,0.58,28.33,2.72
4071256021653402368,281.2359,-29.8700,-2.9923,-1.3836,-1.44,0.64,25.87,2.31
4071287568186948992,281.2466,-29.4080,-2.8380,-1.3644,-1.64,0.51,27.23,2.86
6737356906241494144,281.2569,-30.4517,-2.5640,-1.4486,-2.09,0.53,29.66,2.62
4071289148735371520,281.2607,-29.3315,-2.0299,-1.8735,-1.41,0.46,26.59,2.49
4071255746776825472,281.2644,-29.8885,-2.7974,-0.8359,-1.35,0.44,25.87,2.11
6737245340145444352,281.2843,-31.2790,-2.8521,-1.2083,-0.61,0.61,27.48,3.32
6737056288587481472,281.3002,-31.4244,-2.6054,-1.3018,-1.52,0.54,24.77,2.44
6737271449255309568,281.3081,-30.9490,-2.7374,-1.2663,-1.40,0.49,27.24,2.31
6737350549688180864,281.3235,-30.6155,-2.8275,-1.3773,-1.75,0.42,22.71,2.25
4071360342137616512,281.3281,-29.2267,-2.7417,-1.3129,-1.74,0.67,29.90,2.96
6737052234124705024,281.3484,-31.4668,-2.8160,-1.2203,-2.01,0.44,25.10,2.04
4071311482570692224,281.3676,-29.3452,-2.9401,-1.0033,-1.73,0.45,28.31,2.41
6737302338663685376,281.3724,-30.6837,-2.4612,-1.3079,-2.39,0.39,24.66,2.72
6761406588482837376,281.3840,-29.8770,-3.0195,-1.4441,-2.05,0.43,20.05,1.83
6737360582746205184,281.4045,-30.3909,-2.5044,-1.2241,-1.76,0.72,19.07,2.12
6737367209849284992,281.4201,-30.2200,-2.6726,-1.3368,-1.34,0.45,28.37,2.38
6737367111085103488,281.4284,-30.2173,-2.6397,-1.1639,-1.35,0.47,25.69,2.72
6737297974990981248,281.4401,-30.7834,-2.3880,-1.3275,-1.32,0.52,26.80,2.35
6737065363852011392,281.4503,-31.2213,-2.8078,-1.2008,-1.32,0.51,28.67,2.18
6737050928455664384,281.4509,-31.5323,-2.7316,-1.6823,-1.87,0.53,25.53,2.07
6737365423142829312,281.4631,-30.2973,-2.6168,-1.3240,-1.20,0.56,26.96,2.75
6737300620675331200,281.4834,-30.6833,-2.8654,-1.4923,-1.77,0.51,24.24,2.11
6737284372816110720,281.5087,-30.8889,-2.5116,-1.4187,-1.27,0.55,26.57,2.40
6737284888212156416,281.5688,-30.8445,-2.5708,-1.4983,-1.67,0.46,28.09,2.88
6761382747146278016,281.5900,-30.2148,-2.5793,-1.4286,-1.80,0.51,26.08,2.49
4071294371421537024,281.5903,-29.4798,-2.7102,-1.6060,-1.02,0.85,27.20,3.06
6761387793719660800,281.5973,-30.1236,-2.5290,-1.3352,-1.76,0.47,29.33,2.25
4071290935446631040,281.6146,-29.5456,-2.8201,-1.5285,-1.74,0.83,22.14,2.46
6737060514834669056,281.6233,-31.2859,-2.4565,-1.4321,-1.79,0.45,29.02,2.34
6737306706647838208,281.6270,-30.6125,-2.9453,-1.1674,-1.71,0.44,26.06,2.51
6737067150557985024,281.6408,-31.1176,-2.8465,-1.2349,-2.17,0.55,24.99,2.93
6761332749401760768,281.6550,-30.3876,-2.3644,-1.2422,-1.17,0.46,26.16,2.85
6737035775809183616,281.6607,-31.5997,-2.6308,-1.3903,-1.92,0.54,26.50,2.35
6737033787266077696,281.6608,-31.6745,-2.8820,-1.7194,-1.78,0.42,25.52,1.98
6737283376410243328,281.6971,-30.8371,-2.8823,-1.3767,-1.69,0.52,23.80,2.21
6737035604009131136,281.6974,-31.6145,-2.6412,-1.5703,-1.70,0.51,27.02,2.30
6737308733875561600,281.7252,-30.5282,-2.7870,-1.5185,-1.46,0.49,28.96,2.58
6737091236740259840,281.7319,-31.0401,-2.6624,-1.2052,-1.34,0.47,25.69,3.28
6737282341291733888,281.7353,-30.8723,-2.2266,-1.2603,-1.56,0.42,24.25,2.66
6761328385725559808,281.7508,-30.4635,-2.5607,-1.3505,-1.63,0.68,24.52,2.45
6737295505375302912,281.7999,-30.6260,-2.5903,-1.5147,-1.42,0.47,27.44,2.53
4071304812478866688,281.8111,-29.2703,-2.6435,-1.5511,-1.36,0.45,27.56,2.08
6737093229605082752,281.8203,-30.9536,-2.6324,-1.0481,-1.63,0.42,24.08,2.25
6761331718609750656,281.8216,-30.3266,-2.7231,-1.1476,-1.46,0.49,29.28,2.87
6761341579854994816,281.8423,-30.2143,-2.8747,-1.5732,-1.21,0.61,27.34,2.23
6761446828049258240,281.8445,-29.5490,-2.6767,-1.4518,-1.62,0.57,20.01,1.73
6737074056870295296,281.8504,-31.2096,-2.6352,-1.3827,-1.49,0.55,24.54,2.57
6737044644926514560,281.8810,-31.4137,-2.4542,-1.4145,-0.59,0.74,25.90,3.21
6761330863908054272,281.9105,-30.3613,-2.6564,-1.2974,-1.43,0.53,26.12,2.31
6761336876893065472,281.9334,-30.3244,-3.0809,-1.3694,-2.30,0.47,24.36,2.20
6736990249154446080,281.9821,-31.6324,-2.7569,-1.4005,-1.39,0.48,25.86,2.03
6761311244495573120,281.9825,-30.6181,-2.6913,-1.3105,-2.09,0.39,27.92,3.77
6761343954969211136,282.0024,-30.1210,-2.6605,-1.2101,-1.93,0.40,26.17,2.92
6737098860292805632,282.0599,-30.8080,-2.7824,-1.5415,-1.37,0.49,27.02,2.18
6761540527047642624,282.0712,-29.4066,-3.0794,-1.5904,-1.83,0.47,26.03,2.92
6761121849329726464,282.0852,-30.7319,-3.1134,-1.5839,-1.50,0.49,27.87,2.28
6737023754200608896,282.1009,-31.2814,-2.6201,-1.3983,-1.82,0.46,23.51,2.29
6761364742616890496,282.1015,-30.0612,-2.7801,-1.3485,-1.46,0.57,23.87,2.30
6761324301196910336,282.1076,-30.3558,-2.9672,-1.3628,-2.28,0.43,27.56,2.39
6761426624524828288,282.1342,-29.6975,-2.8009,-1.4782,-2.34,0.60,25.15,2.66
6761322853797212800,282.1438,-30.3448,-3.0345,-1.1977,-2.09,0.63,28.20,2.48
6761424906546983424,282.1520,-29.7989,-2.7422,-1.5195,-1.05,0.50,22.74,2.11
6737016573036115200,282.1775,-31.4602,-2.7712,-1.1473,-1.78,0.56,25.73,2.09
6761120204382954752,282.1793,-30.7270,-2.6158,-1.2473,-1.40,0.48,28.09,2.87
6761120341821910784,282.1968,-30.7078,-2.4888,-1.1747,-1.79,0.45,26.09,2.12
6761541450464139136,282.2409,-29.3626,-2.1670,-1.3185,-1.85,0.62,31.69,2.99
6761323300473967744,282.2415,-30.2869,-2.5139,-1.2352,-1.83,0.43,26.39,2.45
6737079996796097280,282.2513,-31.0605,-2.6437,-1.2836,-1.54,0.53,27.91,2.29
6737032172337739264,282.2532,-31.1532,-3.1122,-1.7176,-1.66,0.51,26.15,2.46
6761373190815146496,282.2596,-29.9164,-2.4845,-1.4561,-1.96,0.56,27.72,2.42
6761526886246743424,282.2638,-29.4796,-2.4721,-1.5540,-1.54,0.45,28.55,2.36
6737018875138594560,282.2653,-31.3575,-2.8439,-1.4645,-1.71,0.48,25.60,2.10
6761126045522160256,282.2705,-30.6461,-2.6681,-1.6588,-1.23,0.50,26.32,2.10
6761101302205052544,282.2731,-30.9052,-2.8236,-1.6000,-1.01,0.65,26.74,2.23
6761522763077993216,282.2846,-29.5833,-2.5929,-1.3937,-1.80,0.41,26.48,2.29
6761127454287796480,282.2973,-30.5707,-2.2890,-1.5738,-1.99,0.55,28.67,2.53
6761127449976073728,282.3084,-30.5739,-2.9326,-1.5680,-1.18,0.70,26.13,2.85
6761521560469141504,282.3179,-29.6366,-2.6869,-1.2836,-1.74,0.42,26.92,2.27
6761528329338736512,282.3233,-29.4429,-2.7060,-1.1586,-1.68,0.94,28.48,3.78
6761379551666078592,282.3395,-29.7318,-2.7325,-1.4920,-1.69,0.45,26.03,2.37
6737028113591806592,282.3479,-31.2039,-2.6934,-1.3166,-1.67,0.44,26.08,1.92
6761102642234799872,282.3515,-30.8895,-3.0341,-1.5672,-1.17,0.60,25.34,2.35
6761100103935598592,282.3714,-30.9349,-2.5441,-1.7205,-1.19,0.53,26.17,2.09
6761374260268101632,282.3857,-29.8980,-2.9696,-1.3580,-1.93,0.54,27.65,2.78
6761052820610025472,282.4154,-30.9893,-3.1261,-1.4827,-1.55,0.49,24.23,2.77
6761102504796919296,282.4406,-30.8444,-2.6243,-1.4147,-1.58,0.49,28.62,2.37
6737011792709386240,282.4497,-31.4161,-2.8786,-1.6117,-1.35,0.51,26.51,2.13
6761362715417915008,282.4710,-29.9013,-2.9968,-1.5996,-1.86,0.48,25.55,2.25
6737015091247132928,282.4908,-31.2726,-2.5838,-1.2579,-1.81,0.52,26.97,2.62
6761049900033160192,282.5111,-31.0549,-2.6442,-1.3727,-1.63,0.42,28.19,2.56
6761110373174934144,282.5540,-30.7529,-2.6586,-1.2543,-1.79,0.50,24.90,2.16
6761156007220623744,282.5560,-30.3268,-2.5847,-1.5035,-1.85,0.90,28.20,3.13
6761050587228435712,282.5808,-30.9891,-2.7428,-1.3886,-1.82,0.47,27.07,2.35
6761034163272802432,282.5913,-31.2157,-2.6535,-1.4573,-1.31,0.62,25.41,2.19
6761049281557371392,282.6080,-31.0749,-2.7374,-1.5043,-1.79,0.72,27.29,2.89
6761155079507480192,282.6356,-30.3261,-2.6365,-1.1791,-1.30,0.48,28.27,2.42
6761037496167098368,282.6427,-31.0842,-2.9185,-1.4661,-1.36,0.46,28.10,2.55
6761061960299885696,282.6722,-30.8480,-2.5143,-1.2462,-1.69,0.45,24.03,2.74
6761453695681742464,282.7074,-29.8689,-2.9620,-1.4139,-0.21,0.47,24.24,2.41
6761453764402036480,282.7448,-29.8608,-2.7282,-1.3346,-1.69,0.50,26.97,2.38
6761262140140418432,282.7512,-30.0508,-2.4808,-1.3842,-1.08,0.83,28.49,2.36
6761453558243595648,282.7577,-29.8759,-2.8332,-1.4897,-1.48,0.51,27.47,2.18
6761147932693195392,282.7658,-30.3817,-2.7438,-1.5134,-1.98,0.44,26.95,2.33
6761150990699972992,282.7839,-30.2917,-2.7483,-1.2535,-1.43,0.43,24.58,2.27
6761265855299855232,282.7872,-29.8861,-3.0941,-1.3822,-1.68,0.52,25.66,2.18
6761265786580280576,282.7952,-29.8946,-2.6089,-1.0374,-1.08,0.67,27.51,2.96
6761046051742656256,282.8283,-30.9323,-2.5298,-1.4333,-1.60,0.48,28.20,2.35
6761046502741256064,282.8389,-30.8735,-2.6037,-1.2677,-2.00,0.52,26.27,2.27
6761144221844081280,282.8560,-30.4267,-2.9465,-1.5434,-1.85,0.43,26.65,3.05
6761096079523967744,282.8646,-30.5483,-2.7662,-1.5708,-1.60,0.45,26.73,2.09
6761260971909355136,282.8845,-30.0257,-2.9046,-1.6270,-1.74,0.44,27.82,2.24
6761041176981626112,282.9003,-31.0434,-2.5268,-1.4413,-1.60,0.55,30.46,3.20
6761259941115713920,282.9140,-30.0534,-2.6106,-1.7169,-1.67,0.48,27.49,2.07
6761072302580071296,282.9501,-30.7510,-2.7553,-1.3779,-1.33,0.44,25.46,2.68
6761146455215537408,282.9666,-30.3385,-2.8474,-1.1986,-0.82,0.75,23.98,2.44
6761245205094444288,282.9737,-30.1759,-2.4709,-1.1870,-1.84,0.58,29.61,3.51
6761240944503344128,283.0151,-30.2642,-2.5722,-1.5519,-1.45,0.48,24.64,3.01
6761192084953755648,283.0896,-30.3812,-2.4249,-1.4140,-1.63,0.46,26.18,2.06
6761191775690822656,283.0908,-30.3996,-2.7265,-1.6300,-1.32,0.46,26.99,2.79
6761094778153966080,283.0970,-30.4708,-2.5319,-0.7978,-1.50,0.68,28.75,3.63
6761254924592683136,283.1086,-29.9791,-2.8430,-1.2128,-0.24,0.76,26.42,2.70
6761073264653241216,283.1452,-30.8199,-3.0866,-1.6194,-1.87,0.54,27.74,2.73
6761194215229166976,283.1494,-30.3112,-2.4719,-1.4873,-1.27,0.51,25.34,2.06
6761187893039716096,283.2126,-30.4507,-2.6439,-1.4036,-1.94,0.62,25.05,2.89
6761188133557919744,283.2148,-30.4393,-2.2667,-1.6184,-1.49,0.43,25.85,2.11
6761251321127113728,283.2483,-30.0518,-2.7675,-1.5298,-1.99,0.48,27.94,2.27
6761279663607262848,283.2815,-29.8861,-2.8611,-1.5277,-1.82,0.41,27.68,2.45
6760321611016140544,283.3312,-30.8632,-2.7878,-1.1541,-1.59,0.57,27.87,3.12
6760324295391519360,283.3440,-30.7916,-2.2542,-1.3716,-1.51,0.58,30.70,4.47
6761183971730075904,283.3944,-30.3767,-2.5619,-1.3038,-1.13,0.52,26.20,2.12
6760319996108611456,283.4346,-30.8553,-2.9970,-1.5738,-1.81,0.47,27.51,2.28
6761179917280865408,283.4493,-30.4332,-2.8067,-1.3683,-1.85,0.48,27.41,2.80
6760320515827605760,283.4578,-30.8299,-2.8663,-1.3270,-1.18,0.87,25.15,2.31
6761184762005150976,283.4606,-30.2928,-2.8215,-1.3241,-1.00,0.45,26.27,2.36
6760320515827606912,283.4627,-30.8189,-3.0362,-1.5270,-1.72,0.43,25.67,2.16
6761173771212541184,283.4676,-30.4593,-2.7760,-1.6670,-1.71,0.47,25.83,2.89
6761184658924927360,283.4682,-30.3208,-2.6230,-1.8080,-2.41,0.55,28.68,3.09
6761186656085512192,283.4842,-30.2413,-2.5985,-1.2628,-1.01,0.65,25.37,2.76
6760413592037584512,283.5175,-30.8173,-2.4871,-1.4662,-1.81,0.52,26.80,2.83
6761180265203077376,283.5549,-30.3935,-2.8229,-1.0693,-1.60,0.42,24.66,2.11
6760401982757074304,283.6155,-30.8264,-2.5622,-1.0617,-1.58,0.55,29.04,2.18
6760303228562316800,283.6215,-30.9642,-2.6495,-1.4958,-1.52,0.45,27.44,2.19
6760302816245422208,283.6229,-30.9983,-2.8004,-1.5266,-1.84,0.50,29.26,2.50
6760428091850231552,283.6318,-30.4949,-2.6595,-1.2562,-1.39,0.50,27.31,2.12
6760400810214849920,283.6815,-30.8541,-2.4251,-1.2751,-1.46,0.67,25.55,2.56
6761181360389990784,283.6878,-30.3537,-2.4348,-1.4956,-1.71,0.41,28.29,2.58
6760424037399750784,283.6984,-30.5513,-2.9106,-1.2224,-1.28,0.52,25.50,2.31
6760429023869044224,283.7064,-30.4623,-2.9045,-1.4934,-1.51,0.40,21.53,2.25
6760429504905505920,283.7148,-30.4299,-2.8252,-1.4597,-1.00,0.57,26.59,2.67
6760429023868977024,283.7151,-30.4659,-2.3623,-1.1934,-1.90,0.39,25.81,2.09
6760430462677786752,283.7243,-30.3905,-2.7662,-1.3584,-1.88,0.80,30.44,3.05
6760403116641879296,283.7285,-30.7820,-2.4733,-1.3962,-1.66,0.42,28.51,2.68
6760428749007267456,283.7295,-30.4919,-2.8597,-1.3022,-1.71,0.55,27.83,2.64
6760428744690894976,283.7300,-30.4859,-2.2908,-1.7806,-1.48,0.44,23.81,1.95
6760425690990534400,283.7324,-30.4985,-2.9095,-1.5446,-0.82,0.84,26.33,2.43
6760429539265197184,283.7330,-30.4213,-2.4881,-1.1422,-1.71,0.53,28.55,2.53
6760429230027368704,283.7338,-30.4540,-2.5912,-1.5283,-1.37,0.45,27.02,2.24
6760430432634547456,283.7455,-30.3931,-2.5885,-1.2878,-1.07,0.62,23.21,2.41
6760409984267770112,283.7484,-30.7157,-2.5228,-1.3457,-1.40,0.51,26.52,2.16
6760429230028178048,283.7498,-30.4504,-2.9164,-1.4759,-0.93,0.81,26.46,2.58
6760425721038475776,283.7537,-30.5162,-2.7483,-1.3497,-1.01,0.70,26.33,2.47
6760429230028172928,283.7543,-30.4532,-2.5550,-1.3949,-1.49,0.62,29.08,3.01
6760429367466316416,283.7591,-30.4296,-2.7508,-1.4973,-1.50,0.51,28.39,2.87
6761234755425007872,283.7677,-29.8210,-2.7306,-1.0565,-1.80,0.42,26.79,2.37
6760425446149080960,283.7811,-30.5233,-2.6340,-1.5470,-1.61,0.51,27.13,2.13
6760429328799676800,283.7860,-30.4341,-2.8588,-1.2270,-1.86,0.40,24.91,3.03
6760349309260707840,283.7980,-30.9842,-2.3450,-1.6960,-1.18,0.47,22.23,2.45
6760410911979534208,283.8001,-30.6268,-2.5691,-1.4181,-1.45,0.62,25.94,2.30
6760425892824515840,283.8054,-30.4963,-2.4784,-1.2899,-1.74,0.96,26.04,2.69
6761614052580439424,283.8363,-29.7011,-2.4428,-1.2499,-1.59,0.48,25.50,2.34
6760425274349236224,283.8465,-30.4892,-3.1032,-1.6762,-1.63,0.59,27.29,2.45
6760412939204216448,283.8546,-30.5721,-2.7297,-1.5457,-2.02,0.41,27.79,2.30
6761614464897416448,283.8560,-29.6766,-2.6245,-1.6397,-1.12,0.57,26.31,2.23
6761221492565937024,283.8593,-29.9266,-2.6400,-1.3143,-1.60,0.43,27.87,2.40
6761214895495961088,283.8649,-30.1072,-2.5274,-1.4498,-1.63,0.47,28.25,2.51
6760455476559529856,283.8745,-30.2787,-2.8618,-1.2116,-1.73,0.81,24.89,2.89
6760449669764804992,283.8780,-30.4253,-2.7366,-1.3187,-2.10,0.45,28.43,3.52
6760343777342610560,283.9036,-31.1159,-2.8539,-1.4744,-2.06,0.63,26.98,2.80
6760349584142590080,283.9049,-31.0088,-2.9684,-1.7558,-1.45,0.51,25.28,2.69
6760405483140673408,283.9365,-30.7498,-2.7182,-1.0542,-2.53,0.51,28.30,2.51
6761674388279429120,283.9386,-29.3385,-2.6280,-1.4960,-1.46,0.54,24.54,2.11
6761678240886972032,283.9413,-29.2540,-2.4875,-1.3294,-1.24,0.52,29.69,2.38
6761623810743652352,283.9450,-29.4985,-2.6618,-1.4044,-1.55,0.67,27.60,2.93
6760407102353073152,283.9650,-30.7161,-2.7621,-1.4839,-1.62,0.56,28.08,2.26
6760331403547343488,283.9710,-31.1853,-3.0345,-1.2853,-1.79,0.49,25.98,2.22
6760432249375923840,283.9874,-30.6010,-2.5142,-1.0917,-1.35,0.52,28.54,3.08
6760435341753624960,283.9880,-30.5718,-2.8057,-1.1147,-1.01,0.73,23.25,2.84
6760408476742720512,283.9880,-30.6524,-2.8606,-1.3811,-1.70,0.52,30.12,3.41
6761674113402243200,284.0033,-29.3133,-2.9742,-1.6066,-1.88,0.41,25.82,2.43
6761599660162941312,284.0063,-29.7715,-2.8058,-1.1200,-1.21,0.50,27.82,2.37
6760438915165469824,284.0115,-30.4239,-2.6284,-1.4702,-2.05,0.59,28.68,2.94
6760333465131897088,284.0143,-31.0940,-2.6853,-1.5218,-2.02,0.52,27.34,2.19
6760330647633294592,284.0269,-31.1974,-2.5265,-1.2774,-1.71,0.41,22.98,2.64
6761216617786291328,284.0328,-30.0009,-3.0273,-1.7523,-1.73,0.62,29.98,2.62
6760432803457427840,284.0342,-30.5558,-2.6837,-1.3906,-1.38,0.51,26.88,2.31
6760041647871136640,284.0528,-31.5339,-2.6072,-1.4489,-1.74,0.47,26.84,2.17
6760437472057556736,284.0598,-30.4978,-2.5547,-0.9338,-1.62,0.42,27.49,2.53
6760325390592548480,284.0763,-31.3542,-2.4888,-1.2236,-1.69,0.54,23.97,2.68
6760464036451669120,284.0835,-30.1277,-2.5380,-1.5320,-1.99,0.47,27.68,2.56
6761592543387935104,284.1097,-29.9268,-2.9035,-0.9650,-1.66,0.45,27.59,2.23
6761618935953768448,284.1137,-29.5840,-2.6119,-1.4223,-1.42,0.50,24.94,2.78
6760841130264842112,284.1222,-30.0000,-2.5938,-1.3123,-0.70,0.55,26.45,2.13
6760355837612159104,284.1227,-30.8253,-2.8776,-1.1201,-1.68,0.51,25.79,2.21
6761594398806450560,284.1459,-29.8722,-2.3390,-1.2084,-1.30,0.54,27.41,2.80
6760136553769969792,284.1498,-31.4225,-2.8047,-1.6012,-1.67,0.48,28.14,2.64
6761605290843234304,284.1600,-29.7065,-2.7419,-1.4177,-1.29,0.60,22.82,2.27
6760328418541788160,284.1892,-31.1975,-2.2479,-1.2102,-1.92,0.49,31.23,2.79
6760447333299597952,284.2050,-30.2815,-2.6905,-1.5666,-1.61,0.44,26.24,2.02
6760837423717530624,284.2133,-30.0413,-2.4320,-1.1613,-1.47,0.43,23.21,2.69
6760446199428563456,284.2343,-30.3346,-2.4522,-1.1831,-1.58,0.49,22.65,2.15
6760146376358900224,284.2488,-31.2069,-2.4270,-1.2745,-1.80,0.43,26.83,2.37
6760336145191008384,284.2529,-31.0554,-2.8245,-1.4265,-1.74,0.52,27.69,2.41
6760447127141183616,284.2582,-30.2469,-2.9555,-1.4355,-1.25,0.40,25.30,2.26
6760138581007566208,284.2618,-31.3350,-2.8226,-1.3476,-1.24,0.65,23.48,2.44
6760381396961318016,284.2642,-30.7166,-2.6153,-1.3620,-1.69,0.50,28.90,2.32
6760378785621650688,284.2959,-30.7787,-2.8631,-1.3222,-1.37,0.49,27.25,2.27
6760393221014364032,284.2986,-30.4753,-2.4860,-1.1707,-2.19,0.67,28.58,2.63
6760146655534727168,284.3210,-31.1880,-2.6178,-1.2834,-1.24,0.43,22.62,2.21
6760145345563234048,284.3257,-31.2442,-2.3989,-1.3194,-2.32,0.55,28.09,3.62
6761604706727756800,284.3513,-29.6117,-2.4385,-1.0807,-2.00,0.48,27.67,2.30
6760148403580007936,284.3993,-31.1300,-2.4341,-1.3452,-1.32,0.49,25.41,3.07
6761634153024046208,284.4042,-29.4275,-2.6007,-1.0285,-1.49,0.62,27.49,2.73
6760362533465954560,284.4300,-30.8844,-2.7522,-1.2011,-1.62,0.43,27.30,2.18
6761633809427303936,284.4305,-29.4550,-2.9350,-1.4143,-1.57,0.63,26.18,2.08
6760115040269279232,284.4320,-31.6538,-2.7566,-1.5810,-0.91,0.68,25.76,2.49
6760128578010823680,284.4795,-31.4009,-2.4853,-0.9856,-1.58,0.50,32.06,2.74
6760375663186962048,284.4846,-30.6346,-2.3436,-1.2253,-0.51,0.46,31.69,2.61
6760143146539972608,284.4977,-31.2527,-2.4624,-1.3164,-0.53,0.56,29.21,2.29
6760377273792290432,284.5064,-30.6078,-2.5060,-1.5037,-1.34,0.52,27.79,2.19
6761631026288496768,284.5111,-29.4531,-2.4583,-1.3778,-1.38,0.63,26.38,2.12
6760364324496072832,284.5113,-30.8448,-2.6412,-1.5868,-2.43,0.54,26.95,2.18
6761640479533117184,284.5136,-29.3555,-2.6052,-1.5103,-1.99,0.43,28.01,2.77
6760876696901751040,284.5147,-29.6314,-2.4427,-1.1524,-0.34,0.76,26.49,2.49
6760143563169788672,284.5188,-31.2216,-2.8825,-1.1944,-1.30,0.42,27.31,2.20
6760118132645944192,284.5227,-31.5252,-2.6857,-1.6170,-1.34,0.46,26.45,2.16
6760124420482082176,284.5239,-31.4640,-2.3702,-1.1691,-1.63,0.44,27.48,2.26
6760773029263111424,284.5239,-30.2776,-2.5004,-1.4484,-1.71,0.60,28.28,2.38
6760834434417169408,284.5461,-29.9272,-2.3307,-1.5245,-1.89,0.43,29.45,3.15
6760773269781985664,284.5462,-30.2188,-2.5784,-1.1022,-1.48,0.81,26.50,2.31
6760370333126582400,284.5547,-30.8130,-2.5416,-1.3359,-2.09,0.49,26.62,2.71
6760767050664317824,284.5624,-30.3893,-2.7786,-1.3523,-2.14,0.44,28.28,2.61
6760069311773114752,284.5669,-31.6335,-3.0595,-1.5168,-0.69,0.78,21.36,2.23
6760767016308834688,284.5751,-30.3858,-2.6995,-1.4676,-1.47,0.51,22.56,2.25
6760827111503522432,284.5794,-30.1056,-2.5548,-1.5302,-2.18,0.47,25.04,2.32
6760772273346573824,284.6168,-30.2772,-2.6011,-1.5266,-1.19,0.59,25.18,2.24
6760765676276497536,284.6210,-30.4538,-2.8512,-1.4679,-2.52,0.46,27.50,2.24
6761636798723936768,284.6211,-29.3868,-2.5010,-1.1925,-2.32,0.66,27.84,2.73
6760155142402502272,284.6244,-31.2207,-2.7862,-1.5684,-1.31,0.51,24.89,2.51
6760772724317514240,284.6356,-30.2235,-2.8383,-1.3971,-1.43,0.44,24.94,2.37
6760376895849905792,284.6360,-30.5650,-2.1512,-1.2915,-1.81,0.49,28.60,3.67
6760171119681178496,284.6452,-30.9872,-2.4103,-1.5816,-1.06,0.48,26.02,2.59
6760371776235426304,284.6488,-30.7314,-2.7308,-1.4336,-1.53,0.46,25.33,1.94
6760376517878339328,284.6612,-30.6138,-2.5938,-1.3768,-1.57,0.48,27.04,2.65
6760371604436738304,284.7065,-30.7291,-2.1713,-1.4749,-1.48,0.69,25.44,2.39
6760860784034217344,284.7143,-29.7595,-2.4545,-1.2370,-1.33,0.36,28.30,2.70
6760778939136080768,284.7503,-30.1811,-2.7800,-1.5391,-2.04,0.48,25.41,2.42
6760182797680445184,284.7551,-30.8084,-2.9497,-1.2849,-1.71,0.43,23.86,2.58
6760184485612428928,284.7702,-30.6962,-2.7820,-1.5676,-2.00,0.52,24.69,2.18
6760749256635703424,284.7787,-30.5704,-2.7553,-1.5229,-1.45,0.48,25.79,2.21
6760175891372713344,284.7953,-31.0002,-2.7528,-1.1092,-1.31,0.52,23.71,1.92
6760153110862822272,284.8006,-31.1876,-2.1191,-1.3784,-1.99,0.66,25.53,2.70
6760073538021037056,284.8054,-31.5813,-2.5351,-1.5954,-2.07,0.47,28.21,2.74
6760777191083167744,284.8217,-30.1999,-2.6367,-1.3145,-1.78,0.43,29.09,2.59
6760073915978162048,284.8300,-31.5415,-2.6726,-1.4394,-1.69,0.45,27.03,2.45
6760776533952399872,284.8472,-30.1921,-2.5594,-1.6026,-1.34,0.44,29.36,2.53
6760751348265558016,284.8584,-30.4939,-2.7816,-1.5580,-1.53,0.38,24.22,2.32
6760762759992856832,284.8604,-30.2738,-2.7735,-1.2151,-1.46,0.50,28.74,3.18
6760804674594418176,284.8626,-30.0722,-2.1576,-1.5506,-2.31,0.52,28.08,2.40
6760863257935444864,284.8648,-29.7400,-2.3462,-1.0667,-1.16,0.76,27.71,2.56
6760073327549086976,284.8937,-31.5481,-3.1419,-1.5439,-2.06,0.69,26.97,2.81
6760152084385543680,284.8956,-31.2491,-3.1060,-1.5890,-1.88,0.72,26.12,2.35
6760867209305599872,284.9043,-29.6404,-2.4026,-1.4212,-1.63,0.66,25.04,2.70
6760869721875250816,284.9095,-29.5741,-2.6224,-1.2552,-1.92,0.91,30.55,3.60
6760750386198928000,284.9295,-30.5209,-2.6037,-1.6534,-1.67,0.63,26.12,2.92
6760554432606065408,284.9311,-30.7934,-2.8097,-1.1489,-1.25,0.51,27.16,2.08
6760557524983013376,284.9661,-30.6958,-2.6391,-0.8985,-1.85,0.71,28.65,2.96
6760868583708249728,284.9713,-29.6143,-2.7113,-1.3220,-2.16,0.44,22.93,2.77
6760763923930284288,284.9878,-30.2306,-2.4418,-1.2886,-1.87,0.69,27.62,2.90
6760977229187394816,284.9928,-29.3676,-2.9273,-1.6764,-1.42,0.45,25.66,2.53
6760541101027057536,284.9943,-30.9119,-2.6596,-1.5909,-1.48,0.67,27.61,2.40
6760976919958836992,284.9980,-29.4013,-2.3146,-1.3998,-2.36,0.54,28.49,2.35
6760561274496497536,285.0234,-30.6006,-2.9194,-1.4070,-1.36,0.62,24.76,2.20
6760978603577017600,285.0441,-29.3481,-2.4039,-1.1542,-1.42,0.51,27.22,2.67
6760537738074249472,285.0516,-30.9709,-2.4764,-1.2909,-1.24,0.78,28.23,2.47
6760978603575184640,285.0521,-29.3506,-2.8077,-1.5185,-1.09,0.84,27.63,2.77
6760959744389735168,285.0602,-29.5953,-2.0907,-1.4897,-2.16,0.49,25.57,2.54
6760568966776972288,285.0625,-30.4721,-2.9675,-1.1672,-1.70,0.42,27.97,2.35
6760086727847235456,285.0684,-31.4998,-2.3948,-1.4290,-1.27,0.47,27.01,2.13
6760816769207057664,285.0782,-29.7616,-2.8111,-1.5727,-1.84,0.48,28.91,2.53
6760106690855981312,285.0944,-31.2905,-2.5579,-1.2622,-1.44,0.50,27.32,2.08
6760789590655130624,285.0945,-30.1297,-2.3935,-1.2480,-1.54,0.49,27.62,2.20
6760563026842967680,285.0950,-30.6534,-2.7597,-1.0815,-2.01,0.49,27.82,2.39
6760815910226692992,285.1044,-29.7943,-2.3903,-1.0492,-1.27,0.50,29.13,2.54
6760538219112652032,285.1368,-30.9103,-2.7777,-1.7481,-1.61,0.56,28.78,2.36
6760538940665265408,285.1819,-30.8947,-2.7239,-1.8174,-1.73,0.53,28.56,2.58
6760079649740632064,285.1829,-31.6599,-2.6517,-1.2630,-1.51,0.62,26.99,2.20
6760961045753321344,285.1865,-29.5427,-2.6172,-1.2586,-1.58,0.37,27.07,2.86
6760539834018472832,285.1952,-30.8720,-2.7903,-1.6076,-1.60,0.56,28.12,2.30
6760094291287535616,285.1983,-31.3294,-2.5757,-1.5316,-1.22,0.62,29.73,3.23
6760093840313589632,285.2128,-31.3592,-2.9311,-1.4455,-1.21,0.59,27.29,2.99
6760913771058426880,285.2330,-29.5760,-2.5372,-1.1603,-2.09,0.55,24.04,2.39
6760539142522087296,285.2537,-30.8912,-2.4863,-1.3379,-1.61,0.43,27.18,2.12
6760913938547250816,285.2588,-29.5470,-2.5746,-1.0470,-1.66,0.54,25.77,2.50
6760565535103782656,285.2639,-30.5431,-2.8646,-1.4338,-1.29,0.74,25.32,2.52
6760487293679916288,285.3326,-31.0305,-2.8833,-1.4420,-1.72,0.68,28.01,2.33
6760893735019528064,285.3508,-29.8572,-2.8719,-1.4778,-1.09,0.55,23.93,2.08
6760498941628645760,285.3791,-30.7956,-2.7039,-1.2736,-1.52,0.43,24.81,2.38
6760604426027947776,285.3903,-30.1120,-2.5410,-1.1019,-1.46,0.41,27.82,2.91
6760599306426652160,285.4109,-30.2708,-2.8537,-1.3513,-1.62,0.58,27.15,2.41
6760497807759961856,285.4110,-30.8429,-2.5945,-1.5058,-1.74,0.44,25.73,2.14
6760889852369320448,285.4721,-29.9015,-2.7833,-1.3646,-1.46,0.53,26.55,2.25
6760575190202490112,285.4856,-30.5166,-2.5250,-1.3443,-1.55,0.38,26.55,3.14
6760492555011621120,285.5003,-31.0030,-2.5880,-1.5281,-1.72,0.44,26.93,2.47
6760480460383518336,285.5446,-31.0445,-2.2487,-1.4165,-1.96,0.45,27.66,2.33
6760496330288391808,285.5625,-30.8277,-3.0343,-1.5070,-1.69,0.46,25.65,2.01
6760581959063009408,285.6040,-30.3963,-2.6303,-1.4446,-1.30,0.52,28.66,2.45
6760481658679391616,285.6245,-31.0121,-2.5721,-1.3081,-1.81,0.44,28.34,2.49
6760581095764856960,285.7032,-30.4273,-2.4495,-1.1264,-1.11,0.49,27.24,2.78
6760521412906024064,285.7425,-30.7166,-2.5408,-1.6005,-1.47,0.47,25.25,2.52
6760479081707214208,285.7496,-30.9741,-2.5953,-1.1117,-1.27,0.48,26.41,2.53
6760508944624818176,285.7581,-30.8006,-2.7550,-1.3047,-2.09,0.59,28.08,2.38
6760705104367871488,285.7833,-29.8851,-2.5703,-1.2716,-1.54,0.50,27.16,2.54
6760477672957842688,285.8001,-31.0518,-2.8948,-1.2446,-1.08,0.63,26.59,2.72
6760682186422003840,285.8002,-30.1797,-2.3431,-1.3139,-1.32,0.57,28.02,2.15
6760521657728061056,285.8004,-30.6963,-2.5783,-1.0817,-1.45,0.61,26.92,2.86
6760529418717783424,285.8283,-30.5632,-2.8719,-1.4239,-1.41,0.54,27.54,2.04
6760706130848390912,285.9132,-29.8472,-2.5551,-1.7308,-2.04,0.45,27.06,2.37
6760628924523344768,285.9246,-30.3918,-2.6143,-1.1774,-1.08,0.48,23.00,2.56
6757494977093138432,285.9869,-31.0724,-2.3466,-1.3903,-2.06,0.48,28.54,2.19
6760517014849338368,286.0158,-30.6264,-2.4962,-1.2265,-1.70,0.57,23.44,2.60
6760518354879145216,286.0188,-30.5650,-2.7346,-1.6690,-0.84,0.52,27.45,2.26
6757496587689150848,286.0234,-31.0249,-2.7904,-1.6061,-1.07,0.98,24.46,3.22
6757501333630989056,286.0306,-30.9123,-2.4522,-1.2002,-1.61,0.79,27.78,2.53
6760631638936639744,286.0777,-30.2643,-2.8427,-1.7230,-1.80,0.62,26.17,2.24
6760717508234584576,286.1015,-29.8426,-2.9811,-1.4184,-1.48,0.47,28.00,2.40
6760713690000748032,286.1228,-29.9140,-2.8298,-1.4550,-1.73,0.51,23.69,1.95
6760607861996777088,286.1432,-30.6332,-2.5054,-1.3203,-1.26,0.64,26.47,2.18
6760620849978539264,286.2852,-30.3372,-2.7553,-1.4483,-1.76,0.55,25.96,2.59
6760620579396000896,286.3091,-30.3611,-2.4236,-1.1622,-1.45,0.45,27.13,2.25
6757491090131334784,286.3280,-30.9831,-2.8342,-1.1518,-1.27,0.44,29.64,3.42
6760615592938110848,286.3369,-30.4958,-2.4289,-1.4114,-1.43,0.44,28.29,2.49
6757598464315254400,286.3434,-30.8500,-2.7266,-1.1496,-1.44,0.49,25.71,2.87
6760661360111407232,286.3585,-30.0412,-2.7722,-1.1959,-0.67,0.75,24.70,2.20
6757600354097037312,286.3653,-30.7248,-2.4973,-1.1162,-1.57,0.47,28.29,2.60
6760667132555303552,286.3871,-29.8907,-2.5445,-1.3600,-0.93,0.60,30.72,2.76
6760619509948839424,286.4476,-30.3124,-2.7642,-1.4974,-1.85,0.48,25.64,1.96
6757587537918443520,286.5110,-30.8513,-2.1137,-1.1104,-1.77,0.47,24.11,2.58
6757581387524650368,286.5229,-30.9572,-2.4670,-1.1991,-1.82,0.63,23.93,2.67
6757581456244047488,286.5737,-30.9722,-2.2888,-1.3209,-1.23,0.45,25.93,2.25
6757608016318938624,286.5755,-30.6117,-2.4775,-1.6496,-1.64,0.50,27.36,2.36
6757594169348654720,286.6061,-30.7467,-2.5595,-1.6584,-1.66,0.41,29.08,2.84
6757622069452223232,286.7364,-30.4837,-2.4898,-1.2865,-1.73,0.43,31.27,2.76
6757622035097872384,286.7392,-30.4986,-2.3895,-1.3703,-1.39,0.50,27.72,2.28
4052310066274713600,275.2440,-27.2977,-2.5014,-1.1007,-1.51,0.74,19.71,2.36
6761076013433121408,283.2829,-30.6997,-2.6403,-1.2279,-0.33,0.52,25.92,2.40
6031549674752501888,248.5567,-30.4488,-1.3937,-1.0502,-1.28,0.54,38.42,3.79
6030573853904525440,251.0605,-31.1007,-1.4954,-1.2940,-1.49,0.46,26.76,2.18
6033723611092989184,251.5833,-28.1660,-1.8720,-0.4045,-2.07,0.41,22.17,1.82
6046666241637158144,251.6866,-25.5895,-1.7444,-0.5766,-1.17,0.44,40.70,3.43
6030916115531981696,251.7009,-30.8361,-1.6581,-1.0721,-1.94,0.43,24.61,2.05
6027406577497789440,252.0511,-32.2029,-2.0707,-0.5820,-1.69,0.53,29.67,3.55
6033918366396762752,252.2762,-27.3572,-1.9355,-0.4449,-1.81,0.38,40.69,3.67
6034358926987705984,252.7321,-26.4893,-1.6479,-0.8862,-1.70,0.43,39.94,4.19
6026311047303692672,252.7727,-33.6991,-2.0792,-0.9546,-1.40,0.50,44.26,5.61
6034592229579829888,252.8977,-25.9043,-2.1588,-0.6892,-1.52,0.43,39.44,3.54
6025828125467188096,253.4052,-35.3327,-1.9721,-1.1099,-0.55,0.60,16.39,1.47
4113265788272170880,253.4288,-24.8485,-1.7560,-0.4932,-1.54,0.57,41.36,3.68
6034488699394141568,253.6481,-25.8508,-1.6956,-0.6429,-1.62,0.45,43.62,4.50
6027550785320754944,253.6552,-32.1626,-2.1418,-0.6443,-1.58,0.42,18.61,1.53
5977918310745349120,253.8748,-34.9775,-1.4912,-1.1447,-1.53,0.49,15.47,1.26
6033230308337287552,253.9621,-27.8920,-2.1364,-0.9540,-2.26,0.44,22.77,1.89
4113256957813989248,254.1486,-24.5145,-1.9553,-0.9467,-1.95,0.48,36.77,3.50
4127196944185924992,254.1632,-20.4691,-1.3749,-1.0804,-1.92,0.45,30.91,3.97
4128779588094306176,254.1698,-19.8661,-1.2960,-0.3186,-1.76,0.41,42.14,3.60
4113040697637935616,254.3397,-24.9423,-2.0170,-0.7679,-1.59,0.45,41.11,3.94
4125887730780572416,254.4944,-22.9308,-1.8521,-0.9530,-2.08,0.65,43.32,3.80
4133096511259730944,254.5746,-16.3284,-1.7297,-0.1451,-1.33,0.44,34.65,3.35
4133047995308591232,254.6390,-16.7391,-1.8401,-0.7899,-0.94,0.49,55.03,7.65
4112170571625402240,254.7281,-25.7612,-2.1698,-0.9203,-1.98,0.49,34.38,2.99
4112953453950573056,254.7591,-25.4402,-1.6700,-0.5643,-1.57,0.38,24.10,2.08
6033146887179694208,254.7646,-28.3004,-1.5925,-0.3735,-1.68,0.41,37.78,3.55
6033175234017820672,254.8418,-28.0994,-1.9815,-1.1937,-1.73,0.42,15.01,1.30
4126075648490318592,254.9634,-22.1208,-1.9225,-0.8574,-1.55,0.54,29.85,3.79
4132883991987992832,254.9690,-16.6884,-1.3126,-1.0093,-1.59,0.50,41.02,4.01
4126321492412564352,254.9744,-21.5223,-1.1157,-0.4205,-1.34,0.46,37.40,3.01
4127944371585642368,255.2423,-20.4831,-1.4541,-0.5426,-1.60,0.68,41.16,4.67
4127646953705499264,255.5511,-21.3261,-1.7799,-1.2625,-1.97,0.62,27.55,2.37
4113572414608312704,255.5519,-23.9305,-2.2176,-0.5986,-1.41,0.50,29.09,3.13
4112313057149811328,255.6193,-25.0116,-1.7141,-0.9453,-1.63,0.52,33.36,2.87
4128045904608488832,255.6707,-20.2218,-1.7833,-0.5168,-1.65,0.62,40.90,4.20
4129784468713235584,255.7201,-17.3564,-1.9702,-0.8441,-1.80,0.41,37.60,3.83
4128094661089966080,255.7879,-19.9008,-2.1000,-0.7938,-1.69,0.41,36.19,3.31
4112210635054743936,255.9310,-25.8186,-1.6323,-0.9395,-2.24,0.49,22.15,1.92
4112217403969170944,255.9323,-25.6378,-1.9105,-0.6526,-1.26,0.45,35.81,3.29
6029003888712503424,256.1550,-30.0125,-1.2460,-0.7148,-1.76,0.46,17.26,1.42
4113487923977542784,256.1568,-24.2582,-2.4281,-0.7382,-1.35,0.53,29.28,2.49
4113513792561125376,256.3325,-24.1718,-1.6308,-0.6402,-1.67,0.47,31.13,2.68
4112026222044650752,256.3712,-25.8433,-1.8243,-1.3227,-1.72,0.40,24.11,1.93
4129401357637479680,256.4509,-18.5194,-1.6523,-0.5220,-1.61,0.52,37.08,3.26
5978016961871634176,256.4913,-34.8779,-2.0549,-1.3254,-1.41,0.41,25.91,2.67
4108969068690057600,257.2529,-26.0832,-2.0029,-0.6048,-1.57,0.43,31.66,2.94
4128166404209758464,257.4739,-20.1556,-1.6898,-0.2776,-1.52,0.45,35.36,3.13
4128229003366037504,257.6224,-19.8045,-1.8178,-0.6723,-2.13,0.49,37.41,3.66
4128577965154004352,257.6824,-18.8837,-1.4629,-1.3152,-1.79,0.40,33.59,3.25
4135492106582428160,257.7281,-17.5393,-2.3209,-1.0003,-1.81,0.43,34.82,3.55
4115636507137880064,257.7795,-21.3504,-2.5274,-0.9408,-1.66,0.42,27.52,2.54
4114457693263559424,257.9146,-22.7931,-2.3012,-1.1058,-1.42,0.43,35.78,3.22
4128390086123004288,258.0122,-18.9708,-1.8201,-0.4383,-1.49,0.43,39.87,3.56
4116035354973751552,258.0146,-21.0121,-2.3592,-0.7794,-1.39,0.45,27.37,3.36
4115852423749992576,258.5740,-21.0770,-2.0378,-0.7299,-1.84,0.44,38.54,3.74
4134731721280030976,258.7022,-18.0633,-2.1750,-0.5340,-1.77,0.41,29.94,2.46
4109501197943895040,258.7379,-25.1726,-1.9629,-0.4697,-1.72,0.54,42.69,3.92
4110965713015711872,259.1999,-24.9321,-2.0060,-0.8930,-1.70,0.46,30.45,2.76
4109238925727505280,259.3370,-25.6353,-2.3931,-1.1628,-1.38,0.50,29.26,2.87
4122232030709497984,259.3792,-19.6699,-1.7035,-1.0356,-1.41,0.42,31.18,2.85
4134472790580642048,259.4009,-18.4551,-1.5236,-0.5313,-1.26,0.50,35.79,3.19
4114233289788916992,259.5881,-23.3960,-2.0223,-1.1472,-1.44,0.56,27.18,2.64
4135399747621033856,260.1050,-16.2222,-1.3232,-1.1205,-1.47,0.46,27.55,2.29
4110904965101130752,260.4972,-24.4105,-1.6486,-1.1989,-1.43,0.48,22.87,2.07
5952467468421182720,261.7079,-44.6632,-2.1439,-1.0888,-2.00,0.41,18.12,1.58
4120968107735519232,262.3429,-20.8178,-2.2961,-1.1743,-1.18,0.52,22.41,2.36
4124266058536315776,262.4712,-17.5523,-2.5592,-0.9491,-2.14,0.43,17.74,1.63
4121755800445039360,262.4777,-19.1759,-2.5381,-0.9793,-1.73,0.43,15.13,1.36
4136741078772537600,262.7947,-15.8453,-2.2011,-1.3660,-1.46,0.40,18.48,1.49
4121527175114293504,263.7394,-19.6431,-1.9108,-0.7906,-1.52,0.42,16.70,1.40
4149878288536777088,265.8325,-13.2866,-1.7598,-1.2050,-1.33,0.38,21.72,2.13
5958033922149672192,266.6503,-40.3778,-2.5439,-0.7371,-1.61,0.46,15.42,1.50
4039737112220909440,267.1940,-38.3871,-1.8532,-1.2163,-2.14,0.49,23.51,2.09
6727346505699928832,273.6872,-39.4355,-2.5681,-0.5829,-1.30,0.52,20.08,1.68
4044541466805477376,274.8832,-34.5186,-2.8399,-0.7764,-1.15,0.50,26.71,2.77
4046257667051746304,275.1070,-31.4029,-2.8236,-1.1207,-1.24,0.60,24.81,2.26
4046397747396309376,275.7241,-30.7831,-2.8185,-0.9031,-0.64,0.59,25.16,2.03
4047987679909868544,275.7345,-29.9070,-2.4143,-0.8461,-0.66,0.64,24.60,2.13
4050997936529520640,275.7958,-29.7441,-2.8189,-1.2006,-1.50,0.45,29.70,3.57
4047980430000419200,275.8180,-30.0963,-2.8107,-0.7966,-1.50,0.49,29.87,2.69
4051463854620718720,275.8565,-28.0085,-2.7010,-1.3442,-1.85,0.66,25.06,2.25
4051922797675052800,275.8573,-27.3128,-2.5356,-0.8689,-2.76,0.66,27.99,3.39
4046355420478802560,275.8995,-31.0363,-2.3982,-0.9643,-1.16,0.51,30.35,3.15
4047965414781154304,276.0197,-30.1862,-2.5421,-1.2245,-1.38,0.56,27.25,2.47
4045160728110644096,276.0393,-32.8537,-2.2536,-1.2109,-1.85,0.47,28.06,2.84
4047966170699912576,276.0471,-30.1291,-2.8078,-1.0124,-1.78,0.44,27.57,2.23
4051228009407501952,276.0761,-28.4794,-2.7345,-0.7612,-1.31,0.45,25.83,2.71
4051918571418346368,276.1494,-27.2087,-2.9834,-1.4324,-1.92,0.59,24.76,2.18
4046191799475049088,276.1598,-31.0290,-2.8179,-1.3001,-1.60,0.46,24.90,2.55
4051214815253627264,276.1693,-28.5694,-2.5139,-1.6263,-1.81,0.41,34.91,3.65
4051911630752136448,276.1830,-27.4097,-2.4462,-1.2331,-0.46,0.88,27.60,4.07
4051133447059096448,276.2467,-29.1592,-2.6992,-1.0488,-1.87,0.51,25.26,2.51
4051833462276817280,276.2773,-27.8836,-2.5818,-1.1059,-1.66,0.58,24.99,2.83
4046199083745859584,276.3062,-30.8757,-2.8234,-1.3916,-2.50,0.44,23.65,2.44
4047918101388571392,276.3150,-30.3302,-2.9518,-1.3166,-1.64,0.51,23.53,2.05
4047895110435323392,276.3945,-30.5198,-2.7747,-1.0421,-1.37,0.66,21.12,2.36
4051861255042614016,276.4021,-27.4825,-2.8505,-1.2028,-1.62,0.49,27.45,2.55
4046075904004417536,276.4654,-31.7440,-1.9553,-0.9294,-1.46,0.59,28.02,2.56
4047705071045829248,276.4767,-30.6481,-2.6341,-0.8567,-1.96,0.47,26.33,2.30
4047902089738128000,276.4968,-30.4220,-2.7608,-0.7740,-1.36,0.47,22.19,2.63
4044426877088988288,276.5172,-34.3253,-2.7628,-1.0585,-2.08,0.45,25.12,1.95
4051641803722231040,276.6140,-27.9615,-2.3255,-1.4749,-1.25,0.78,24.24,2.27
4051197974651652608,276.6352,-28.3786,-2.8138,-1.6528,-1.04,0.71,27.31,3.69
4051623146432599040,276.6703,-28.1697,-2.7329,-1.5454,-1.64,0.58,22.57,2.07
4045140219667832320,276.6856,-32.6773,-2.6682,-1.2950,-1.63,0.43,27.95,2.44
4047715310289304448,276.6945,-30.3977,-2.8981,-1.5024,-2.07,0.83,25.54,2.63
4047739323356136704,276.7193,-30.3092,-2.6472,-1.2370,-1.87,0.69,27.39,2.96
4048133365191244416,276.7460,-29.0820,-2.4130,-0.9740,-1.81,0.50,23.51,2.33
4051573084183439616,276.7487,-28.3415,-2.8941,-1.2475,-1.41,0.89,24.05,2.37
4051166466766504832,276.7551,-28.8150,-2.6232,-1.5941,-0.94,0.69,29.67,3.00
4051174025916589312,276.7839,-28.7115,-2.6753,-1.4844,-1.47,0.70,28.91,3.32
4044817199431834624,276.9090,-33.8288,-2.6625,-1.0890,-0.76,0.49,25.91,2.00
4047693079536729088,276.9115,-30.6727,-2.9678,-1.6079,-1.95,0.46,25.83,2.40
4048065298501158528,276.9288,-29.4248,-2.5489,-0.9840,-1.11,0.73,26.72,3.80
4048064057273077632,276.9537,-29.4923,-2.4761,-1.4637,-1.62,0.52,25.89,2.70
4077020589399065472,277.0079,-24.8027,-2.4684,-1.4609,-1.08,0.78,25.34,2.62
4045250754888526336,277.0567,-32.2401,-2.7585,-1.1869,-1.59,0.45,23.27,3.07
4047670706990860288,277.1442,-30.6287,-2.6445,-1.1909,-1.54,0.58,27.90,2.88
4051670116203201408,277.1584,-27.6433,-2.0119,-0.8937,-0.86,0.61,25.76,2.32
4047840379683572608,277.1643,-30.0752,-2.6877,-1.4094,-1.89,0.50,27.06,2.55
4048550458041193856,277.1716,-28.5461,-2.3802,-0.9271,-1.80,0.43,25.35,2.39
4045032497558428672,277.2324,-32.6774,-2.5498,-1.2763,-1.57,0.65,28.20,3.27
4046868308321319552,277.2386,-31.2179,-2.8565,-1.1727,-0.15,0.68,20.91,1.97
4047853260277214976,277.2439,-29.8376,-2.3839,-1.2773,-1.07,0.54,27.04,3.03
4051590538953149440,277.3224,-28.1802,-2.6328,-1.3279,-1.65,0.54,26.28,2.44
4048556539719857280,277.3557,-28.4526,-2.5473,-1.3961,-1.31,0.54,28.83,3.02
4047672120038797568,277.3581,-30.6323,-2.3338,-1.2517,-1.63,0.41,27.25,3.45
4051789310073342592,277.4432,-27.1722,-2.7536,-1.1920,-0.65,0.94,25.87,2.50
4076168815779192448,277.4576,-25.5585,-2.6473,-1.2060,-1.73,0.46,26.07,2.19
4045065830815480448,277.4595,-32.3841,-2.4075,-1.1632,-2.94,0.47,28.85,2.71
4047647999486650368,277.4764,-30.8849,-2.5981,-1.2034,-1.81,0.45,29.13,3.22
4051776871839234048,277.4782,-27.2466,-2.6188,-1.1536,-1.40,0.88,25.90,2.79
4045267827414863104,277.4997,-32.0521,-3.0392,-1.4404,-1.58,0.46,24.03,2.17
4051596345754791680,277.5291,-28.0183,-2.5187,-1.3736,-1.26,0.66,22.79,1.96
4051821505200988160,277.5609,-26.9039,-2.6495,-1.3657,-1.62,0.52,24.42,2.30
4048578323817492992,277.6104,-28.3951,-1.8162,-1.0213,-2.04,0.49,24.44,3.16
4048581484915005952,277.6118,-28.2685,-2.3122,-1.5729,-1.96,0.60,26.35,2.47
4048537641865848576,277.6584,-28.6073,-2.4928,-0.8581,-1.17,0.67,27.64,3.64
4048078694525084288,277.6736,-29.3607,-2.3491,-1.0206,-1.67,0.58,31.57,3.20
4048536817231749376,277.6806,-28.6328,-2.8678,-1.2819,-1.53,0.50,23.16,2.77
4048488674913577984,277.6973,-28.7488,-2.7386,-1.2194,-1.76,0.49,28.84,2.79
4047759252035154816,277.7301,-30.4024,-2.7618,-1.4136,-1.52,0.71,23.48,2.70
4046878341378821760,277.7450,-31.1582,-2.7731,-1.1704,-1.88,0.51,24.76,2.31
4047779184957418368,277.7578,-30.2040,-2.8408,-1.4348,-2.10,0.48,28.05,3.91
4093724782292419712,277.7835,-17.6098,-1.9082,-1.5738,-1.61,0.43,16.59,1.88
4046999111518523264,277.7976,-30.7494,-2.6358,-1.2912,-1.72,0.51,26.65,2.77
4048267539945479808,277.8177,-29.2626,-2.8251,-1.0702,-1.56,0.97,22.52,2.29
4048573547810226304,277.8309,-28.3364,-2.3787,-1.1709,-1.35,0.54,26.80,2.61
4047809009232931840,277.8434,-29.9920,-2.4956,-1.3492,-1.35,0.66,26.09,2.13
4047865801589043456,277.9533,-29.7654,-2.6362,-1.2644,-1.33,0.80,23.16,2.08
4046819581913958528,277.9581,-31.4471,-2.5187,-0.9853,-1.55,0.57,26.90,2.59
4048248362909258880,277.9831,-29.5090,-2.8857,-1.7094,-1.94,0.43,26.61,2.32
4076254646361364480,277.9927,-25.5152,-2.7794,-0.8256,-1.86,0.50,23.54,2.07
4046805734928658560,277.9994,-31.6045,-2.5057,-1.1945,-0.37,0.66,26.96,2.18
4051746669679164160,278.0171,-27.3342,-2.5520,-0.8976,-2.19,0.44,25.73,3.40
4046808934680805632,278.0293,-31.4696,-2.9486,-1.2509,-1.80,0.43,26.97,2.00
4048277985310196096,278.0425,-29.0513,-2.6274,-1.3349,-1.13,0.58,25.27,2.77
4047011824617951104,278.0496,-30.3824,-2.5724,-1.4473,-1.28,0.56,25.87,2.05
4076074601395029376,278.0573,-26.2419,-2.5912,-1.2530,-1.83,0.58,31.43,2.65
4048674359251848832,278.0868,-27.9761,-2.7842,-1.5091,-1.72,0.70,29.79,2.47
4048493695727315712,278.1634,-28.7869,-2.9352,-1.1563,-1.62,0.51,23.17,2.88
4047799452932912000,278.1979,-30.0419,-2.5066,-1.3513,-1.87,0.44,29.77,2.40
4047796193037831808,278.2324,-30.0908,-2.2581,-1.1348,-1.53,0.48,26.85,2.20
4048203282941655424,278.4621,-29.4637,-2.4993,-1.4759,-1.43,0.47,27.33,2.69
4048231904596641280,278.4864,-29.2754,-2.8073,-1.6351,-1.50,0.46,26.06,2.30
4046606242269417472,278.6442,-31.6285,-2.2790,-1.0568,-1.66,0.44,28.02,2.47
4046606074816496768,278.6513,-31.6469,-2.7241,-1.1898,-1.20,0.53,25.16,2.42
4046918576581322368,278.6630,-31.0695,-2.3299,-1.0633,-1.83,0.68,29.98,2.53
4048185896913685376,278.7232,-29.6322,-2.7360,-0.9604,-1.29,0.65,28.72,3.11
6736645449221513472,278.7327,-32.5205,-2.5614,-1.3993,-1.41,0.49,26.57,2.40
6734626131677349120,278.7354,-34.9452,-2.8837,-1.6552,-1.61,0.44,23.95,2.26
6734811158856300288,278.8248,-34.0679,-2.6659,-1.2716,-1.03,0.56,24.95,2.12
6736614392287348992,278.8284,-32.9820,-2.7910,-1.1376,-1.16,0.79,22.82,2.67
4046702552642624256,278.8512,-31.4948,-2.5789,-1.1807,-1.83,0.61,28.08,2.89
4047457887082341632,278.8782,-29.6487,-2.8562,-1.0435,-1.66,0.42,23.78,2.55
4046647817556134144,278.9063,-31.7528,-2.3863,-1.0324,-1.49,0.53,26.93,2.54
4047409057583057536,278.9197,-30.0931,-2.9911,-1.1781,-1.30,0.51,22.66,2.56
4046944861795925248,278.9335,-30.8438,-2.4570,-1.2157,-1.63,0.50,22.17,2.18
6736627036693896064,278.9981,-32.7198,-2.2814,-1.3552,-1.44,0.49,27.87,2.18
4046656171304005888,279.0284,-31.5875,-2.7089,-1.1145,-1.90,0.47,28.31,2.40
4046630019208532864,279.0817,-31.9383,-2.7811,-1.3377,-1.84,0.66,25.77,2.58
4047442012881373952,279.0896,-29.7665,-2.6820,-1.3603,-1.92,0.53,27.86,2.21
6734850878726119936,279.1039,-33.6021,-2.7034,-1.3276,-1.67,0.48,26.72,3.88
4047462731799819264,279.1542,-29.5061,-2.6176,-1.2757,-1.37,0.61,29.98,3.10
6736659541009171200,279.2681,-32.4884,-2.7096,-1.3749,-1.41,0.50,26.77,3.00
4047357827206327296,279.2740,-30.2085,-2.5489,-1.2095,-1.66,0.48,27.63,2.22
4047140570561513856,279.2881,-30.6717,-2.8877,-1.2114,-1.53,0.52,24.01,2.59
4047381848945251712,279.2913,-30.1113,-2.5066,-1.6069,-1.50,0.50,26.74,2.41
4076021103223836928,279.3172,-25.5036,-2.9137,-1.0731,-1.73,0.54,25.65,2.74
6736600201706991104,279.3322,-32.7511,-2.4106,-1.0625,-1.50,0.65,27.02,2.28
4046746876700133376,279.3393,-30.9315,-2.6830,-1.2499,-1.57,0.48,25.59,2.56
4046634799545680768,279.3676,-31.8009,-2.9113,-1.2446,-1.88,0.50,27.47,2.90
6736783437895569920,279.4171,-31.9043,-2.5050,-1.1181,-1.75,0.57,25.97,2.44
4047368925384577280,279.4536,-30.1864,-2.4740,-1.2975,-1.83,0.41,31.25,2.87
4047364119363267200,279.5162,-30.2917,-2.8147,-1.5612,-1.68,0.43,26.21,2.19
4047151535629426688,279.5418,-30.4217,-2.6207,-1.0968,-1.28,0.52,29.30,2.52
4072451332549027584,279.5525,-28.1865,-2.6701,-1.6536,-1.76,0.94,26.80,2.75
4046674205828267008,279.6046,-31.4070,-2.5226,-1.2054,-2.25,0.53,30.46,2.88
4072403739997613952,279.6051,-28.2599,-2.7470,-1.7479,-1.63,0.53,27.02,2.34
4047594329614624640,279.6648,-29.0182,-2.5740,-1.1334,-1.35,0.59,24.74,2.65
6736811995164040960,279.6769,-31.6558,-2.5749,-1.2015,-1.28,0.48,24.11,2.65
6736264983824487552,279.6820,-34.0416,-2.5037,-1.2443,-1.60,0.95,27.07,3.11
6736811234947324672,279.6919,-31.7043,-2.5343,-1.2555,-1.45,0.65,27.22,2.88
4047555846677924736,279.7203,-29.2373,-2.6350,-1.0825,-2.12,0.61,30.40,3.44
4047067319890483712,279.7484,-31.0763,-2.7721,-1.5083,-1.62,0.46,27.43,3.47
4047185379985562624,279.7831,-30.1245,-2.5335,-1.1778,-1.50,0.51,27.29,2.78
4072513317533753216,279.7923,-27.5338,-2.5925,-1.2374,-1.17,0.50,27.24,2.39
4072407455190431744,279.7967,-28.2352,-2.7984,-1.6899,-1.79,0.51,23.70,1.95
6736264296605850112,279.8053,-34.0537,-2.3753,-1.1129,-1.04,0.56,27.59,2.30
4047577115384442624,279.8329,-29.1546,-2.9064,-1.2348,-1.74,0.49,25.88,2.19
4072519433588161408,279.8651,-27.3437,-2.9817,-1.6296,-1.13,0.55,24.50,2.00
4072832175867177472,279.8742,-26.7708,-2.7259,-1.2930,-1.50,0.55,26.87,2.82
4047609001204611072,279.8810,-28.6968,-2.5349,-1.4562,-1.60,0.45,29.37,3.34
6736801373680743296,279.9191,-31.7438,-3.0014,-1.4913,-1.33,0.66,23.85,2.19
6736803813222319360,279.9776,-31.6420,-2.6174,-1.3594,-1.88,0.55,27.52,2.40
4047480216576571392,279.9853,-29.6988,-3.0004,-1.5419,-1.47,0.54,24.55,2.07
4047585052463473152,280.0047,-29.0505,-2.8345,-0.8495,-1.61,0.62,25.11,2.45
4072613781092497792,280.0107,-27.2812,-2.4729,-1.4459,-1.43,0.55,27.76,2.58
4047536948807980416,280.0770,-29.1198,-2.8236,-1.2311,-1.40,0.50,28.37,2.48
4072389549417938432,280.0803,-28.3666,-2.2742,-1.5618,-1.50,0.43,28.37,2.62
6737178716647739136,280.0816,-31.5921,-2.8772,-1.2832,-0.90,0.90,25.56,2.37
4047587625112498304,280.1154,-28.9635,-2.5179,-1.2402,-1.31,0.58,27.21,2.53
4072845370015527552,280.1396,-26.6865,-2.3645,-1.1993,-1.61,0.48,26.88,3.14
4047481419169564416,280.1703,-29.6345,-2.4553,-1.5297,-0.43,0.88,24.02,2.19
4047291684712214016,280.1766,-29.7814,-2.3695,-1.3561,-1.85,0.46,27.06,2.41
4047513240591471616,280.1771,-29.3475,-2.9015,-1.5259,-1.51,0.44,23.69,2.54
4072599727937723776,280.1946,-27.3140,-1.8813,-1.3946,-1.83,0.64,19.23,2.03
4072597876829349888,280.2100,-27.4103,-2.8633,-1.2069,-1.54,0.54,28.02,2.72
4072417041522987904,280.2194,-28.1564,-2.5958,-1.6648,-1.71,0.49,25.75,2.20
6737175761690747648,280.2199,-31.6043,-2.3733,-1.5326,-1.41,0.49,26.27,2.09
4047511896252937472,280.2670,-29.4092,-2.8254,-0.9751,-1.33,0.48,24.65,2.11
4072417866156322944,280.2931,-28.1319,-3.0386,-1.4475,-2.92,0.43,24.55,2.55
4047507017174099328,280.2965,-29.5341,-2.8865,-1.4094,-1.36,0.43,24.58,2.30
4071620131820407808,280.3071,-28.6082,-2.7621,-1.3114,-1.54,0.63,23.49,2.37
6736473306890371584,280.3195,-32.9813,-2.6962,-1.3641,-1.86,0.58,27.57,2.30
4047521998013965056,280.3327,-29.1872,-3.0282,-1.3606,-1.40,0.56,26.09,2.14
6737128139118228608,280.3454,-31.6766,-3.0329,-1.2682,-1.50,0.50,24.86,2.13
4071660813733171200,280.3609,-28.3177,-2.3109,-0.9113,-1.40,0.49,24.97,2.11
6737215133647715200,280.4180,-31.1741,-2.5398,-1.3225,-2.12,0.59,27.06,2.56
6737186855582617472,280.4414,-31.3600,-2.6978,-1.1880,-1.88,0.42,26.96,2.27
4071568287250484352,280.4505,-28.7653,-2.9667,-1.6227,-1.23,0.68,29.61,2.68
4072647694137745664,280.4595,-26.9376,-2.6088,-1.4639,-2.35,0.72,25.11,2.41
4071540868220618880,280.4835,-29.1391,-2.9020,-1.2141,-0.35,0.77,27.81,3.85
4073232569894798976,280.4875,-26.3346,-2.4001,-1.0913,-1.95,0.73,25.86,2.51
4071536745051832832,280.4970,-29.2341,-2.4833,-0.9329,-1.23,0.72,25.43,2.49
6737136896522599552,280.5209,-31.5179,-2.9005,-1.3426,-1.72,0.50,23.62,1.85
6737138481391523328,280.5236,-31.4377,-2.8641,-1.5627,-1.54,0.48,26.63,2.46
4047300141504976512,280.5557,-29.8081,-2.2482,-1.0442,-1.35,0.55,25.05,1.99
6737138408351324544,280.5658,-31.4327,-2.7396,-1.5105,-1.58,0.48,26.45,2.30
4071648517275257344,280.5762,-28.3856,-2.8540,-1.5137,-2.28,0.67,24.28,2.73
6736532822282259840,280.5998,-32.3321,-2.5470,-1.0711,-1.10,0.45,25.24,2.70
4047307082189950592,280.6151,-29.6826,-2.1812,-1.2340,-1.87,0.49,27.29,2.67
6736459189339896320,280.6196,-32.7343,-2.9880,-1.4081,-1.49,0.50,27.23,2.29
4072639516541962240,280.6247,-27.0028,-2.6436,-1.4252,-1.45,0.61,25.77,2.97
6736509732537330944,280.6374,-32.5529,-2.5871,-1.3939,-1.46,0.67,25.43,2.26
4071348518067953792,280.6421,-29.2511,-2.6591,-1.0297,-1.58,0.46,25.50,2.22
6736403865862482816,280.6551,-33.3000,-2.3585,-1.1316,-1.74,0.49,26.95,2.19
4071765855763847808,280.6721,-28.0045,-2.9149,-1.4612,-1.31,0.45,26.04,2.30
4047309208153947648,280.7090,-29.6210,-2.2434,-1.3947,-1.08,0.72,25.39,2.99
4071772895222741888,280.7191,-27.8222,-2.9821,-1.3109,-2.18,0.78,26.59,2.55
4072582170139495808,280.7365,-27.1324,-2.4191,-1.2569,-1.18,0.47,22.50,2.75
6736518008912175232,280.7609,-32.4257,-2.3822,-1.4083,-1.40,0.43,26.71,2.37
4071342986153791232,280.7663,-29.3825,-2.8135,-1.4660,-1.53,0.44,27.99,2.31
6737120030211476480,280.7672,-31.6102,-2.4517,-1.4221,-1.60,0.42,24.98,2.34
4071751424671718912,280.7799,-28.1553,-2.4717,-1.7839,-1.27,0.47,28.28,2.64
6737159780103471232,280.7823,-31.4016,-2.3298,-1.0947,-1.73,0.44,25.81,2.16
6737158650533399552,280.8107,-31.4363,-2.5793,-1.2799,-1.09,0.59,27.69,2.52
4072562344545620096,280.8157,-27.3929,-2.5907,-1.3122,-1.18,0.66,28.09,2.63
6737160402881828480,280.8200,-31.3526,-2.7738,-1.5615,-0.84,0.79,27.80,3.52
4071590552373792896,280.8227,-28.6876,-2.6446,-1.3542,-1.19,0.68,27.48,2.56
6737159372087934080,280.8391,-31.3947,-1.9191,-1.0220,-1.68,0.46,27.84,2.96
4047258252660215936,280.8833,-29.6747,-2.8081,-1.0713,-1.88,0.43,25.77,2.57
4047257874727844352,280.9011,-29.7039,-2.5066,-1.0574,-2.18,0.47,25.53,2.53
4047257020016219008,280.9155,-29.7396,-2.6796,-1.2977,-1.58,0.41,26.92,2.24
6737145555171679616,280.9157,-31.5166,-2.4174,-1.4454,-0.60,0.67,28.21,2.44
4071577976708375296,280.9445,-28.7295,-2.5271,-1.2092,-1.37,0.56,28.66,4.15
4071383638041756032,280.9630,-28.9232,-2.2324,-1.4340,-1.54,0.45,28.93,3.39
4071700327427088128,280.9835,-28.2447,-2.6196,-1.2979,-1.47,0.52,23.57,2.66
6737152461479202176,280.9892,-31.3981,-2.6398,-1.3044,-1.79,0.48,25.06,2.21
4071337870859865984,281.0050,-29.3518,-2.6160,-1.7245,-1.51,0.53,26.57,2.23
6737141505049000960,281.0260,-31.5999,-2.7281,-1.0519,-0.79,0.56,27.33,2.79
4078340316816553088,281.0358,-23.3025,-2.6577,-1.6703,-1.99,0.65,24.57,2.32
4071382194938518400,281.0405,-28.9930,-2.7853,-1.1776,-1.32,0.51,27.27,2.81
4071701804895991936,281.0443,-28.1973,-3.0274,-1.2443,-1.36,0.44,25.22,2.25
4072948479301554944,281.1077,-27.1393,-2.7948,-1.5579,-0.94,0.71,29.01,2.77
6735259995811195520,281.1082,-34.5888,-2.8286,-1.1291,-1.29,0.44,30.67,3.41
6736948953062217600,281.1253,-31.7297,-2.4889,-1.6302,-1.88,0.82,23.27,2.92
4071697995261119104,281.1508,-28.2599,-2.8692,-1.2414,-0.93,0.53,24.25,2.93
6735667536666904960,281.1546,-33.2606,-2.5814,-1.0593,-1.29,0.49,27.85,2.24
4071582134268586240,281.1553,-28.6602,-2.5068,-1.3821,-1.74,0.57,24.04,2.37
6736905518039082112,281.1615,-32.0326,-2.3185,-1.5054,-1.80,0.46,28.78,2.64
6736961837965971584,281.2095,-31.4810,-2.8903,-1.1884,-0.98,0.58,27.24,2.48
4072567571529431808,281.2304,-27.2826,-2.4448,-1.0423,-1.34,0.61,30.85,2.72
4071789323477587712,281.2562,-27.7027,-2.4613,-1.4494,-1.33,0.57,25.22,2.50
4071394289562652544,281.2608,-28.6867,-2.6391,-1.1348,-1.55,0.54,28.70,2.27
4071363258392510208,281.2612,-29.1351,-2.8376,-1.1876,-1.27,0.54,26.26,2.43
4071781867423619840,281.2643,-27.9299,-2.8038,-1.0115,-1.59,0.47,28.31,3.57
6736954240152499456,281.2704,-31.6930,-2.7042,-1.4966,-1.65,0.45,27.13,2.18
6735613939775183744,281.3066,-33.5149,-2.6416,-1.5401,-1.50,0.52,28.68,2.86
4071487606285727232,281.3443,-28.6578,-2.6570,-1.3911,-1.39,0.43,24.10,2.35
6736836145729952128,281.3653,-32.4478,-2.7389,-1.2809,-1.01,0.64,27.83,2.52
6736835939571529344,281.3811,-32.4440,-2.6921,-0.9547,-1.60,0.48,24.41,2.04
4071369516192113024,281.3883,-29.0930,-2.4546,-1.4259,-1.78,0.54,27.51,2.39
4071376555615295872,281.3944,-28.8664,-2.7223,-1.3543,-0.85,0.42,27.95,2.30
4071368481076340224,281.4091,-29.1217,-3.0314,-1.5707,-0.59,0.66,25.33,2.82
4071315498356070784,281.4236,-29.1673,-2.7486,-1.3461,-1.55,0.50,25.06,2.26
4071376658693048192,281.4291,-28.8761,-2.5535,-1.1012,-1.90,0.48,29.85,3.20
4072187342362435200,281.4368,-27.3676,-2.4613,-1.6867,-1.86,0.49,27.97,2.76
4072193875019895936,281.4417,-27.2044,-2.6053,-1.3279,-1.44,0.51,24.83,2.45
4071314403149833344,281.4632,-29.2191,-2.4645,-1.4265,-2.13,0.45,27.56,2.42
4071369378750526976,281.4704,-29.0418,-2.1257,-1.2919,-1.56,0.42,28.99,2.33
4071322031041916288,281.4811,-29.0940,-2.6318,-0.8735,-2.19,0.56,27.63,2.69
4071321339513543552,281.4823,-29.1426,-2.4792,-1.0111,-1.41,0.45,24.65,2.51
4072188922928380672,281.4879,-27.3372,-2.5293,-1.4735,-1.44,0.43,23.39,2.44
6736889781279923328,281.4927,-31.8928,-2.8297,-1.4626,-2.28,0.49,24.86,2.28
4072953981134151936,281.5052,-26.9991,-2.3713,-0.9634,-1.62,0.47,29.43,2.58
4071687721696258304,281.5193,-28.3112,-2.7042,-1.1982,-1.48,0.70,20.23,2.66
4071731461653852672,281.5317,-27.9978,-2.4734,-1.5229,-2.11,0.48,25.35,2.67
4071499357322893312,281.5563,-28.3852,-2.6361,-1.2638,-1.55,0.83,26.03,2.53
4071466719875614080,281.5744,-28.8645,-2.7443,-1.5413,-1.89,0.44,26.38,2.40
4071466818647213952,281.6014,-28.8746,-2.7651,-1.1544,-1.73,0.45,24.98,1.95
4071471800820217728,281.6048,-28.7770,-2.3988,-1.2874,-1.53,0.50,26.46,2.28
4071737848284121344,281.6059,-27.9366,-2.6853,-1.5267,-2.35,0.75,23.57,2.50
6736891091251233024,281.6233,-31.8288,-2.6912,-1.2903,-1.53,0.50,29.55,3.11
4071471908215582080,281.6289,-28.7705,-2.9176,-1.4863,-1.40,0.46,24.11,1.91
4071317461167638016,281.6432,-29.1831,-2.8189,-1.2815,-1.58,0.44,25.79,2.12
4071499219883954944,281.6522,-28.3487,-2.8771,-1.7014,-1.66,0.47,25.90,2.85
4071319381006679552,281.6529,-29.1177,-2.9489,-1.2897,-1.97,0.54,24.80,2.50
4071469503014624256,281.6782,-28.7352,-2.6042,-1.2599,-1.47,0.55,27.40,2.83
4071319965125876736,281.6789,-29.0747,-2.8593,-1.6048,-1.64,0.45,26.21,3.23
4071481936932536448,281.7121,-28.5653,-2.7734,-1.2506,-1.82,0.44,27.46,2.26
6736871433178531968,281.7343,-32.0781,-2.6335,-1.1908,-1.47,0.45,25.65,2.22
6736871433177965312,281.7345,-32.0797,-2.5036,-1.3309,-1.43,0.59,25.71,2.88
4071494443893032192,281.7470,-28.4699,-2.9735,-1.0770,-1.19,0.51,25.22,2.15
4071412667699276800,281.7505,-29.1090,-2.9042,-1.4555,-1.64,0.47,25.06,2.32
6736980697161752320,281.7507,-31.8784,-2.7094,-1.6815,-1.50,0.36,25.69,2.63
6736980490997109632,281.7572,-31.8918,-2.4409,-1.1977,-1.55,0.53,28.81,2.24
6736002337960118528,281.7605,-33.0816,-2.6781,-1.3611,-1.54,0.43,27.00,2.20
6736065388078280192,281.7610,-32.6679,-2.5467,-1.2761,-1.64,0.51,23.86,2.63
4071419097264555904,281.7849,-28.9408,-2.3639,-1.2424,-1.90,0.51,27.48,3.46
6735183992068316416,281.8102,-34.9000,-2.7812,-1.4130,-1.26,0.50,25.00,2.02
6736115209717925504,281.8129,-32.2763,-2.3374,-0.8397,-1.54,0.55,27.16,3.92
6736983789524799232,281.8143,-31.7627,-2.2691,-0.7883,-1.67,0.44,28.23,2.60
4071399576638910592,281.8378,-29.1724,-2.9095,-1.2120,-1.13,0.51,24.36,2.29
4071476684219088512,281.8568,-28.6405,-2.7736,-0.9909,-1.33,0.84,22.83,2.84
4072104642792273152,281.8605,-27.7582,-2.6721,-1.3275,-1.32,0.51,26.19,2.41
6736061097425702912,281.8611,-32.7464,-2.7082,-1.4551,-1.78,0.43,25.33,2.68
4071531861635717760,281.9441,-28.1161,-2.8504,-1.4929,-0.90,0.92,25.44,2.33
6736090298899934080,281.9475,-32.5529,-2.5584,-1.0921,-1.24,0.48,25.27,2.01
4071526952510347008,281.9587,-28.2476,-2.9143,-1.4338,-1.33,0.65,27.41,2.39
4072100279074930560,281.9810,-27.8373,-2.5982,-1.2584,-1.20,0.50,24.73,2.82
4071402462855155072,282.0008,-29.0205,-2.2724,-0.8284,-1.85,0.50,26.39,2.26
4072113228404125568,282.0082,-27.5938,-2.6125,-1.2489,-1.62,0.49,28.28,2.58
4072128930821333760,282.0502,-27.4133,-2.9911,-1.4016,-1.68,0.48,27.58,2.57
6736212623862003456,282.0519,-32.0534,-2.6504,-1.0019,-1.53,0.60,25.10,2.28
4071517636703354880,282.1474,-28.1473,-2.4135,-0.7751,-1.13,0.48,25.52,2.18
6735786734910598016,282.2025,-33.5412,-2.6789,-1.3778,-1.17,0.64,26.28,2.31
6735786764960472704,282.2218,-33.5478,-2.8770,-0.9562,-1.72,0.66,25.12,2.50
4071450463425378176,282.2839,-28.6492,-2.6010,-1.1595,-1.28,0.53,27.67,2.18
6735773192863564544,282.3108,-33.6724,-2.9326,-1.5340,-1.70,0.48,25.49,2.27
6735801337799581440,282.3244,-33.2081,-2.8260,-1.2446,-0.96,0.47,24.41,2.30
4071431020099214464,282.3379,-28.8648,-2.8843,-1.2424,-1.99,0.41,25.63,2.61
6735720107078642432,282.3712,-33.8301,-2.5250,-1.5457,-0.08,0.78,21.00,3.07
6736039927514337536,282.3733,-32.7241,-2.7656,-1.3816,-1.35,0.45,26.16,2.90
6736219422782380928,282.3950,-31.8634,-2.7740,-1.5956,-1.78,0.43,25.51,2.31
6736016945144326400,282.4146,-32.9277,-2.3472,-1.2788,-1.68,0.46,29.24,2.73
6736205335299696640,282.4196,-32.0196,-2.6951,-1.4881,-0.96,0.71,30.86,3.39
6736136340941261184,282.4435,-32.5715,-2.2826,-1.2491,-1.84,0.48,26.51,2.37
6736144587277359616,282.4488,-32.3112,-2.9886,-1.3964,-1.58,0.49,25.31,2.30
6735832605162346112,282.5635,-33.0373,-2.8154,-1.6786,-1.26,0.43,27.03,2.23
6732304856461073408,282.5658,-34.5578,-2.5353,-0.8867,-1.30,0.49,25.59,2.06
6736126307897419008,282.6261,-32.5301,-2.8128,-1.3361,-1.41,0.62,27.88,2.65
6736126896323284224,282.6765,-32.4828,-2.5984,-1.3315,-1.85,0.42,25.90,2.44
6736224100026519808,282.6796,-32.0606,-2.8221,-1.4273,-1.39,0.75,23.41,2.24
6736131908534092800,282.7335,-32.4903,-2.7173,-1.1076,-1.82,0.40,26.37,2.46
6736177714377449344,282.7350,-32.0201,-2.8707,-1.2386,-1.87,0.64,25.29,2.40
6736179020047457664,282.8074,-32.0129,-2.6603,-1.2468,-1.41,0.44,27.42,3.00
6760602467527263872,285.4064,-30.2255,-2.7270,-1.8751,-1.55,0.53,27.35,2.52
5968869437427206912,249.4070,-40.9284,-1.4634,-0.6534,-1.64,0.39,17.99,1.58
6889468911081484544,313.3704,-12.5340,-2.4499,-2.8051,-1.73,0.46,15.74,1.33
6751395157146500608,294.9781,-30.8364,-3.0073,-2.1315,-1.86,0.47,22.55,3.08
6741750619104783744,295.4049,-34.0549,-2.4770,-1.5267,-2.15,0.43,26.90,2.21
6746357023072172032,292.1517,-30.3490,-2.1057,-1.5230,-1.83,0.40,28.00,2.81
6746379532994002048,292.2179,-30.3697,-2.3128,-1.6142,-1.11,0.88,28.91,3.99
4071817665935015424,282.6975,-28.5530,-2.7387,-1.6853,-1.31,0.47,23.92,2.29
4071818318782739840,282.6248,-28.5369,-2.2209,-1.2713,-1.46,0.46,28.37,2.36
4071818460528108288,282.5854,-28.5461,-2.8171,-1.1155,-1.60,0.43,26.25,2.12
3288976416432124672,72.4049,7.1715,0.1353,-1.7366,-1.58,0.43,32.17,2.58
3289674709394735360,72.0024,8.2887,0.3588,-1.2471,-1.45,0.46,49.51,4.44
3289801054448913280,73.5518,9.0545,0.1794,-0.7618,-1.97,0.42,46.73,4.22
3290226973468887936,75.4998,8.4625,-0.1760,-1.0895,-1.43,0.57,39.49,3.87
3290984399541700224,77.4808,10.5104,-0.2912,-0.6887,-1.52,0.46,59.44,7.04
3291563189334514816,74.5630,10.6612,-0.3877,-0.8508,-1.02,0.46,59.72,7.26
3291887579624008192,75.6463,10.6139,0.7115,-1.2547,-2.06,0.44,33.14,2.75
3292252823643657728,70.5262,8.1272,0.0091,-1.1196,-1.50,0.43,48.50,4.43
3292905452514181760,72.0543,9.3086,0.2159,-1.3323,-1.60,0.42,36.60,3.11
3293944284843462912,70.1815,10.4356,0.1023,-1.1698,-1.52,0.43,40.18,3.55
3294525960855036928,73.8404,10.3257,0.0822,-0.9038,-1.86,0.44,44.33,3.80
3294773041732808320,72.5773,10.9421,0.0451,-1.6294,-1.06,0.48,35.05,3.38
1153002975841572224,224.9137,0.5572,-1.3085,-1.1215,-1.67,0.55,60.99,8.25
1153862789640600960,225.3557,2.4105,-1.3127,-0.6388,-1.13,0.58,51.89,6.25
1154124065385721984,223.1718,1.6898,-0.9139,-0.2931,-1.93,0.67,66.41,8.17
1154153816623583360,223.6275,1.8632,-0.9983,-1.0007,-1.52,0.54,52.39,6.42
1154275450097611648,224.0988,2.4816,-0.8408,-0.7881,-1.54,0.47,50.97,5.48
1154460030612705664,222.6663,2.7576,-1.1470,-0.5595,-1.62,0.52,54.30,5.68
1154898151635762048,224.1889,3.1661,-0.8254,-1.0043,-1.67,0.72,49.24,5.45
1155191858679821952,227.6802,2.6218,-1.3353,-0.5702,-1.31,0.75,52.17,5.31
1155235564267594240,228.2203,3.0503,-0.8934,-0.7996,-1.39,0.52,68.95,8.52
1155547722490593280,226.5515,3.5596,-0.8212,-0.4015,-2.03,0.37,57.39,5.39
1156202309865956608,229.5633,5.3488,-1.3826,-1.0798,-2.18,0.46,23.90,2.09
1156443102911703936,227.2443,4.3461,-0.8782,-0.4478,-2.50,0.48,60.76,8.86
1156552126362188160,227.1271,4.9482,-0.9555,-0.7769,-1.76,0.62,50.79,5.07
1158826260005909504,221.5451,5.2005,-1.2352,-1.1017,-2.30,0.47,34.85,3.35
1159794036396688128,225.3086,5.6604,-0.6423,-0.3304,-2.04,0.45,41.89,4.56
1160868847667858048,223.8429,6.6706,-0.8660,-0.3756,-1.70,0.50,47.48,5.06
1161534254065859584,225.6280,8.1484,-1.2909,-0.8639,-2.06,0.52,66.72,9.11
1162829032086214528,231.6099,7.1916,-0.7378,-0.5699,-1.83,0.46,48.00,4.08
1163861679663809792,230.9895,8.5521,-1.0363,-1.0742,-1.58,0.42,30.05,3.89
6663205807683793920,289.8015,-46.8996,-2.8918,-1.9653,-2.17,0.44,27.39,2.42
6736086729791682048,282.0132,-32.6159,-2.9793,-1.4397,-1.54,0.43,26.25,2.07
6736134038838288128,282.8614,-32.3841,-2.7489,-1.4020,-1.79,0.47,28.28,2.35
6736184100975167488,283.0761,-31.8855,-2.4631,-1.2227,-1.32,0.48,30.27,2.78
6736233063602359936,282.8179,-31.8679,-2.5519,-1.4999,-1.35,0.51,26.21,2.06
6736255710977828096,282.6147,-31.5538,-2.8949,-1.4144,-1.28,0.76,25.92,2.57
4139936637520427776,254.6114,-15.5739,-1.5491,-0.8482,-1.42,0.40,43.56,4.91
4140082082293412992,255.2993,-14.8580,-1.3900,-1.2047,-1.11,0.55,29.94,3.05
4124263889552642048,262.3902,-17.6224,-1.6038,-0.9786,-1.35,0.48,30.09,2.60
3795682849694018432,176.4260,0.3874,-1.6337,-0.5932,-1.40,0.45,23.57,1.84
3795728135829088768,175.5800,-0.1571,-1.3557,-1.1013,-1.63,0.46,24.39,1.74
3799531793226298240,176.8449,2.2647,-1.6789,-0.7917,-1.85,0.62,28.94,3.03
3800184520880936064,173.4985,2.7979,-1.0836,-0.8712,-2.21,0.44,42.68,3.56
2309420029777356160,2.1475,-35.6879,-1.9769,-3.2838,-1.67,0.45,18.70,1.61
2317166883764175104,8.8321,-31.9526,-1.7149,-3.5626,-2.33,0.48,18.10,1.52
2319548906986137344,3.6400,-31.4502,-1.3255,-2.9367,-1.93,0.57,19.27,2.04
2323082286386272640,3.8359,-27.0437,-1.9176,-3.5467,-1.74,0.41,20.17,1.68
2326113987836637184,357.0843,-32.6573,-1.8666,-2.9623,-2.00,0.38,18.99,1.50
2329158153280889600,353.0128,-30.0324,-1.7694,-3.4876,-1.63,0.43,21.78,1.86
2331617696368193536,355.5946,-26.9666,-1.5405,-3.0021,-1.77,0.55,25.10,2.29
2331793682653100544,353.2288,-28.0276,-2.0493,-3.0480,-1.67,0.49,19.62,1.84
2332384876311166848,354.2998,-26.5744,-1.4451,-2.9048,-1.57,0.70,25.36,2.35
6012228261849261440,239.4001,-33.3899,-1.1813,-0.6413,-1.39,0.46,37.26,3.71
3597737973208700160,181.8700,-4.0000,-1.0192,-0.8613,-2.03,0.38,50.96,4.60
3600806611378444672,181.1975,-3.7464,-1.2009,-1.0186,-1.59,0.41,25.46,1.95
3602373170634046208,180.1943,-1.7926,-1.0965,-1.2349,-1.83,0.45,27.61,2.16
3602718279846258432,179.3509,-0.8995,-0.9863,-0.9555,-1.42,0.46,32.77,2.90
3604927507943603200,201.4481,-15.7964,-1.0807,-0.9736,-1.87,0.40,31.69,2.79
3605213003009646080,205.2507,-16.3837,-0.9371,-0.2203,-1.83,0.59,49.66,5.30
3605214862731236096,205.1958,-16.2973,-1.2085,-0.9879,-2.06,0.47,24.80,1.97
4048240185287989120,278.6630,-29.1780,-2.4260,-1.3393,0.10,0.75,25.23,2.45
4048291346941699072,278.7131,-28.9496,-2.4982,-1.0779,-1.50,0.43,25.53,2.20
4048312997906280576,278.4200,-28.7060,-2.7239,-1.1789,-1.69,0.57,25.59,2.57
4048323542011913088,279.3301,-29.0581,-2.7082,-1.4517,-1.51,0.44,26.37,2.55
4381405677496020480,254.4662,0.6681,-1.1480,-1.0547,-1.79,0.43,40.06,3.17
4382271061867282176,250.7102,-0.9342,-2.0829,-1.0259,-1.37,0.38,16.04,1.46
4382295976973958272,249.9181,-1.4653,-1.9681,-0.9169,-1.42,0.49,16.95,1.62
4383862884122845184,250.9165,0.9934,-1.1689,-1.3688,-1.56,0.45,31.62,2.58
4384277503085936384,252.8525,0.2935,-1.1130,-1.2283,-1.56,0.37,32.23,2.74
3403880741655387392,82.3535,21.5556,0.5283,-0.7930,-1.68,0.49,50.76,5.34
3405438341607956608,75.3450,16.5983,0.0772,-1.4787,-1.17,0.60,43.23,4.77
3405888419821911296,71.9296,16.2093,0.5487,-0.7850,-1.51,0.42,40.30,4.18
3405908348471012096,71.9030,16.4401,0.5627,-1.0782,-1.72,0.47,52.45,6.37
3406307707413542400,72.1675,17.4316,0.1903,-0.9917,-1.83,0.69,49.10,5.11
3406803724596171392,72.3200,18.4314,0.3992,-1.6684,-1.24,0.60,70.18,9.53
3407259201584025600,75.1516,17.6965,0.0758,-1.3786,-2.09,0.59,52.46,5.96
6227096168480590208,228.3856,-24.8480,-1.3844,-0.6083,-1.66,0.45,22.57,1.94
6229487567609237504,223.3169,-24.2381,-1.1653,-0.8463,-1.85,0.51,46.85,5.00
6229751690919288960,221.5210,-25.0706,-1.2156,-0.1344,-2.58,0.87,54.63,6.04
5035474392894128256,22.4474,-28.2117,-0.7954,-3.3646,-1.60,0.43,21.11,1.59
5039917588101450240,19.0482,-25.8169,-1.3255,-3.2548,-1.74,0.46,21.09,1.78
5040279018189027200,22.3583,-24.6388,-1.0942,-3.2146,-1.51,0.41,21.22,1.63
5041458420504052480,20.1558,-23.1016,-0.9025,-3.1737,-1.55,0.40,20.96,1.59
6240684616069145088,236.5140,-21.8298,-1.3544,0.0388,-1.50,0.41,54.16,6.32
6240870437831874048,234.8898,-23.0895,-1.0484,-0.1810,-1.66,0.51,56.13,7.30
6241314876750464384,234.9516,-21.5438,-0.9961,-0.2478,-2.03,0.41,50.41,5.83
6241893597823268992,236.7677,-20.1854,-1.7691,-0.5760,-1.44,0.49,50.31,4.99
6242142400988438272,242.7906,-23.6297,-0.8473,-0.5085,-1.94,0.43,53.68,5.13
6242323060192979456,241.6717,-23.2061,-0.8054,-0.5355,-1.52,0.48,51.87,4.28
6242655868621196800,242.9156,-22.4483,-1.6099,-0.3134,-1.44,0.48,40.24,3.48
6242682841016188672,243.1474,-22.2332,-0.9296,-0.4951,-1.53,0.52,42.44,4.11
1236075954108086400,218.8113,18.5115,-0.8069,-0.5543,-2.11,0.51,60.75,7.73
1238586310953443840,216.0432,17.7055,-1.0203,-0.4776,-1.58,0.39,48.02,4.15
1239974311239895040,214.0919,19.3247,-0.7160,-0.8813,-1.53,0.49,80.03,9.14
1243152071642576896,208.6733,15.3033,-1.4792,-0.0398,-1.96,0.52,59.24,5.77
1243448420090325376,208.0143,16.2167,-1.3193,-0.6430,-1.47,0.49,43.93,4.02
1243606273024006016,209.8921,16.3338,-1.2755,-1.1589,-1.45,0.40,34.61,3.35
1244434853819196544,206.0791,16.8988,-1.7220,-0.4934,-1.76,0.41,34.05,2.81
1246471939627930240,209.2862,19.0281,-1.1265,-1.3107,-2.15,0.41,32.66,2.70
1246901298918620672,209.6388,20.2081,-1.1099,-0.2323,-1.86,0.48,61.91,6.51
1247782252546110720,204.6343,17.7562,-1.5494,-0.5932,-1.61,0.44,38.29,3.15
1248122512739828224,207.0783,18.9196,-0.8486,-0.5990,-2.32,0.44,76.39,7.64
1248989889975393280,202.9492,19.5028,-1.5505,-1.1276,-2.36,0.40,31.96,2.44
1250883833113992448,206.9194,20.9519,-1.6275,-0.6714,-1.48,0.41,41.42,3.39
1251759869003165696,207.7247,23.1906,-0.8883,-0.7283,-1.67,0.42,60.73,5.66
1253284071292556544,213.2026,21.7986,-1.2148,-1.0911,-1.18,0.44,29.87,2.41
1253558292068974592,212.5895,22.2536,-1.0428,-0.6832,-1.53,0.47,57.49,5.33
1254029879478456704,213.1518,23.3388,-0.8365,-1.1234,-1.91,0.42,29.20,2.43
3894451493885306752,183.8225,5.5784,-0.7988,-0.7783,-2.12,0.44,42.53,3.65
3894984241628503296,181.1536,5.2539,-1.2957,-0.6347,-1.87,0.56,43.59,3.80
3894995034882592896,181.0690,5.3876,-1.2856,-0.7893,-1.65,0.40,39.60,3.47
3895300110703419904,183.6194,6.1308,-1.2528,-0.6393,-1.72,0.45,49.91,4.13
3895537673934453120,183.2886,6.7420,-1.3876,-0.8474,-1.70,0.52,39.16,3.24
3895997991349677696,176.0630,3.7524,-1.1207,-1.2064,-1.61,0.43,24.06,1.95
3896233733514084480,178.8540,4.2371,-1.5050,-0.7287,-2.20,0.40,37.65,3.80
3897661449362903552,176.1204,5.8880,-1.4403,-0.8881,-1.92,0.75,34.98,3.46
3898451929504002432,181.1001,6.2818,-1.0988,-0.6156,-1.56,0.41,63.08,6.90
3898848891857014016,180.7090,7.6921,-1.3329,-0.5364,-2.29,0.61,55.78,5.51
3899485951470632832,178.2065,7.6009,-1.1246,-0.5434,-2.46,0.64,43.25,4.39
3900084704271073536,180.0875,9.1050,-1.5305,-0.7613,-1.44,0.39,35.11,2.88
3900485033878995712,184.7553,6.0445,-1.3103,-0.6308,-1.93,0.41,40.41,3.50
3900585841055573632,186.2641,6.5418,-1.0172,-0.2982,-1.90,0.39,42.37,4.46
3900726273601479680,187.5605,6.5442,-1.4561,-0.7322,-1.49,0.42,39.34,3.59
4176394965628379520,265.9125,-4.5599,-1.5237,-1.4121,-1.48,0.49,23.53,2.14
6736751487636158848,280.1904,-31.7826,-2.7546,-1.4096,-1.17,0.47,27.04,2.23
6736830893007446528,281.4253,-32.6100,-2.5886,-1.4428,-1.05,0.72,28.19,2.73
6245781333499796224,242.5454,-19.0946,-1.7178,-0.6339,-1.69,0.48,45.76,5.24
6245927843424159104,243.2671,-18.3317,-1.6603,-0.6681,-0.86,0.63,39.00,3.79
6245933345276994688,244.7201,-19.3038,-1.2113,-0.7600,-1.46,0.46,42.03,4.36
6245973473157716736,245.0238,-18.8766,-1.7123,-0.8080,-1.35,0.43,35.80,3.65
6246027521025053824,244.3670,-18.7341,-1.2217,-0.7928,-1.64,0.50,36.33,4.27
6246200075631305344,245.1287,-17.8428,-1.7409,-1.0484,-1.09,0.42,40.82,3.50
6246339644890471936,243.7389,-17.8979,-1.6094,-0.2847,-1.54,0.48,41.20,4.38
6246613114046386560,239.1647,-21.0367,-1.7238,-0.0009,-1.39,0.45,49.91,5.47
6246854800445909632,238.1188,-20.8146,-1.4533,-0.5779,-2.33,0.53,43.08,3.52
6246898471674680192,238.1262,-20.5252,-1.4620,-0.5945,-1.70,0.37,44.43,4.74
6246936576623806336,238.9958,-20.3670,-1.8767,-0.6198,-1.84,0.55,48.46,4.97
6247021273379240192,239.0806,-20.0387,-1.4210,-0.3819,-1.30,0.50,35.80,3.16
6247073362743614720,240.3115,-20.5570,-1.3390,-0.5461,-1.85,0.51,45.47,4.09
6247086282003474816,240.5550,-20.2164,-1.1219,-0.2721,-1.74,0.47,47.47,4.92
6247086350722993664,240.5467,-20.1973,-2.0781,-0.9102,-2.00,0.43,45.25,4.43
6247160675139865600,240.1215,-19.8510,-1.1281,-1.1501,-1.80,0.66,38.46,3.35
6247302782714784512,241.2061,-19.3887,-1.3346,-1.0930,-1.92,0.43,54.55,5.31
6247313266738206080,241.3948,-19.1924,-0.8668,-0.4982,-1.35,0.45,43.55,3.86
6247335630625031936,241.2515,-18.9252,-1.5054,-0.8676,-1.93,0.38,47.26,5.37
6247451732181575680,239.9137,-19.2813,-1.4969,-0.6457,-1.66,0.37,41.07,4.16
6247520657815553408,240.8586,-18.8963,-1.6026,-0.8479,-1.30,0.49,41.81,4.50
6247544782653735040,240.7702,-18.6707,-1.9347,-0.7594,-1.31,0.40,34.76,3.10
6247589136775733632,240.3565,-18.6710,-2.0332,-0.8174,-1.51,0.46,40.16,4.03
6248107109831853568,237.8888,-18.7258,-1.2274,-0.2909,-1.51,0.41,43.39,3.94
6248166590838710784,237.5830,-18.5494,-1.9535,-0.5687,-1.51,0.40,43.44,4.01
6248201461677340544,238.9950,-19.1965,-1.0337,-0.6882,-1.88,0.39,42.59,4.05
6248217649409033344,239.4356,-19.0688,-2.1136,-0.8565,-2.06,0.44,51.99,5.17
6248220668765328896,239.4994,-18.9608,-0.8270,-0.3843,-1.60,0.42,23.73,2.15
6248366732013776640,240.2856,-18.3148,-1.6685,-0.9585,-1.31,0.49,37.38,3.65
6248392609197106432,240.1121,-17.9041,-0.9380,-0.2204,-1.63,0.45,43.42,3.99
6248397213401717376,239.3589,-18.4027,-1.4787,-0.8493,-1.31,0.57,39.69,3.29
6248445866791731456,239.6030,-17.9913,-1.1818,-1.0633,-1.92,0.46,43.65,3.77
6248485135673671424,238.1184,-18.5787,-1.2049,-0.7166,-1.13,0.52,42.73,3.97
6248630339926078080,239.0750,-17.8588,-0.8646,-0.5970,-0.96,0.47,42.26,3.71
3994986851399146624,165.4532,23.0120,-1.7543,-1.5120,-1.65,0.55,26.81,2.66
3998362626974824576,166.8364,26.8949,-2.7627,-1.5350,-1.70,0.50,17.23,1.72
3999807007296860416,181.9645,21.3853,-1.5634,-0.8897,-1.43,0.45,33.59,2.62
3999854904771491200,180.9038,21.4731,-1.4882,-1.1999,-1.52,0.43,33.30,2.65
4000142740595552256,180.3312,22.1667,-1.5716,-0.7354,-1.58,0.41,31.95,3.00
4000520010523246336,179.5356,22.0599,-1.6362,-1.2092,-1.60,0.38,30.22,2.72
4000911535446541696,179.8068,22.4773,-1.5502,-0.9519,-1.73,0.41,32.55,2.59
4000941913750304000,180.2251,22.6991,-1.2474,-0.7425,-2.55,0.42,40.19,3.19
4001044267115001600,180.5521,22.8936,-1.5568,-1.0757,-2.29,0.42,34.25,2.98
4001127108444559232,180.4507,23.5319,-1.2441,-0.8489,-1.99,0.48,60.72,5.34
4002348528423820160,183.8108,24.6296,-1.7853,-1.1345,-1.34,0.50,30.59,2.43
4002439414227271936,184.0717,24.8048,-1.6096,-0.5112,-2.84,0.44,46.97,4.32
4003263223314701440,182.7751,25.6144,-1.4186,-0.7105,-1.79,0.45,54.75,5.36
4005181798090153984,174.8364,24.4812,-1.3599,-1.0348,-1.74,0.52,29.97,3.23
4006788012779762176,182.1027,27.6869,-1.7148,-0.8807,-1.99,0.42,33.70,2.93
4008640350570454272,185.7018,26.2710,-1.3834,-1.4720,-1.47,0.44,22.72,1.80
4017617485053937792,173.4595,26.2375,-2.0365,-1.2989,-1.53,0.47,25.56,2.25
3654375088465921280,217.2091,1.4917,-1.2141,-0.4669,-1.67,0.48,43.85,4.44
3654567262481816704,216.9016,1.5907,-1.1220,-0.2808,-1.93,0.42,54.46,6.41
3654984114828099200,218.6359,1.0381,-0.9127,-0.8644,-1.56,0.56,52.38,7.08
3655114132077908608,219.3230,1.5109,-1.2127,-0.3095,-1.13,0.55,48.27,5.89
3655471026680228864,220.9681,2.4793,-0.8904,-0.5077,-2.05,0.53,48.87,5.12
3655860391236059008,218.3524,1.9089,-1.1318,-1.0213,-2.02,0.67,55.50,5.27
3656342801962920832,217.8012,3.1936,-1.1304,-0.5350,-2.08,0.40,54.08,5.44
3656505667121869440,220.0493,3.1150,-0.6360,-0.7182,-1.39,0.51,52.51,4.92
3657211794105346304,207.4446,-3.9691,-0.4857,-0.5760,-2.23,0.54,60.50,6.42
3657598792133857024,209.5936,-2.7470,-0.5339,-0.8325,-1.85,0.50,46.32,5.44
3657612536029215232,209.4279,-2.6744,-0.4935,-0.6500,-2.03,0.47,54.07,6.84
3657916207397194240,209.5029,-2.1419,-1.4150,-1.0324,-2.02,0.62,44.97,4.49
3658033335449786496,209.3416,-1.5063,-1.1415,-0.5303,-1.53,0.53,45.19,3.98
3658582541507701888,206.5796,-1.6198,-1.1840,-0.5342,-1.66,0.41,46.83,4.42
3658874771083213696,208.9854,-0.8099,-1.2359,-0.3938,-1.38,0.50,49.40,4.61
3659012111252206720,207.5310,-0.9440,-1.2719,-0.7199,-1.52,0.47,40.42,3.40
3659055267083504128,207.9844,-0.8873,-1.1971,-0.4993,-0.81,0.60,48.88,5.09
3659473042847115136,210.3393,-1.4059,-1.2849,-0.3433,-2.19,0.55,56.94,6.89
3659868248558556672,212.1994,-0.2285,-0.9301,-0.7073,-1.86,0.40,47.08,5.62
3660001117666695680,213.2447,0.3968,-1.2208,-0.3865,-1.76,0.45,52.56,5.84
3660011532962174720,213.0073,0.3668,-1.4379,-0.7347,-2.02,0.45,49.05,4.73
3660160443772576000,212.3980,0.0506,-1.0700,-0.9232,-1.68,0.52,44.21,4.02
3660524485201039616,210.1670,0.0236,-0.5441,-0.3305,-1.97,0.52,40.18,4.23
3660747582982209664,209.4092,0.3488,-1.1595,-0.3664,-1.97,0.54,48.13,4.32
3660751671790822528,209.6019,0.4041,-1.6053,-0.7960,-2.19,0.53,52.92,4.86
3660783901225520000,209.7047,0.6884,-1.5251,-0.4168,-2.66,0.57,46.99,4.43
3660845233358892416,209.6338,0.9780,-1.3438,-0.5390,-1.49,0.50,51.36,5.33
3660856503353085568,209.5314,1.0007,-1.7966,-0.6921,-2.26,0.44,45.71,4.78
3660987310877061120,210.8022,0.8007,-1.0146,-0.7917,-1.35,0.53,51.08,5.54
3661038300728622336,211.6722,1.1384,-0.4869,-0.7517,-1.48,0.63,39.45,4.22
3661141105065393280,211.5480,1.6264,-1.4300,-0.6579,-1.11,0.47,56.47,7.20
3661159659324112640,210.2397,0.8952,-1.3626,-0.3600,-1.52,0.51,49.62,4.67
3661236487699189632,209.7626,1.1916,-1.6857,-0.8753,-1.50,0.76,44.66,4.25
3661436083419402624,205.5542,-2.1577,-0.9584,-1.0416,-1.75,0.38,34.00,2.95
3661560534392033280,205.3224,-1.3612,-1.5356,-0.5415,-1.82,0.44,43.77,4.43
3661928355391387520,205.1303,-0.6866,-1.5580,-0.2990,-1.49,0.50,53.04,5.67
3662138671349453440,207.4348,-0.3261,-1.3338,-0.2150,-2.04,0.51,55.34,5.09
3662308648975236736,206.4199,-0.1888,-0.5615,-0.2207,-1.95,0.44,52.47,4.35
3662375031990242048,205.7222,0.2205,-0.9107,-0.9247,-1.03,0.47,48.03,4.22
3662383278327425280,206.0271,0.1938,-1.0078,-0.2452,-1.62,0.46,44.61,4.15
3662420386844692864,206.7085,0.2832,-1.2445,-0.7262,-1.76,0.37,47.99,4.46
3662482543611288192,206.3733,0.3656,-0.9951,-0.3421,-1.58,0.39,47.74,3.96
3662506389269760256,206.2182,0.6362,-1.1584,-0.6179,-1.35,0.50,45.12,3.62
3662749901031037440,204.8889,0.0319,-1.1121,-0.4013,-1.91,0.44,49.61,4.20
3662916923719069312,203.1266,0.0146,-0.7708,-0.7107,-1.79,0.40,37.54,3.30
3662932523040297472,202.8774,0.1260,-0.9351,-0.3863,-1.61,0.39,50.89,4.34
3663046661795501568,203.5621,0.3945,-1.4724,-0.3387,-1.72,0.49,48.75,4.67
3663194546109885056,205.1491,0.4695,-1.2812,-0.7952,-1.58,0.52,78.00,9.88
3663364077059138304,206.1343,1.3160,-0.6662,-0.3534,-2.04,0.44,49.54,4.66
3663428639007245312,204.5526,1.0694,-0.9183,-0.7191,-2.37,0.44,50.22,4.56
3663598204315963520,205.4739,1.8709,-0.8419,-0.7932,-1.72,0.39,47.13,4.15
3663800690549705728,208.2230,0.9755,-0.7598,-0.5521,-1.61,0.42,45.52,4.29
3663829445355431680,208.9572,0.8521,-1.5244,-0.2395,-1.59,0.52,47.63,4.64
3663915619579744768,208.2729,1.3191,-1.2616,-0.2765,-2.01,0.47,45.53,3.99
3664102089879129984,208.0730,1.2868,-1.0254,-0.2599,-1.83,0.38,47.70,5.08
3664325879150671360,209.3031,1.8167,-0.7145,-0.6872,-0.74,0.54,46.72,4.70
3664343741918985344,209.0729,1.9430,-1.0734,-0.4447,-1.64,0.45,49.72,5.03
3664579724602378880,209.0743,2.4337,-0.8938,-0.3022,-1.56,0.65,48.07,5.32
3664689366527531776,209.3503,2.7817,-1.2875,-0.5205,-0.93,0.63,40.59,4.70
3664762930727043584,209.2614,3.1238,-1.0264,-0.3434,-1.24,0.52,57.05,7.02
3664859722110666496,207.0332,1.7623,-1.1825,-0.4637,-1.95,0.40,50.88,5.55
3664917377751421312,206.7519,2.0412,-0.9568,-0.3905,-1.35,0.54,53.69,4.38
3664995236918118784,207.8336,2.4116,-0.6912,-0.3826,-2.23,0.49,50.97,4.92
3665155937415331968,206.3702,2.6696,-1.0266,-0.7000,-1.61,0.40,47.29,4.26
3665252316480705536,206.5356,2.7805,-1.3531,-0.6544,-1.69,0.38,39.16,3.54
3665308425933622016,206.6694,2.9765,-1.0550,-0.5470,-1.78,0.37,41.44,3.72
3665503211290998912,208.1912,3.4623,-0.8207,-0.5891,-1.96,0.46,68.59,7.31
3665748745981179264,207.1046,3.7190,-0.9867,-0.6428,-1.85,0.38,50.74,4.48
3665819428257905792,208.1410,4.0407,-1.0881,-0.8083,-1.39,0.37,42.67,3.63
3665927936311726976,208.1326,4.6472,-1.2800,-0.4384,-1.71,0.39,47.09,4.48
3665998717373054080,214.1101,0.8007,-1.3933,-0.4484,-1.25,0.56,50.61,4.50
3666126084627750784,214.6923,1.1408,-1.2596,-0.2358,-1.73,0.44,54.11,5.90
3666163850275555584,213.8823,1.1918,-0.6805,-0.2349,-1.62,0.47,49.47,5.98
3666264348214906880,213.2225,1.0505,-0.7953,-0.9606,-1.68,0.57,51.14,4.64
3666343242469881472,212.8491,1.6014,-0.9383,-0.7642,-2.01,0.69,58.66,5.65
3666423639962383360,213.4383,1.5775,-1.4497,-0.5205,-1.67,0.51,47.15,5.29
3666473599021547392,213.8894,2.1331,-1.2269,-0.6255,-1.81,0.46,40.94,4.24
3666585203746936832,214.6863,1.8248,-0.9187,-0.1901,-2.02,0.50,49.10,5.33
3667172235581976704,212.5378,2.0582,-1.2862,-0.6604,-1.76,0.48,48.74,4.59
3668630428518080384,216.3806,4.0176,-1.2956,-0.2465,-2.03,0.59,72.97,7.65
3669150016482187648,217.1386,4.9719,-1.2839,-0.4828,-1.82,0.71,51.99,5.32
3669461968546634624,215.9725,4.4539,-0.9238,-1.1263,-1.39,0.49,49.73,5.94
3670335874132219264,216.8710,6.4862,-0.8375,-0.3118,-1.09,0.66,43.59,3.97
3670470564306657408,211.3028,2.7732,-1.1467,-0.6700,-1.51,0.52,53.49,5.54
3670479463478466176,211.4916,2.9394,-1.1212,-0.6008,-1.76,0.63,49.67,5.41
3670972113407787264,211.1285,4.4380,-1.0157,-0.2920,-1.79,0.51,48.51,4.92
3671159240837972608,212.9618,4.5262,-0.6547,-0.6925,-1.66,0.52,45.73,5.66
3671262899873077376,212.9917,5.0342,-1.1965,-0.5879,-2.34,0.44,55.92,5.43
3671345058303092352,211.9485,4.9370,-1.2156,-0.4204,-1.59,0.50,47.73,5.06
3671499088715099264,212.2138,5.3278,-1.0416,-0.6875,-0.63,0.56,46.22,5.09
3671578154768147712,209.4006,3.8180,-0.9681,-0.5299,-1.09,0.48,52.05,5.84
3671771286561890176,209.9357,4.5435,-0.9934,-0.6772,-1.66,0.48,45.96,5.46
3671853990452406912,209.0768,4.5075,-1.1786,-0.5871,-1.53,0.45,51.04,4.27
3671868627701278464,208.7714,4.5436,-0.9861,-0.2850,-1.16,0.39,46.03,4.60
3671978029107990400,208.7678,5.2132,-0.7977,-0.4668,-1.47,0.48,77.89,9.84
3672011598572205312,209.5849,5.2204,-1.7232,-0.8374,-1.57,0.42,33.42,2.74
3672080146250376832,209.1219,5.4703,-1.4841,-0.2395,-1.62,0.43,43.84,4.17
3672487618387611392,209.9868,5.9251,-1.2731,-0.6934,-1.75,0.43,50.89,4.72
3672505008710632064,209.9463,6.1833,-1.2897,-0.3731,-1.78,0.69,53.63,5.83
3672588532939209344,211.2480,6.5434,-0.7472,-0.4962,-1.52,0.42,51.13,4.89
3672648868640293888,210.6427,6.8064,-0.7271,-0.5351,-1.82,0.45,53.61,5.52
3672740402983299456,213.9109,5.3595,-0.9864,-0.3745,-1.79,0.51,52.11,5.20
3672812352275225600,213.6136,5.6938,-0.6773,-0.3372,-1.80,0.61,48.30,5.08
3672988037912589440,212.9469,5.6758,-1.3099,-0.3256,-1.33,0.46,38.94,3.40
3673010367447176576,213.3630,5.9314,-1.3069,-0.1678,-1.56,0.47,49.95,4.67
3673112175351697152,213.6485,6.0722,-0.9251,-0.5781,-2.23,0.43,49.49,5.05
3673192474060956928,213.4370,6.5750,-0.8686,-0.3353,-0.91,0.73,50.27,6.22
3673380078232529024,215.0072,6.9973,-0.6494,-0.4909,-2.20,0.42,55.26,5.24
3673572668861075584,214.8554,7.1119,-1.2796,-0.9414,-1.66,0.45,48.32,5.35
3673576031819867648,214.9642,7.1595,-0.8760,-0.5190,-1.72,0.52,50.37,6.97
4048491943381103872,278.0817,-28.8065,-2.3290,-1.1027,-1.26,0.54,28.45,2.96
4048499399448856832,278.2820,-28.7196,-2.7849,-1.0282,-1.52,0.54,29.83,2.85
4132281562693854976,253.3155,-18.3316,-1.2367,-0.5471,-1.40,0.44,33.53,2.71
4132388597570455680,252.6094,-18.2765,-2.0784,-1.0190,-0.98,0.78,31.30,3.44
4132532320062978176,253.1924,-17.6400,-1.4821,-0.9018,-1.12,0.49,34.79,3.16
6759645896696490880,288.8339,-28.9433,-2.4849,-1.9282,-1.59,0.45,28.50,3.44
6743703527855133440,289.6683,-34.5986,-2.3867,-1.8228,-1.50,0.83,26.81,2.84
6743718641843748864,290.3847,-34.8939,-2.6704,-1.4373,-2.03,0.45,28.70,2.70
6743727717110150784,290.6261,-34.6960,-2.5273,-1.8008,-1.73,0.55,30.58,2.48
6743753242097911552,290.3692,-34.2642,-2.4560,-1.4347,-1.91,0.47,26.71,2.36
6743762038189054336,290.7155,-34.2617,-2.5145,-1.4316,-1.64,0.43,25.34,2.25
6743793889667706752,289.9596,-34.4172,-2.5631,-1.3787,-1.82,0.64,28.82,2.53
6743798425153723520,290.2421,-34.2940,-2.6847,-1.7253,-1.79,0.50,27.94,2.66
6743819010935533824,290.1528,-34.0007,-2.8354,-1.4916,-1.60,0.45,28.41,2.35
6743835842907767936,290.6988,-33.8285,-2.0556,-1.3117,-1.60,0.48,30.67,2.76
6743866285640652800,289.0532,-34.6834,-2.7192,-1.5007,-1.49,0.43,27.93,2.27
6743867075913456768,288.9399,-34.6753,-2.8873,-1.4815,-1.87,0.45,25.28,2.61
6743874703776890496,289.1263,-34.5506,-2.9032,-1.5301,-1.11,0.65,26.62,2.31
6743886489167237504,288.9554,-34.5218,-2.2897,-1.4478,-0.31,0.58,25.20,2.52
6743897209404284544,289.4553,-34.4094,-2.4598,-1.3328,-1.61,0.63,27.19,2.23
6743950093333426048,288.5791,-34.2169,-2.7739,-1.3086,-1.75,0.62,25.53,2.14
6743962218025395968,288.5531,-33.9790,-2.7009,-1.4415,-1.57,0.40,28.43,3.72
6743983280546946176,288.7492,-33.9802,-2.7543,-1.2332,-1.24,0.45,27.11,2.63
6743987609874338304,288.6786,-33.9103,-2.3716,-1.4549,-2.19,0.73,27.90,2.87
6744011489894812416,290.0230,-33.8592,-2.1196,-1.3197,-1.66,0.53,27.34,2.56
6744018121324048000,289.5296,-33.9670,-2.2298,-1.3184,-1.03,0.86,26.70,2.71
6744018263052784640,289.5579,-33.9549,-2.4411,-1.2827,-1.18,0.59,26.23,3.33
6744033273966071552,289.7351,-33.6233,-3.1236,-1.9239,-1.37,0.47,24.41,2.12
6744041966983325312,290.0313,-33.6239,-2.5312,-1.5543,-1.71,0.44,29.11,2.34
6744054920604889088,289.9801,-33.5398,-2.7336,-1.5142,-1.47,0.54,28.16,2.12
6744064335171382784,290.1610,-33.3349,-2.7011,-1.5669,-1.51,0.45,26.62,2.20
6744074230774094464,289.4067,-33.6480,-2.6124,-1.3550,-0.92,0.68,23.78,2.48
6744076257998601984,289.2693,-33.6604,-2.7404,-1.6136,-1.70,0.44,27.60,2.68
6744091445002092672,289.1967,-33.4834,-2.9549,-1.3883,-1.15,0.55,24.33,2.96
6744099656982686080,289.4776,-33.3040,-2.7588,-1.4285,-1.51,0.54,25.76,2.56
6744100932589916416,289.2365,-33.4025,-2.5709,-1.3169,-1.32,0.48,24.94,2.05
6744103921882181760,289.3732,-33.2442,-2.3606,-1.4006,-1.25,0.45,28.01,2.28
6744105291978487936,289.7006,-33.4891,-2.7463,-1.3312,-1.86,0.63,26.58,3.17
6744136628056435456,289.6484,-33.0006,-2.3711,-1.4552,-1.54,0.47,27.12,2.11
6744170815999107072,292.6164,-35.1006,-2.6355,-1.6636,-1.60,0.45,27.02,2.27
6744186965076653568,293.0777,-34.9981,-2.9204,-1.4349,-1.46,0.46,26.24,2.68
6744221771491519616,292.3259,-34.9608,-2.6887,-1.7364,-2.17,0.57,26.89,2.28
6744251149064860416,292.4635,-34.7731,-2.0457,-1.3709,-1.88,0.45,26.92,2.40
6744265889392908160,292.4130,-34.6481,-2.5487,-1.5115,-1.75,0.49,28.91,2.37
6744273658992108544,292.4911,-34.4960,-2.6408,-1.3331,-1.61,0.55,29.20,2.96
6744279427130302848,292.5087,-34.3344,-2.4833,-1.3358,-2.12,0.59,30.55,2.72
6744294098737918336,293.4438,-34.5528,-2.6386,-1.5488,-1.41,0.60,27.30,2.48
6744312691655073024,293.1868,-34.4090,-2.7436,-1.3123,-1.68,0.65,26.17,2.36
6744360206875353472,292.8539,-34.2666,-2.9585,-1.6228,-1.74,0.48,27.31,2.37
6744361581264647680,293.0072,-34.3391,-2.3291,-1.2611,-0.78,0.54,25.27,2.35
6744363883367582976,293.0939,-34.2082,-2.2341,-1.6273,-1.50,0.46,27.30,2.11
6744373336593574400,292.7234,-34.1841,-2.9605,-1.5595,-1.46,0.45,28.53,2.73
6744379379609838720,292.7785,-34.1355,-2.9124,-1.6983,-1.64,0.38,23.41,2.34
6744431675129977088,292.0253,-34.6711,-2.2925,-1.0943,-1.20,0.46,27.46,2.27
6744439165553206528,291.9855,-34.4597,-2.9077,-1.4986,-2.18,0.51,24.12,1.95
6744482046508964736,292.0228,-34.1417,-2.2369,-1.4465,-1.45,0.47,26.25,2.24
6744497680189107584,291.4122,-34.3773,-2.6480,-1.3494,-2.07,0.50,28.39,2.40
6744533487334716160,291.6663,-34.0106,-2.8054,-1.5644,-2.49,0.54,28.92,3.26
6744559115403336832,291.7393,-33.6832,-2.5131,-1.4741,-1.77,0.42,28.20,2.21
6744561795460339328,291.7734,-33.5832,-2.5585,-1.2652,-1.34,0.47,28.33,2.88
6744581002554412544,292.3826,-33.9536,-2.3392,-1.3665,-1.05,0.59,27.92,2.94
6744586019076268288,292.1689,-33.8852,-3.0177,-1.5432,-0.76,0.51,24.48,2.06
6744599900413272832,292.8505,-33.7229,-2.9488,-1.4241,-1.82,0.40,24.65,2.34
6744652024132459264,291.9116,-33.6033,-2.4813,-1.6383,-1.21,0.44,30.85,3.20
6744653639040332672,292.0868,-33.5220,-3.0379,-1.6417,-1.28,0.46,24.67,2.33
6744663676383769728,292.2269,-33.2749,-2.6500,-1.5381,-1.42,0.53,27.90,2.32
6744680611437445632,292.7085,-33.1583,-2.6441,-1.0687,-1.67,0.56,27.59,2.34
6744682436801869696,292.6165,-33.1296,-2.5257,-1.3755,-1.76,0.41,25.94,2.05
6744686040275834368,292.3371,-33.2749,-2.8357,-1.5783,-1.75,0.55,27.28,2.64
6744700716181782784,292.4066,-32.9544,-2.5435,-1.5070,-1.21,0.68,28.61,2.78
6744718888185164288,294.0791,-33.8303,-2.4605,-1.7632,-1.37,0.45,28.64,2.35
6744724321316590080,293.7851,-33.8994,-2.2626,-1.2012,-1.56,0.54,30.17,2.99
6744729505344504704,293.7044,-33.7520,-2.4517,-1.2058,-1.72,0.49,27.72,2.21
6744786920464950400,293.8134,-33.4342,-3.0950,-1.8174,-1.70,0.53,23.64,2.46
6744807197010305024,293.5610,-33.2662,-3.2779,-1.9930,-1.33,0.47,26.71,2.23
6744872617951344384,294.6168,-32.9944,-2.7996,-1.5114,-1.53,0.43,26.39,2.27
6744892718398405120,295.0627,-32.8409,-2.2568,-1.7558,-1.33,0.51,27.18,2.55
6744898177300016256,294.7751,-32.8846,-2.5284,-1.5137,-1.93,0.42,29.70,2.42
6744901372755731456,294.6849,-32.8703,-2.9994,-1.8134,-1.18,0.62,24.62,2.47
6744945426237418496,294.1925,-32.6765,-3.0261,-1.8391,-1.85,0.50,25.33,1.99
6744996789751015296,293.4891,-33.1381,-2.7436,-1.5631,-1.65,0.41,24.95,2.70
6745046817527054080,293.5399,-32.7416,-2.7774,-1.4309,-1.41,0.61,26.49,2.34
6745051799689588224,293.5180,-32.6083,-2.4402,-1.3235,-1.45,0.66,27.13,2.51
6745055922856703744,292.9257,-33.0757,-2.3241,-1.3420,-2.27,0.46,28.81,2.27
6745086228147196800,292.7803,-32.6661,-2.5855,-2.2229,-1.50,0.42,25.49,2.09
6745190475592802816,294.3057,-31.9463,-2.2856,-1.6801,-1.64,0.51,26.71,2.46
6745208170859931520,293.7678,-32.1003,-2.5441,-1.5138,-1.44,0.46,29.18,3.09
6745269885242209408,291.1608,-34.0419,-2.1324,-1.1959,-1.72,0.56,28.97,2.60
6745283384327712384,291.2703,-33.7674,-2.5711,-1.6193,-1.66,0.43,25.29,2.26
6745317885802368768,291.6687,-33.4047,-2.2496,-1.5962,-2.03,0.62,26.11,2.91
6745326368357426304,291.3181,-33.4285,-2.2918,-1.5642,-1.88,0.43,29.12,2.36
6745344819541872256,290.7083,-33.5891,-2.3439,-1.3693,-1.21,0.47,27.30,2.19
4162839365953279360,262.2392,-11.9713,-1.8638,-1.1159,-1.70,0.40,23.89,2.05
4162917289535244288,263.2923,-11.4823,-1.5890,-1.4550,-1.45,0.50,23.81,2.14
4076089547807126656,278.1549,-25.8947,-2.5184,-0.8911,-1.57,0.75,28.02,2.74
6044540473342150528,249.5256,-27.7647,-1.5784,-1.1982,-1.68,0.50,40.00,4.70
3408463544774200576,73.7427,19.4927,0.1827,-1.4751,-1.36,0.48,59.25,7.59
3409263950583228288,70.7501,17.4289,0.7020,-1.2330,-1.62,0.51,58.93,6.45
3409278317249646592,70.5246,17.4816,0.0475,-1.4792,-1.49,0.41,43.58,4.19
3409600749032785792,68.9632,18.2551,0.4507,-1.4047,-1.41,0.40,32.34,3.16
3409608269521282432,69.2471,18.3763,0.3189,-0.7604,-1.46,0.40,37.44,3.32
3409796977501727872,71.8834,18.4100,-0.3523,-1.4267,-1.40,0.47,36.60,4.00
3409841473360176000,71.9058,18.7506,0.2736,-1.4387,-1.75,0.42,43.54,4.09
3409923210882996096,71.7655,19.3025,0.2740,-0.8056,-1.84,0.47,36.49,3.49
3410120298342081408,71.5218,19.5178,0.0059,-1.3925,-2.24,0.47,38.60,3.81
3410243546723836672,71.7090,20.0077,0.8166,-1.5119,-1.55,0.52,42.88,4.16
3411196136109813632,69.6220,20.1824,0.4064,-1.2775,-1.52,0.49,51.23,5.46
3411201977265374464,69.6226,20.2925,0.1961,-1.3328,-2.29,0.47,49.15,6.81
3411673942632833664,74.0460,20.7517,0.5650,-0.9278,-1.40,0.44,49.38,5.26
3412064372339250048,74.3562,21.1310,-0.0793,-1.2083,-1.69,0.42,49.77,4.35
3412257130471647872,74.7834,21.8951,0.3396,-1.1244,-1.65,0.45,50.08,6.63
3413190753283240960,73.0012,22.4536,0.3815,-0.9009,-1.87,0.43,41.30,4.46
3413396503691346176,73.3954,23.2530,0.5999,-1.5714,-1.54,0.43,40.21,5.07
4072241115363772416,282.6878,-27.1431,-2.6798,-1.8164,-1.92,0.44,29.49,2.62
4072247166957527552,282.6294,-27.0137,-2.7974,-1.3975,-1.26,0.44,22.19,2.26
4072257470586570112,282.5191,-27.0387,-2.8782,-1.5465,-1.82,0.59,25.28,2.26
4072269981849418240,282.7492,-26.7012,-2.6713,-1.4007,-1.22,0.46,27.63,3.58
4072314679569874432,282.2863,-26.7905,-2.4295,-0.9594,-0.96,0.63,27.78,3.24
4072320799904446720,282.5812,-26.6529,-2.6867,-1.6556,-1.46,0.55,28.02,2.78
4072399037054630400,279.6025,-28.3712,-2.8859,-1.0879,-1.34,0.80,26.54,2.68
6737310348785708288,281.5051,-30.5908,-2.3956,-1.5672,-1.58,0.45,22.34,2.20
6737323126305198592,280.9099,-30.7326,-3.0292,-1.4729,-1.40,0.49,26.20,2.58
6737378930835285888,281.3311,-30.1919,-2.6920,-1.1994,-1.51,0.46,24.21,2.11
6737380026025356544,281.2788,-30.1501,-2.6856,-1.0746,-1.44,0.41,29.14,2.97
6738126353901893376,295.0660,-38.9122,-2.4911,-1.4378,-1.25,0.38,27.19,2.64
6738420065243875840,294.2802,-37.9033,-2.8933,-1.5110,-1.52,0.44,27.79,2.14
6738426795454427648,294.1212,-37.8906,-2.9376,-1.5457,-1.38,0.43,24.48,2.02
6759130943007583360,287.2129,-30.2204,-2.8143,-1.6604,-2.01,0.53,26.80,2.02
6759135512850386048,287.1235,-30.1098,-2.7723,-1.6136,-2.46,0.58,27.44,2.80
6759145928146369920,287.3661,-29.8949,-2.9103,-1.8565,-1.68,0.46,26.23,3.64
6759146095650280192,287.3909,-29.8844,-2.4320,-1.4205,-1.25,0.43,28.52,2.60
6759148775709431040,287.1399,-30.0812,-2.4440,-1.2041,-1.79,0.50,25.88,1.98
6759151112171677184,286.9749,-30.0546,-2.8541,-1.2698,-1.63,0.48,27.23,2.48
6759163485982592128,287.1881,-29.7359,-3.1629,-1.4217,-1.81,0.44,24.40,1.84
6759166505332862592,287.6855,-29.8870,-2.7298,-1.3143,-1.55,0.54,28.62,2.47
6759169322836192384,287.5403,-29.8310,-2.6246,-1.9850,-1.58,0.42,26.93,2.14
6759172861891538048,287.5933,-29.6837,-2.6128,-1.2373,-1.16,0.56,26.98,3.06
6759173480360129536,287.7474,-29.7547,-2.9961,-1.2441,-1.56,0.42,25.67,2.00
6759184028805449216,287.4747,-29.7151,-2.4616,-1.4863,-1.21,0.53,27.05,2.58
6759184853439309440,287.5031,-29.6488,-2.5128,-1.5655,-2.20,0.44,26.01,3.07
6759190316637876864,287.3899,-29.5341,-2.9976,-1.4101,-1.32,0.50,24.73,2.16
6759195264440207488,287.4765,-29.5287,-2.3960,-1.4865,-2.09,0.57,27.02,2.78
6759199044012505344,287.5998,-29.3544,-2.2954,-1.1537,-1.48,0.74,28.50,2.51
6759202759150456448,288.3313,-29.8419,-2.7393,-1.5498,-1.52,0.49,26.95,2.22
6759203167172532864,288.3217,-29.7965,-2.9005,-1.5049,-1.71,0.47,26.88,2.34
6759203893021866368,288.2183,-29.8782,-2.8606,-1.4783,-1.64,0.45,27.40,2.54
6759210455741685376,288.5503,-29.7113,-2.8519,-1.4087,-1.78,0.50,28.38,2.27
6759232682190154624,288.2398,-29.4432,-2.4359,-1.6889,-0.86,0.73,25.34,2.42
6759248109713169664,288.6992,-29.3460,-2.4538,-1.5100,-2.06,0.49,28.23,2.59
6759251854925315200,288.7810,-29.1926,-2.7754,-1.4845,-2.21,0.43,26.92,2.25
6759253194954336000,288.5006,-29.3677,-2.6846,-1.5486,-1.68,0.56,24.24,2.50
6759253504191785344,288.3886,-29.4084,-2.4816,-1.4684,-1.36,0.45,27.02,2.27
6759257047547225984,288.3623,-29.3202,-2.3133,-1.3902,-1.69,0.56,30.22,3.22
6759268454973568384,288.6543,-29.0500,-2.6716,-1.4480,-1.69,0.43,25.43,2.02
6759271994023952000,288.0066,-29.5388,-2.4992,-1.4832,-1.66,0.46,24.00,2.14
6759276353417483392,287.9441,-29.4689,-2.3465,-1.4797,-1.13,0.49,28.31,2.16
6759281850976305664,288.1578,-29.3336,-2.2988,-1.7009,-1.64,0.55,27.60,2.51
6759309995904204672,288.2605,-29.1490,-2.8149,-1.5588,-1.87,0.41,29.41,2.61
6759330366930275968,288.0936,-28.8800,-2.7766,-1.4561,-1.60,0.47,27.05,2.17
6759339678419698048,288.3052,-28.6816,-2.6561,-1.7672,-1.56,0.40,27.13,2.57
6759349677097829120,289.9288,-29.7305,-2.6514,-1.4982,-1.09,0.52,28.39,2.43
6759352464538754304,289.8878,-29.6628,-2.5840,-1.5786,-2.27,0.72,26.67,2.70
6759354831058836864,289.7431,-29.6354,-2.9673,-1.4923,-1.81,0.44,26.14,2.28
6759354968497775232,289.7853,-29.6388,-2.8039,-1.5109,-1.73,0.74,27.32,2.41
6759355621332854016,289.8876,-29.6172,-2.5918,-1.9528,-1.85,0.48,25.24,2.05
6759361672947851392,289.6190,-29.6313,-2.3390,-1.5757,-1.77,0.45,27.41,2.22
6759412933378223488,289.4066,-29.5357,-2.6334,-1.8604,-1.19,0.57,23.33,2.65
6759420531179709824,289.5026,-29.4072,-2.8551,-1.4808,-0.41,0.76,28.12,2.70
6759421493252768128,289.6127,-29.3769,-2.2871,-1.3701,-1.67,0.44,28.18,2.71
6759422347947012992,289.6100,-29.3042,-2.3648,-1.4113,-1.64,0.48,27.85,2.29
6759430078887273728,289.1319,-29.3490,-2.4775,-1.0771,-1.75,0.49,24.25,2.23
6759439463396123904,289.4247,-29.1679,-2.7145,-1.3092,-1.67,0.43,26.24,2.37
6759443822784195200,289.3072,-29.0921,-2.6044,-1.6350,-1.14,0.66,27.88,2.24
6759458052014451328,289.8938,-28.9648,-2.7156,-1.6970,-1.32,0.42,26.79,2.74
6759467015608090496,289.5422,-28.9517,-2.2581,-1.1978,-1.60,0.78,30.98,3.19
6759470314143086848,289.4996,-28.9089,-2.7716,-1.5867,-1.87,0.51,27.55,2.79
6759494026652800896,290.4762,-29.0502,-2.4759,-1.6556,-2.03,0.49,27.56,2.30
6759557072481632128,289.8839,-28.7899,-2.2566,-1.3595,-1.41,0.60,27.11,2.30
6759567998879204864,290.1515,-28.5445,-2.3667,-1.4672,-1.69,0.44,26.76,2.63
6759570300981125632,289.8121,-28.7027,-2.9554,-1.5683,-1.55,0.48,25.67,2.70
6759581124299645696,290.1046,-28.4415,-2.6691,-1.5120,-1.25,0.48,28.20,2.06
6759586828015748096,290.4005,-28.5629,-2.4847,-1.5402,-1.60,0.52,29.92,2.91
6759597239014299776,290.5678,-28.3182,-3.0272,-1.8146,-1.95,0.39,23.60,2.30
6759609608520158336,290.1059,-28.3105,-2.4947,-1.6303,-1.68,0.44,27.36,2.27
6759634416251427968,289.2564,-28.9220,-2.6165,-1.3582,-1.67,0.50,25.87,2.31
6759638779938306176,289.1935,-28.8380,-2.5574,-1.6305,-1.71,0.43,28.77,2.51
6759643590299949440,288.7323,-29.0297,-2.8016,-1.6990,-1.42,0.48,26.35,2.04
6759655375691051008,289.0072,-28.7199,-2.6179,-1.4037,-2.14,0.45,30.69,2.92
6759661182487684864,289.2623,-28.8635,-2.8282,-2.0797,-1.52,0.47,26.23,2.10
6759669806782617600,289.6021,-28.5735,-2.5206,-1.9459,-1.41,0.49,28.93,2.67
6759696130642412160,288.6831,-28.7574,-2.8721,-1.6863,-1.40,0.63,23.30,2.24
6759706502984515968,288.6567,-28.6422,-2.8172,-1.7473,-1.56,0.45,26.73,2.20
6759708770727488768,288.7363,-28.5442,-2.6354,-1.9731,-1.54,0.41,27.18,2.31
6759710591793305472,288.5061,-28.6793,-2.5651,-1.6242,-0.75,0.51,26.58,2.62
6759757389756655872,289.0910,-28.0985,-2.7067,-1.8221,-1.86,0.42,26.44,2.53
6759788073000459520,289.4634,-28.1829,-2.7031,-1.5816,-1.60,0.36,28.12,2.78
6759792333608263424,289.6926,-28.1211,-2.5888,-1.6388,-1.64,0.45,27.19,2.77
6759792642846034560,289.7766,-28.0908,-2.3142,-1.5290,-2.64,0.55,26.46,2.35
6759796078820125184,289.7631,-28.0264,-2.5417,-1.2561,-1.25,0.43,27.58,2.28
6759802641529772160,290.0081,-28.1183,-2.4070,-1.2915,-1.17,0.68,26.61,2.42
6759802989420645760,289.9007,-28.1557,-2.7014,-1.9389,-1.60,0.53,26.59,2.31
6759803225645357568,289.9331,-28.1107,-2.7250,-1.6633,-1.08,0.54,27.39,3.12
6759805802623600768,290.0244,-28.0134,-2.7422,-2.0136,-1.64,0.41,28.51,3.20
6759844148091745920,289.5857,-27.9780,-2.5484,-1.5921,-1.57,0.44,28.92,2.61
6759866516285938944,289.3688,-27.6997,-3.0743,-1.8848,-1.45,0.55,23.96,2.24
6759904930474448896,284.0879,-32.6562,-2.6674,-1.5336,-1.68,0.52,24.90,2.25
6759911939861109760,284.2429,-32.5906,-2.6422,-1.5754,-1.51,0.44,27.30,2.63
6759913799595444864,284.2325,-32.4913,-2.5571,-1.0974,-1.92,0.47,27.39,2.62
6759923725250919296,283.9885,-32.4413,-2.1469,-1.4539,-1.66,0.61,28.41,2.38
6759933212847905792,284.0880,-32.2465,-2.7378,-1.3662,-1.40,0.43,27.12,2.16
6759937744020576512,284.0510,-32.1571,-3.0636,-1.5494,-2.15,0.51,25.83,2.54
6759955473644247936,284.6001,-31.9630,-2.5045,-1.3575,-2.22,0.46,30.14,2.71
6759960322682533248,284.1534,-32.1391,-2.8603,-1.6079,-1.53,0.45,25.69,2.09
6759961692760524416,284.0855,-32.0710,-2.6809,-1.2214,-1.80,0.45,28.95,2.36
6759965442283419648,284.4381,-32.0126,-3.1345,-1.6277,-1.53,0.63,24.34,2.40
6759988218477363456,283.7491,-32.0555,-2.7358,-1.4864,-1.32,0.57,24.76,2.79
6759988257153295616,283.7985,-32.0701,-2.6869,-1.3740,-2.11,0.47,28.28,2.66
6759988424637036032,283.8390,-32.0455,-2.8294,-1.7727,-1.56,0.48,27.98,2.47
6759988463309332736,283.8071,-32.0464,-2.3574,-1.0703,-1.51,0.51,28.00,2.19
6759992960120146816,283.5292,-32.1350,-2.3458,-1.4812,-1.69,0.47,25.45,2.43
6759996808418055552,283.3966,-32.0934,-2.6765,-1.3325,-1.23,0.47,29.31,2.56
6759997907929978112,283.5252,-32.0393,-2.3726,-1.3962,-1.78,0.56,27.04,2.89
6760001446977998848,283.7075,-31.9924,-2.7895,-1.6081,-1.33,0.51,23.17,2.82
6760009968193079296,283.9955,-32.0052,-2.4797,-1.2598,-0.70,0.86,27.10,2.34
6760011273861985280,284.1429,-31.9315,-2.7970,-0.9574,-1.29,0.52,26.41,2.11
6760011342580247552,284.1938,-31.9497,-2.8267,-1.4066,0.62,0.71,25.75,2.42
6760011445671173760,284.1947,-31.9153,-2.2138,-1.6774,-2.17,0.66,26.50,2.86
6760028797330166144,283.9708,-31.7668,-2.3929,-1.1740,-1.60,0.53,26.96,2.41
6760034535406656640,283.8826,-31.6171,-2.5985,-1.2499,-1.77,0.76,29.64,3.27
6760040788879079552,283.9131,-31.5600,-2.4777,-1.5608,-1.20,0.44,29.89,2.41
4377855324387262720,252.0012,-3.7585,-1.1285,-1.1178,-1.50,0.43,25.35,2.14
4378068797146382976,254.5323,-3.3911,-1.4015,-1.2901,-1.54,0.37,23.27,2.04
4127336582160102784,252.7978,-20.5111,-2.2575,-1.0748,-1.56,0.43,31.30,3.26
4127378737262751488,252.2923,-20.5923,-2.0207,-0.2563,-1.33,0.45,39.21,3.69
6568099151389426560,333.1475,-43.7885,-1.9450,-2.7347,-1.86,0.43,25.86,1.99
6569302635586548736,336.4341,-41.6429,-2.5529,-2.5908,-1.74,0.39,20.92,1.60
6569915510239248640,332.6830,-42.2985,-3.0789,-2.7774,-1.61,0.41,19.07,1.41
6570271202251028480,334.6215,-40.9912,-2.3765,-2.4601,-1.77,0.40,22.42,1.81
6570641252336476800,334.7410,-39.6302,-2.9037,-2.7779,-1.82,0.40,19.09,1.50
6573583618468240128,333.4142,-39.7001,-2.7490,-2.5855,-1.60,0.39,21.69,1.83
6769090869085683200,290.6423,-26.1574,-2.1712,-1.5804,-1.37,0.48,28.14,2.52
6769141824579309952,290.0140,-25.9582,-2.8763,-1.7565,-1.95,0.43,24.56,1.95
6769215526215018112,288.7472,-26.2389,-2.6854,-1.7770,-2.27,0.60,25.35,2.51
6034045527489319168,251.2634,-27.1383,-2.1658,-1.0326,-1.45,0.42,41.05,3.75
4047663804976311168,277.2348,-30.7738,-2.3166,-1.1280,-1.48,0.41,33.20,4.10
6208957417776931456,235.8154,-30.1209,-1.4437,-0.8544,-1.33,0.41,23.33,1.84
6209653511715016704,231.3648,-30.0550,-1.3781,-1.1249,-1.32,0.46,26.44,2.42
4341639021979313664,242.5842,-13.4430,-1.4285,-0.4421,-1.36,0.46,38.01,3.23
4341684342473435648,242.3755,-13.3787,-0.7433,-0.6679,-0.78,0.45,38.06,4.08
4341767183803274496,241.3273,-13.5293,-1.1421,-0.7903,-1.54,0.40,41.60,3.83
4341808827806511488,241.2820,-13.2941,-0.9271,-0.6697,-1.80,0.46,42.65,3.47
4341850609247571840,240.9250,-13.1445,-1.3475,-1.2389,-1.28,0.47,23.66,2.04
4341995401185680000,241.4024,-12.4483,-1.2784,-0.4947,-1.78,0.41,43.89,3.65
4342123636027375744,242.8242,-12.6536,-1.5206,-0.1375,-1.93,0.46,41.00,5.13
4342248327514582528,243.6979,-12.1290,-1.1889,-0.6997,-1.40,0.65,33.15,4.09
4342391603329046912,242.2662,-12.1381,-1.6707,-0.2415,-1.14,0.53,41.34,3.63
4342420706027844736,242.6507,-11.9543,-0.8898,-0.7138,-1.80,0.54,37.28,3.14
4342461697194305664,243.1987,-11.8195,-0.8737,-0.8555,-1.52,0.52,45.84,4.34
4342480423251946496,243.1333,-11.6292,-1.5801,-0.7201,-1.80,0.50,43.33,4.37
4342530420969852672,242.8470,-11.5837,-1.1958,-0.2642,-1.72,0.48,41.48,3.63
4342633805123991552,240.8993,-12.8125,-0.9795,-0.5508,-1.17,0.47,43.35,3.54
4342680362569756288,240.2347,-12.6411,-1.0000,-0.5505,-2.08,0.44,41.76,3.75
4342820069266797440,241.0659,-11.9792,-0.8874,-0.2639,-1.99,0.46,33.13,3.05
4342882810148017792,239.7402,-12.4626,-1.2163,-0.8694,-1.26,0.51,46.26,4.23
4342948437248177920,239.4589,-12.2658,-1.8515,-0.6209,-1.78,0.43,40.89,4.19
4343081516817163136,240.8472,-11.3157,-1.6741,-0.9033,-1.15,0.46,39.64,4.12
4343088182600180608,240.8230,-11.1489,-1.3247,-0.3691,-1.24,0.48,47.37,3.73
4343111233688817152,239.9345,-11.4160,-1.0669,-0.7475,-2.16,0.40,42.59,4.24
4343354122679653504,242.7471,-10.8603,-0.8260,-0.8124,-2.22,0.45,48.89,4.37
4343440228184840832,242.5844,-10.2287,-1.4011,-0.4164,-1.06,0.70,41.73,4.16
59362735863246976,49.9252,19.6557,-0.0282,-2.0696,-0.99,0.47,27.21,3.22
61416279986533376,52.1951,21.3356,-0.7368,-1.3852,-1.76,0.45,38.31,3.60
61705245386151808,51.7230,22.1026,0.2202,-1.5412,-1.53,0.45,32.51,2.81
61731805464044288,50.8219,21.9363,0.1962,-1.6995,-1.39,0.42,27.68,2.28
63538887183656320,56.5036,21.5077,0.4126,-1.2828,-1.50,0.43,44.23,4.47
63930038445684864,57.3151,21.7136,-0.0197,-1.6018,-1.45,0.57,36.75,4.70
64086959371441024,58.2036,22.7408,0.1709,-1.5095,-1.81,0.38,40.31,3.59
65060645636483200,55.7805,23.1213,-0.1861,-1.5913,-1.82,0.42,27.85,2.68
65401219363780352,58.7831,22.7753,-0.0484,-1.2974,-1.33,0.63,52.33,4.92
65429703586051584,58.9752,23.0675,-0.1755,-1.4957,-1.51,0.39,46.91,4.92
65782543740452224,59.1931,23.9732,0.4307,-1.4049,-1.66,0.43,40.69,3.70
65867446653686912,60.5552,23.4292,0.4248,-0.7739,-1.65,0.42,39.35,3.68
66580308145378304,58.6161,24.2780,0.5799,-1.4201,-1.86,0.40,35.29,3.10
67178584205222400,60.4092,25.9232,0.0563,-1.3936,-1.66,0.40,32.94,3.25
69173094002060416,51.7145,25.0229,0.4246,-1.4866,-2.10,0.44,33.20,3.08
4047572919145201152,279.5062,-29.1103,-2.7410,-1.0963,-1.20,0.63,24.96,2.69
4047599444894816512,279.6440,-28.9373,-2.8386,-1.5545,-1.32,0.53,26.80,2.47
3456923007937769600,89.0139,37.5464,0.5682,-1.0909,-2.50,0.45,27.84,3.78
4072474319218688896,279.1987,-27.9123,-2.6374,-1.0778,-1.39,0.63,26.19,2.40
5122668589849698432,29.8745,-23.0145,-0.8802,-3.3410,-1.81,0.46,17.86,1.68
5124843698727778304,33.1489,-20.9428,-0.3582,-2.7300,-1.51,0.47,23.32,2.25
5129799536936117376,37.3528,-20.7250,-0.4011,-2.3177,-1.40,0.42,26.99,2.07
6520818261613651328,339.1095,-43.6519,-2.1976,-2.6084,-1.74,0.41,24.07,1.88
6032571185480718464,250.3246,-27.3478,-2.1989,-0.3270,-1.84,0.49,42.53,4.42
6826728161964351872,329.9062,-16.7321,-2.3558,-2.7433,-1.99,0.45,22.35,1.83
6829210378183394176,321.1344,-21.2222,-2.3826,-2.5788,-1.67,0.50,26.46,2.49
6832161467392550656,318.7694,-20.6708,-2.5415,-2.8003,-1.39,0.55,23.27,2.19
6014883960389358208,236.0294,-34.3242,-1.6154,-0.3035,-1.25,0.44,37.29,3.26
6027977773829380224,253.5504,-30.6388,-1.2800,-0.8392,-1.36,0.49,32.70,2.93
2568539224970616960,25.8577,7.1030,-0.3545,-2.1239,-1.18,0.82,23.81,2.85
2568763009946743424,27.8343,7.4548,-0.3505,-2.7565,-1.93,0.47,23.01,1.99
2570187599059332992,31.9058,9.3709,-0.5164,-2.4077,-2.60,0.41,25.03,2.33
2570323560543900032,32.3820,10.1651,-0.1274,-2.4402,-1.38,0.50,22.17,1.86
2570721618112938496,29.0147,9.2584,-0.2909,-2.0902,-1.95,0.43,26.48,2.66
2571046931820541696,31.1032,10.1377,-0.0170,-2.6332,-1.82,0.41,23.96,2.22
2572002892756857984,25.0840,8.7337,-0.8038,-2.8605,-1.21,0.48,20.13,1.89
2572750728166721920,24.2492,9.2191,-0.6965,-3.0955,-1.62,0.46,19.43,1.70
2573549179767467392,24.2773,10.5145,-0.4220,-2.3919,-1.19,0.45,25.28,2.43
2595613908530537088,335.3516,-16.5793,-2.4266,-3.2062,-1.93,0.46,21.94,1.91
6576162518694216960,322.1480,-44.8579,-2.3746,-2.8871,-2.23,0.46,21.89,1.68
6582783678934530048,323.1320,-38.3776,-2.9490,-2.5560,-1.50,0.39,20.91,1.65
6584516367524480384,326.9831,-39.9461,-3.0468,-2.7331,-1.62,0.44,20.54,1.53
3960517711624629632,188.8771,25.6580,-1.6809,-0.9947,-1.53,0.38,34.62,3.03
3960986069218212608,191.5871,25.5804,-1.3635,-0.7138,-1.74,0.48,46.86,3.97
3964037557582408064,169.2616,11.8000,-1.3649,-1.1211,-1.33,0.47,31.34,3.68
3965654664309398656,171.6663,13.3074,-1.6923,-1.2054,-1.46,0.51,29.32,2.31
3966223043101189120,173.4340,14.6447,-1.3708,-1.4167,-2.06,0.60,34.79,3.34
3971528495942918272,167.4503,17.5386,-1.5560,-1.0864,-2.36,0.68,31.29,3.23
3972280802414520448,174.3519,15.1354,-1.7241,-0.7453,-1.70,0.40,30.43,2.62
3972667078888723840,174.7548,16.6038,-1.3296,-0.5329,-1.65,0.42,51.56,5.12
3973448007022160512,173.5897,16.5493,-1.5970,-0.9942,-1.42,0.50,28.18,3.31
3976448295080886528,177.0795,20.8210,-1.5805,-1.1593,-1.66,0.48,30.56,2.56
3976487813075577600,176.0823,20.7352,-1.1929,-0.6135,-1.89,0.50,54.44,5.57
3976657064851741312,177.3367,21.6831,-1.6102,-0.5319,-2.30,0.49,34.72,3.80
3977945353177057920,170.8814,18.8863,-1.5430,-1.4746,-1.59,0.50,26.10,2.30
3978051456049046144,170.9221,19.5557,-1.6191,-1.5065,-1.35,0.78,28.43,3.00
3978517408460916096,172.4845,20.3120,-1.8324,-1.0972,-2.02,0.44,30.72,2.92
3980394373593795456,172.5334,22.0518,-1.7281,-1.1905,-2.58,0.70,30.57,3.24
3981328344297306752,163.6978,15.2309,-2.2546,-1.5198,-1.81,0.40,24.57,2.03
3983340068323603968,163.7963,18.8466,-1.5275,-1.0488,-1.50,0.54,31.06,2.74
3984378935013190272,166.3873,19.6441,-1.7597,-1.0638,-2.16,0.68,22.17,2.60
3988979261599622912,164.7935,22.6816,-1.7937,-1.4642,-2.59,0.48,26.37,2.11
3989188271888175872,161.5451,21.6447,-1.7921,-1.4498,-1.76,0.44,25.60,2.26
3990313789542608128,168.5107,20.3355,-1.6254,-1.2946,-1.63,0.53,27.15,2.84
3992717807292506112,172.3621,23.8537,-1.4702,-1.2381,-0.98,0.65,26.87,2.69
6257977906749234304,231.0472,-18.1819,-1.5389,-0.4187,-1.31,0.44,41.18,4.60
6258116552590001024,229.8072,-18.1608,-1.2160,-0.3029,-1.73,0.47,52.52,5.18
6258477261129154944,232.6544,-17.2162,-1.2014,-0.6983,-1.79,0.57,44.00,4.00
6258865766687052288,231.7072,-16.0318,-1.1858,-0.5378,-1.61,0.71,47.65,6.36
6259140880814685952,230.0460,-16.5380,-1.2329,0.0009,-2.03,0.77,44.51,5.02
6259298557653290112,228.5673,-16.4005,-1.0350,-0.3795,-1.75,0.47,48.74,5.06
6259994411075433472,230.4273,-14.6717,-1.7069,-0.9764,-1.34,0.51,44.55,4.96
6260048836899963904,236.7136,-18.9278,-1.5299,-0.9866,-1.77,0.47,42.79,4.55
6260153397883595008,237.1121,-18.6361,-1.3371,-0.5572,-1.65,0.45,41.59,4.51
6260426244266101120,236.2914,-18.1655,-1.4363,-0.6129,-1.38,0.63,39.97,3.96
6260709063572802816,238.3762,-17.4563,-1.3599,-0.6853,-1.58,0.49,46.58,4.10
6260847258438174336,238.3299,-16.3989,-0.9525,-1.0688,-1.27,0.46,46.46,4.12
6260857596421637120,237.1389,-17.3425,-1.4468,-0.7889,-1.70,0.45,48.77,4.54
6260859073890406144,237.2414,-17.3099,-1.9651,-0.6038,-1.43,0.49,42.52,4.10
6260862647303232640,237.0059,-17.2553,-1.2830,-0.2500,-1.40,0.53,44.33,5.12
6260912881240468992,237.3486,-16.8130,-1.6438,-0.5997,-1.36,0.44,41.23,3.54
6260916768190664704,237.3758,-16.7310,-1.2607,-0.6064,-1.68,0.44,40.06,3.42
6261028746579961088,237.9262,-16.5033,-1.7598,-0.4995,-1.74,0.41,42.06,4.03
6261049671660788352,237.8351,-16.2411,-1.4529,-0.6867,-1.46,0.43,40.82,3.49
6261066576652129280,237.3421,-16.4012,-1.4762,-1.0654,-1.44,0.45,45.92,3.72
6261102894895661696,237.6628,-16.0447,-1.7365,-0.4101,-1.35,0.40,42.94,3.61
6261288742419108736,235.4004,-17.3225,-1.5515,-0.8486,-1.63,0.47,38.73,3.24
6261313893748455936,235.8684,-16.9991,-1.0474,-0.7471,-1.34,0.50,45.56,4.50
6261457964130813440,234.7789,-16.9480,-1.0850,-0.4880,-1.71,0.57,45.34,4.68
6261519742940828160,234.1922,-16.8281,-1.1065,-1.0009,-1.52,0.45,43.02,5.03
6261625025478811520,234.6144,-16.4959,-1.4693,-0.6724,-1.51,0.42,43.14,3.85
6261736312370928640,236.7798,-16.4773,-1.5981,-0.7122,-1.56,0.49,57.44,5.98
6261752633247305728,236.4434,-16.2453,-1.8448,-0.5481,-1.38,0.49,47.02,4.94
6261767064336908544,235.9781,-16.4238,-0.7686,-0.6417,-1.81,0.45,46.90,4.28
6261816370562300672,236.0925,-16.1028,-1.5356,-0.7530,-1.58,0.50,41.20,3.81
6261817543092295552,236.0675,-16.0539,-1.2114,-1.0373,-2.02,0.41,42.16,4.11
6261870624588101248,237.4167,-15.9059,-0.9867,-0.4348,-2.14,0.39,42.34,3.77
6262003871654016256,235.5637,-15.8552,-1.4972,-0.3768,-1.42,0.66,47.45,4.77
6262018062225348992,236.0442,-15.8391,-1.2872,-0.8407,-1.57,0.45,45.45,4.47
6262062214489840384,235.0271,-15.8050,-1.5116,-0.4918,-2.50,0.41,49.74,4.82
6262172513549949952,236.4091,-15.0855,-0.9000,-0.8150,-1.23,0.67,47.54,4.23
6262475218545670144,239.6085,-15.8517,-1.5044,-0.0546,-1.52,0.47,53.00,5.12
6262768169674104704,238.6214,-15.1117,-1.7308,-0.5469,-1.70,0.40,46.39,4.18
6262851801278192640,240.5239,-15.1839,-1.4134,-0.5142,-1.54,0.57,49.26,4.02
6262873894588796672,240.7994,-15.0967,-1.2339,-0.8008,-1.76,0.40,38.68,3.81
4348753343247868288,241.8991,-7.7552,-1.3897,-0.7813,-1.57,0.40,52.17,5.47
4348924867061452160,243.2201,-7.3738,-0.6631,-0.5187,-2.06,0.51,56.21,5.64
4349824233212404096,240.9974,-6.5480,-1.4221,0.0319,-1.83,0.44,43.68,3.74
4349836568359321600,240.7372,-6.5031,-1.4798,-0.9036,-1.65,0.42,74.93,7.91
4349938135745185920,241.6210,-6.8452,-1.2714,-0.6207,-1.76,0.44,47.03,4.01
4350159240662842624,242.2646,-5.7590,-1.5815,-0.3127,-1.61,0.42,47.03,4.28
4350197998446314368,241.2780,-6.4885,-0.8712,-0.3577,-1.50,0.51,45.44,4.30
4350364368299613312,241.8107,-5.5905,-1.3131,-0.9544,-1.78,0.49,59.03,6.81
4350390619140375296,242.0341,-5.4413,-0.8190,-0.2422,-1.47,0.42,51.45,4.79
4350413300867745280,241.4155,-5.4763,-1.1378,-0.6278,-1.80,0.43,44.15,4.15
4350423054733554048,241.7596,-5.2963,-1.3141,-0.7191,-1.98,0.63,46.05,4.71
4350453772339921408,242.2223,-5.0766,-1.6380,-0.7294,-1.71,0.41,43.29,3.78
4350753767216378752,248.2967,-7.9227,-1.3816,-1.2187,-1.69,0.41,27.38,2.27
4350757001328590464,248.1971,-7.8748,-1.3120,-1.3227,-1.68,0.40,27.18,2.16
4350843617931140736,246.5083,-8.3723,-1.2499,-0.6113,-2.20,0.55,45.06,4.57
4350844442564952704,246.5286,-8.3222,-1.3169,-0.6168,-1.62,0.48,40.74,3.62
4351335378803262720,248.2892,-7.4923,-1.8045,-0.8531,-2.27,0.43,16.11,1.25
4351363790011170688,248.5215,-7.2958,-1.3010,-0.6243,-2.08,0.37,45.65,4.23
4351760919865724928,246.9702,-7.3907,-1.4954,-0.2790,-1.68,0.50,42.12,4.79
4352305727878635648,247.4587,-6.0835,-1.1556,-0.7526,-1.64,0.44,57.78,5.51
4353309032237548288,251.8972,-5.5925,-1.3278,-1.4269,-1.61,0.41,27.84,2.39
6756482460014683904,287.8846,-32.0305,-2.5518,-1.6026,-0.90,0.56,24.02,2.43
6756491157319775104,288.3387,-31.9792,-2.8243,-1.6995,-2.26,0.69,26.23,3.03
6756520328738786688,288.3082,-31.5381,-2.3165,-1.1568,-1.34,0.53,28.37,2.67
6756533419806679296,285.4009,-33.9485,-2.8037,-1.1533,-1.76,0.54,22.62,2.23
6756574269244606208,285.9506,-33.5408,-2.5681,-1.4521,-1.83,0.60,25.73,2.41
6756578804721638912,285.7110,-33.6190,-2.4119,-1.2924,-1.53,0.41,27.18,2.21
6756580041672506752,285.6312,-33.5663,-2.5589,-1.2777,-1.50,0.65,26.80,2.46
6756580045963291136,285.6139,-33.5680,-2.6310,-1.6601,-1.42,0.56,26.67,2.30
6756581145484704640,285.7467,-33.5236,-2.6035,-1.4456,-1.49,0.47,25.34,2.12
6756587669530980864,285.8801,-33.4147,-2.2962,-1.2831,-1.50,0.49,25.72,2.06
6756590899346862080,285.9378,-33.2951,-2.9111,-1.2408,-1.25,0.51,26.13,2.23
6756593957363657344,285.8331,-33.2653,-2.7182,-1.4129,-1.35,0.49,26.11,2.17
6756610381315920768,285.1397,-33.5052,-3.0646,-1.1588,-1.68,0.68,26.08,2.40
6756629485331846912,285.1815,-33.2236,-2.6185,-1.2190,-1.55,0.95,27.12,2.81
6756636803954927360,285.3349,-33.3255,-2.6682,-1.3661,-1.37,0.67,27.91,2.56
6756650620875852160,285.2829,-33.1664,-2.9083,-1.8114,-1.71,0.53,25.98,2.19
6756663707631609856,285.3575,-32.9200,-2.2985,-1.1217,-1.74,0.39,27.22,2.33
6756665459978309632,285.4115,-32.8712,-2.4696,-1.2564,-1.42,0.48,27.19,3.01
6756668930313345664,286.3031,-33.3333,-2.5144,-1.1173,-1.48,0.54,28.23,2.29
6756696280667039232,286.2210,-32.9454,-2.8421,-1.4331,-1.67,0.40,24.66,2.31
6756708547088137600,286.5810,-32.8962,-2.4103,-1.2545,-1.50,0.37,24.73,2.50
6756708856325845632,286.5786,-32.8685,-2.5183,-1.7112,-1.56,0.52,28.20,2.34
6756720229404789632,286.2759,-32.8996,-2.5167,-1.6655,-1.78,0.71,27.46,2.76
6756744594759934592,285.7850,-32.8707,-2.7243,-1.3786,-1.51,0.49,25.08,2.27
6756746514604681600,285.9842,-32.8787,-2.4950,-1.3134,-1.41,0.51,28.58,2.32
6756749675700101120,285.9262,-32.8672,-2.8219,-1.4758,-1.59,0.43,24.72,2.87
6756763389539896704,285.8659,-32.7340,-2.8521,-1.4477,-1.38,0.54,26.98,2.31
6756772078249582464,286.1784,-32.7253,-2.8699,-1.2545,-1.81,0.49,27.49,2.59
6756772971603510656,286.1508,-32.6988,-2.6985,-1.3488,-2.33,0.53,26.58,2.32
6756778164219072256,286.0654,-32.5555,-2.9079,-1.3953,-2.10,0.63,29.96,2.87
6756789017603496320,286.3180,-32.3043,-2.6404,-1.5660,-1.64,0.43,25.19,2.60
6756817467458536064,284.9515,-33.1996,-2.5329,-1.4810,-0.75,0.63,26.44,2.66
6756825404564360832,284.6492,-33.2160,-2.7372,-1.3186,-2.39,0.43,27.12,2.34
6756828393855719168,284.6988,-33.1205,-2.4410,-1.2976,-1.42,0.44,28.60,2.96
6756839904368858240,284.7604,-32.9358,-2.5901,-1.2346,-1.84,0.82,27.62,2.50
6756871687126572288,285.1606,-32.6618,-2.9484,-1.7347,-1.97,0.50,26.91,2.50
6756876467439331200,285.0507,-32.5267,-3.0508,-1.1165,-2.45,0.54,23.07,2.36
6756900068284734592,284.1674,-32.7986,-2.4292,-1.2692,-1.82,0.58,27.73,2.52
6756905295260837376,284.4135,-32.6864,-2.7598,-1.7643,-1.64,0.60,28.37,2.28
6756907116327207296,284.4810,-32.6085,-2.1633,-1.1380,-1.30,0.72,28.87,3.45
6756924811580161280,284.9491,-32.4491,-2.8625,-1.2355,-1.87,0.59,27.11,2.44
6756928041408453760,284.9218,-32.4179,-2.9066,-1.0233,-1.21,0.48,26.16,2.20
6756934496732741632,284.5214,-32.4906,-2.7137,-0.9234,-1.56,0.53,27.09,2.23
6756938521129077120,284.5855,-32.3076,-2.7026,-1.4319,-1.37,0.52,27.04,2.37
6756956109024545792,285.4589,-32.4820,-2.6265,-1.3756,-2.05,0.45,24.78,2.33
6756960030323664896,285.6669,-32.4276,-2.7058,-1.3018,-0.82,0.58,24.26,2.35
6756960786237358464,285.5618,-32.5075,-2.5683,-1.2570,-1.68,0.84,25.49,2.67
6756968620242681856,285.3755,-32.4469,-2.4880,-1.1234,-1.19,0.54,27.25,2.83
6756976351199251840,285.5725,-32.3159,-2.3214,-1.0876,-1.61,0.50,28.56,2.69
6756981741372815232,285.4219,-32.1966,-2.7633,-1.6319,-1.50,0.46,25.04,2.14
6756983429291895552,285.8825,-32.3613,-2.4872,-1.2921,-1.65,0.49,30.25,3.29
6756997924825204480,285.8796,-32.0475,-2.4552,-1.2248,-1.24,0.55,28.00,2.95
6757014834107436544,285.6920,-31.9142,-2.7500,-1.6104,-1.50,0.52,28.42,2.48
6757021568616709632,285.1296,-32.2611,-2.9190,-1.6025,-1.74,0.44,25.49,2.11
6757022461953151872,285.0424,-32.3232,-2.3210,-1.5062,-1.26,0.57,24.73,2.43
6757044654054493184,285.0914,-32.0456,-2.4754,-1.2506,-1.57,0.48,30.59,2.99
6757045856642561408,285.0774,-31.9834,-2.6296,-1.5740,-1.31,0.53,24.20,2.10
6757046067094706944,285.1245,-31.9666,-2.6492,-1.5519,-1.77,0.56,25.96,2.51
6757048605425224704,285.2083,-31.8504,-2.4408,-1.3848,-1.49,0.62,26.80,2.37
6757054176009443712,285.5080,-31.9654,-2.2554,-1.2217,-2.11,0.48,28.07,2.42
6757062246241335936,285.6068,-31.8674,-2.6681,-1.4238,-1.50,0.45,27.20,2.18
6757073481885876352,285.4399,-31.7621,-2.8075,-1.4030,-1.62,0.41,26.27,2.42
6757080456903177984,285.5135,-31.6423,-2.8589,-1.5910,-1.27,0.59,23.75,2.44
6757082076117327360,285.5318,-31.5965,-3.1024,-1.8963,-1.86,0.82,25.64,2.51
6757082797671844992,285.5218,-31.5963,-2.3141,-1.4512,-1.14,0.63,26.89,2.47
6757084202108754560,285.3642,-31.6057,-2.9155,-1.6325,-1.50,0.40,25.13,2.33
6757084889303585536,285.4344,-31.5349,-3.0194,-1.1341,-1.87,0.52,24.90,2.47
6757097847230539136,287.1035,-32.5343,-2.3203,-1.3321,-1.82,0.54,29.52,2.35
6757099049821476096,287.0377,-32.4787,-2.7833,-1.3471,-1.77,0.62,27.01,2.59
6757106437165388160,286.7457,-32.5595,-2.5423,-1.1776,-1.51,0.43,25.02,2.44
6757111144449706752,286.6508,-32.4437,-2.8861,-1.3588,-1.34,0.58,22.55,2.85
6757116775140760448,286.8815,-32.2907,-2.9034,-1.4343,-1.29,0.66,25.55,2.43
6757120765176485504,286.7940,-32.2433,-2.6584,-1.5745,-1.79,0.65,27.91,2.62
6757126773824606848,287.2619,-32.2996,-2.5593,-1.3372,-1.60,0.44,27.81,2.24
6757132477541499904,287.4106,-32.2199,-2.7813,-1.5446,-1.11,0.76,25.22,2.44
6757140758239483392,287.4260,-31.9379,-2.7095,-1.3502,-2.02,0.41,30.49,2.40
6757144095439730688,287.1696,-32.0999,-2.3955,-1.4306,-1.73,0.51,27.60,2.28
6757145602961833088,286.9809,-32.1503,-2.4521,-1.2525,-1.72,0.94,27.56,3.18
6757150138447651712,287.2024,-32.0647,-2.6214,-1.4222,-1.82,0.44,27.74,2.31
6757152547935384320,287.3028,-31.9329,-2.7328,-1.3145,-1.27,0.53,27.63,2.30
6757162924575612288,286.6094,-32.2083,-2.9880,-1.5689,-1.67,0.63,26.49,2.32
6757164917440516608,286.4486,-32.2205,-2.3682,-0.8832,-1.42,0.46,27.36,2.28
6757169689138396288,286.7981,-32.1547,-2.5615,-1.1313,-1.48,0.64,27.41,2.64
6757171304049962240,286.7775,-32.0790,-2.9730,-1.2968,-1.98,0.66,23.23,2.32
6757177630543816448,286.2825,-32.1800,-2.6745,-1.0185,-1.93,0.58,28.63,2.51
6757181891151424000,286.2417,-32.1034,-2.7056,-1.3486,-2.10,0.46,28.31,2.40
6757189652150627200,286.4401,-31.9606,-2.3973,-0.9345,-1.43,0.56,26.02,2.54
6757190098827375744,286.4787,-31.9188,-2.8511,-1.7264,-1.32,0.47,26.62,2.08
6757190824683414144,286.3701,-31.9333,-2.4119,-1.6039,-1.39,0.74,29.38,2.48
6812298858556347392,330.7523,-25.3974,-2.2336,-2.9302,-2.25,0.53,23.69,2.03
6812459455972894848,331.3386,-24.5012,-2.2852,-2.6749,-1.78,0.50,23.32,2.19
6812761649871843328,330.4431,-23.9846,-2.2917,-2.6860,-1.55,0.41,23.59,2.46
6812965922811627520,328.2738,-25.1391,-2.3997,-2.9810,-1.67,0.39,23.45,1.84
6813194926172429568,326.3929,-24.6313,-2.2840,-2.7930,-1.37,0.49,22.54,1.98
6815133438187644672,322.1945,-25.1685,-2.3000,-2.5735,-1.64,0.41,24.48,1.94
6815195625018962048,321.8220,-25.0831,-2.8606,-3.1478,-1.47,0.43,22.10,1.58
6815414462192273664,321.4392,-24.5358,-2.6951,-3.1212,-1.58,0.39,21.47,1.72
6815535550205789184,322.2453,-24.1010,-3.1043,-2.8742,-1.50,0.40,18.89,1.58
6815559563367649664,322.3944,-23.8013,-2.4716,-2.5717,-1.78,0.38,23.37,2.14
6815919275467881088,322.8181,-23.8118,-2.1513,-2.2716,-1.75,0.55,26.89,2.26
6815919928303480576,322.7639,-23.8306,-2.4597,-2.6498,-1.70,0.41,25.09,2.06
6815977583944797056,322.9095,-23.2293,-2.7510,-3.2649,-2.05,0.51,20.27,1.53
6816189931422835328,323.4964,-22.2740,-2.6477,-3.0749,-2.19,0.42,20.93,1.66
6816521498602816256,325.9038,-23.4418,-2.8173,-3.0618,-1.68,0.39,19.18,1.53
6817260920172033152,327.3689,-21.4636,-2.2303,-2.7920,-1.55,0.43,25.59,1.86
6823307959246873216,328.0849,-20.9136,-2.3911,-2.6567,-1.64,0.42,24.97,2.00
6823961859428357120,330.1898,-19.1522,-2.1298,-2.6403,-1.75,0.49,26.15,2.02
3389363271156983936,81.0244,13.6929,-0.0975,-0.6803,-0.65,0.75,64.26,8.92
3390655029816457600,81.5942,14.7027,-0.4819,-0.8645,-1.49,0.50,62.40,7.34
6758013534246529408,288.8076,-31.4566,-2.7874,-1.4331,-0.95,0.56,28.79,2.36
6758022291685349248,288.4106,-31.4397,-2.8396,-1.5988,-1.22,0.48,26.03,2.35
6758023670369614336,288.6121,-31.3830,-2.6816,-1.3473,-1.52,0.42,23.63,2.96
6758025590220441088,288.3737,-31.3992,-2.6024,-1.3010,-1.10,0.67,26.85,2.59
6758034283235127808,288.5506,-31.2429,-2.3697,-1.4824,-1.62,0.45,28.15,2.55
6758038921797446784,289.0308,-31.3155,-2.4638,-1.2077,-1.94,0.50,28.76,2.33
6758045282646616576,288.9834,-31.1513,-2.1915,-1.3991,-1.20,0.47,28.13,2.27
6758066959349336832,289.0693,-30.9160,-2.6157,-1.6451,-0.94,0.57,25.41,2.31
6758074415414135552,289.7397,-31.2891,-2.3796,-1.3323,-1.05,0.49,25.69,2.41
6758090671866885760,289.8943,-30.9051,-3.0787,-1.3839,-1.02,0.56,24.69,2.11
6758091221622346624,289.5446,-31.1632,-2.4800,-1.8083,-1.45,0.66,25.71,2.81
6758091904517745664,289.5447,-31.1218,-2.4852,-1.1667,-1.74,0.60,28.38,2.30
6758103483746166656,289.7031,-30.8672,-2.5134,-1.5315,-1.40,0.44,27.38,2.21
6758105442255007104,289.5471,-30.8783,-2.5616,-1.5973,-0.71,0.90,25.26,2.97
6758127432483977344,289.8211,-30.7864,-2.6219,-1.5292,-1.52,0.51,26.87,2.23
6758146536502114432,289.4243,-30.8696,-2.5094,-1.6776,-2.03,0.46,26.64,2.36
6758149560159130752,289.2262,-30.8499,-2.4828,-1.2296,-1.45,0.71,29.95,2.93
6758156363384019712,289.5699,-30.6624,-2.5189,-1.5298,-1.59,0.45,27.57,2.43
6758158360551313152,289.4058,-30.6808,-3.0397,-1.6649,-1.30,0.48,28.46,2.76
6758172203227368448,289.2998,-30.5626,-2.7377,-1.7521,-1.44,0.56,27.50,2.34
6758183645016646400,289.6144,-30.5474,-2.6314,-1.4101,-1.33,0.58,24.35,2.14
6758192269311378688,289.7666,-30.4108,-2.8645,-1.4175,-1.00,0.66,26.75,2.56
6758194262176500352,289.7780,-30.2928,-2.7810,-1.4965,-1.61,0.44,27.89,3.10
6758206837840846976,289.6112,-30.2491,-2.9840,-1.7002,-1.69,0.51,25.71,2.04
6758208933785049088,289.7447,-30.1625,-2.8290,-1.5552,-2.14,0.96,27.02,2.77
6758220822252568832,291.1038,-31.1959,-2.9410,-1.6896,-1.06,0.65,25.98,2.54
6758228484474477568,291.1338,-31.0666,-2.3434,-1.4563,-1.56,0.52,29.57,2.69
6758236077976933120,291.0152,-30.9725,-2.4156,-1.7066,-1.42,0.50,26.52,2.26
6758253257851058944,291.5442,-30.8475,-2.6815,-1.7009,-1.41,0.55,25.74,2.56
6758262363181932928,291.6797,-30.6540,-2.5774,-1.5929,-1.97,0.48,28.18,2.62
6758267006042250880,291.2752,-30.8385,-3.1780,-1.7893,-1.87,0.52,25.75,2.22
6758279921008431872,291.5274,-30.4787,-2.5542,-1.7515,-1.19,0.71,28.13,2.35
6758291435816779136,290.7274,-30.8301,-2.6376,-1.8179,-1.41,0.57,25.30,2.83
6758292187430409472,290.7789,-30.7633,-2.6759,-1.8125,-1.78,0.50,29.79,2.45
6758314555620965760,290.7830,-30.5154,-2.3053,-1.2500,-1.90,0.43,30.17,2.94
6758323489152990464,291.1450,-30.4946,-2.1775,-1.5021,-1.71,0.44,30.91,2.75
6758324623024240896,291.0002,-30.5343,-2.2566,-1.9093,-1.38,0.43,28.85,2.24
6758326448390521344,291.0892,-30.4799,-2.5338,-1.7477,-1.64,0.43,24.43,2.12
6758336374055397120,291.2512,-30.2638,-3.0592,-1.9117,-1.94,0.64,27.63,2.51
6758379495527579776,291.5989,-30.2982,-2.5985,-1.7721,-2.36,0.45,25.07,2.07
6758425370074838144,291.4320,-30.3201,-2.6321,-1.6833,-2.27,0.53,24.63,2.26
6758453128447713024,291.3602,-29.9154,-2.6639,-1.4718,-1.69,0.57,26.56,2.10
6758459626734307200,291.4253,-29.7371,-3.1047,-1.6560,-1.69,0.42,25.37,2.27
6758482402941259008,291.6939,-29.5863,-2.7700,-1.8569,-1.83,0.57,25.94,2.58
6758483502452824192,291.5758,-29.6343,-2.4836,-1.4393,-1.43,0.49,27.98,2.67
6758495012965425408,291.7686,-29.3829,-3.0671,-1.6348,-1.52,0.44,21.65,1.86
6758527620356963712,290.2549,-30.1928,-2.5604,-1.5259,-1.71,0.48,28.13,2.44
6758544387909834496,290.7982,-30.0478,-2.4634,-1.8830,-1.37,0.76,30.07,3.49
6758546071537532288,290.8044,-29.9431,-2.5186,-1.2536,-1.54,0.58,28.05,2.51
6758547961323377664,290.9085,-29.8934,-2.3012,-1.3479,-1.54,0.74,29.57,3.26
6758549919827615360,290.4932,-30.0738,-2.5861,-1.2903,-1.78,0.88,25.46,2.68
6758563148328102144,290.6200,-29.8180,-2.7432,-1.6207,-1.89,0.66,26.82,3.18
6758572257958391424,289.9896,-30.1261,-2.7240,-1.3532,-1.21,0.68,25.35,2.22
6758578060453838336,290.3310,-29.9742,-2.6501,-1.7729,-1.85,0.47,26.76,2.16
6758602524587890304,290.3582,-29.9057,-2.9390,-1.6078,-2.00,0.40,24.98,2.27
6758615650010749824,290.4635,-29.6673,-2.5544,-1.8419,-0.96,0.44,27.34,2.59
6758619704459672832,290.2263,-29.7342,-2.1804,-1.5491,-1.58,0.50,28.98,2.63
6758625790431517568,290.1930,-29.6060,-2.9576,-1.9328,-1.82,0.45,24.96,2.09
6758637262287511040,291.1285,-29.9226,-2.5854,-1.5508,-1.32,0.73,28.45,3.67
6758683544859875456,291.7562,-29.2955,-2.3057,-1.5088,-1.02,0.86,24.74,2.60
6758686362348163968,291.4762,-29.2920,-2.6482,-1.1837,-1.66,0.43,26.06,2.07
6758687083902686976,291.6119,-29.2811,-2.5307,-1.8397,-2.07,0.45,23.93,2.35
6758710517247718400,290.8044,-29.4638,-2.5410,-1.6945,-1.50,0.46,25.29,2.19
6758714159380139136,290.8148,-29.3848,-2.6842,-1.6441,-1.70,0.57,28.80,2.42
6758735256259960576,290.7569,-29.1705,-2.6389,-1.7747,-1.46,0.58,26.75,3.37
6758777213790747264,288.2693,-31.3738,-2.9181,-1.4653,-1.68,0.44,23.09,2.05
6758777694837553408,288.3321,-31.3354,-2.6575,-1.3284,-1.18,0.61,28.85,2.52
6758787689221101568,288.4555,-31.0925,-2.2116,-1.5763,-1.88,0.56,28.37,2.66
6758787998458818176,288.4603,-31.0714,-2.6340,-1.8496,-1.49,0.55,27.06,2.65
6758807858388496896,288.3604,-30.8061,-2.3804,-1.2307,-1.88,0.57,25.70,2.62
6758817341676001408,288.5773,-30.8907,-2.3910,-1.1317,-2.02,0.55,27.30,2.54
6758822701795645312,288.7531,-30.7504,-2.3763,-1.6851,-1.22,0.52,29.28,2.60
6758833490753645184,288.4752,-30.7030,-2.4435,-1.4522,-1.63,0.50,28.08,2.51
6758838404191056128,288.4817,-30.5459,-2.7538,-1.5561,-1.44,0.52,25.61,2.07
6758840293982152960,288.5790,-30.5863,-3.1426,-1.4872,-1.59,0.52,22.41,2.43
6758847750038689408,287.9594,-30.9869,-2.4509,-1.7060,-1.75,0.42,27.14,2.47
6758849502385454592,287.8962,-30.9065,-2.5834,-1.7216,-1.32,0.43,25.36,2.61
6758851671354534016,288.0068,-30.8124,-2.4634,-1.6282,-1.81,0.59,27.04,2.39
6758853183183060480,287.8243,-30.8640,-2.5682,-1.4066,-1.28,0.45,27.54,2.76
6758853522474996608,287.8055,-30.8320,-2.6233,-1.7847,-1.33,0.48,31.31,3.20
6758861734452924544,288.0551,-30.6737,-2.7131,-1.5684,-1.91,0.47,26.32,2.12
6758863005763309952,288.1044,-30.6532,-2.9360,-1.3507,-1.11,0.54,25.79,2.23
6758867992230316160,287.9134,-30.6997,-2.4721,-1.8369,-1.06,0.82,26.05,3.10
6758893070535399936,288.3990,-30.4050,-2.7070,-1.4781,-1.22,0.46,27.33,2.09
6758908394979274368,288.0610,-30.2482,-2.4357,-1.1287,-1.67,0.47,30.70,2.55
6758918123088753920,289.0006,-30.6420,-2.3458,-1.8102,-1.46,0.43,28.26,2.45
6758920322109798016,289.0944,-30.5569,-2.7840,-1.3211,-1.49,0.41,27.98,2.25
6758931278566453504,289.0787,-30.3925,-2.5378,-1.6297,-1.24,0.47,27.66,2.25
6758947462003883776,289.1245,-30.1503,-2.7274,-1.1519,-1.02,0.56,27.07,2.59
6758948668894074880,288.8983,-30.2449,-2.1050,-1.3076,-2.58,0.81,30.38,3.24
6758950760535318016,288.9113,-30.1011,-2.8503,-1.6768,-1.17,0.55,25.39,1.89
6758952100565132800,288.9706,-30.0959,-2.5010,-1.3887,-1.66,0.52,28.10,2.79
6758983745888942976,289.4371,-29.7634,-2.9327,-1.6723,-1.23,0.50,25.77,2.68
6758988899844533120,288.6778,-30.2680,-2.8515,-1.3677,-1.68,0.66,25.85,2.94
6758991034451520640,288.7790,-30.1992,-2.5205,-1.7020,-1.71,0.51,24.02,2.33
6758994534841945344,288.5659,-30.1193,-2.4809,-1.1420,-1.13,0.54,26.19,2.90
6758994848384590464,288.6289,-30.1597,-2.6346,-1.5475,-1.41,0.52,29.72,2.67
6759000380296793472,288.8554,-30.0205,-2.7274,-1.3919,-2.03,0.46,28.48,2.29
6759005804837229440,288.8015,-29.8409,-2.5874,-1.3863,-1.62,0.56,30.52,2.80
6759006595110223104,288.5134,-30.0845,-2.7165,-1.6501,-2.09,0.55,25.85,2.29
6759009962365029760,288.5206,-29.9700,-2.7121,-1.7961,-1.53,0.65,26.97,2.69
6759014772728376320,288.6545,-29.9757,-2.7172,-1.6932,-1.54,0.52,26.11,2.47
6759015940959760256,288.6003,-29.9084,-2.3622,-1.4375,-1.80,0.46,27.49,2.26
6759016044038964736,288.5747,-29.9108,-3.1219,-1.6114,-1.26,0.52,25.74,2.10
6759016701177256448,288.6372,-29.8626,-2.4518,-1.8490,-1.29,0.53,25.69,2.49
6759025630406017792,289.0669,-29.8982,-2.6404,-1.4114,-1.11,0.68,28.25,2.85
6759071882918994688,287.6524,-30.4069,-2.6862,-1.4237,-1.88,0.46,28.05,2.64
6759098679208359168,287.8237,-30.1942,-2.5396,-1.3885,-1.64,0.43,28.05,2.31
6759105035760447488,288.2145,-30.0271,-2.7170,-1.4792,-1.96,0.47,27.05,2.33
4115329812105576064,257.9499,-22.2698,-1.8156,-1.4459,-1.77,0.40,29.47,2.87
27539880058097152,44.4284,11.4939,-0.0699,-1.8874,-1.74,0.43,27.43,2.39
27583963602629248,44.9506,11.9765,0.2404,-1.7030,-1.84,0.98,25.98,2.89
29583532871574656,47.1811,13.0337,-0.2531,-1.4831,-1.92,0.53,39.54,4.90
30355935495037184,48.9049,15.1526,-0.1768,-1.8579,-2.43,0.46,30.85,4.24
31301000099068032,47.1899,15.6677,-0.4366,-1.6269,-1.19,0.78,29.77,3.31
33959382992260352,45.9717,15.6064,0.0941,-1.6024,-1.59,0.45,31.28,3.13
36039689056047872,56.4372,9.8799,0.3333,-1.5198,-1.23,0.49,36.70,3.24
36110989810386560,56.1854,10.1965,0.3733,-1.8974,-2.20,0.39,31.10,2.80
36246122364621440,56.5479,10.6988,0.2580,-1.6149,-1.43,0.42,30.79,2.71
36334117654117248,55.2867,10.5439,0.0445,-2.1873,-2.59,0.50,26.01,2.34
36541409955723520,55.8394,11.3858,0.0861,-1.4532,-1.88,0.41,32.48,3.07
36979668418861824,56.9684,12.1062,0.3813,-1.8160,-2.30,0.44,38.03,3.66
37088794948099456,57.2074,12.4269,-0.0811,-1.8357,-1.63,0.42,37.20,3.31
37194107546058240,55.2646,11.3071,-0.0762,-1.6059,-1.58,0.42,35.82,4.19
37304127428301952,55.5641,11.7025,0.0392,-1.5913,-1.91,0.44,34.17,3.06
37596979775327360,54.7378,12.2789,0.3508,-1.7065,-1.27,0.47,31.02,2.49
38117628594124032,55.8009,13.5858,-0.1587,-1.3906,-0.62,0.77,35.44,4.65
38303209837959296,58.8220,12.3112,0.1969,-0.8198,-1.38,0.46,57.13,5.39
38820560121720448,59.2908,14.1586,0.3951,-1.2695,-1.41,0.51,43.60,5.33
38949237341734144,60.4828,13.8882,0.0661,-1.8575,-1.55,0.42,30.29,2.35
39195871543360640,59.4097,14.2261,0.3286,-1.4548,-1.52,0.43,30.53,3.08
39418247770140800,57.9684,13.5535,-0.2705,-1.4573,-1.29,0.45,40.64,3.45
39430308038521728,57.4216,13.5965,0.1092,-1.4435,-1.35,0.42,34.61,2.97
39659693652018944,58.3486,14.6651,0.0041,-1.7060,-1.30,0.44,33.66,2.84
40042465434607872,58.8109,14.9175,-0.3492,-1.0906,-1.40,0.59,56.04,7.27
40098643606720640,58.8063,15.4154,-0.2856,-1.5377,-1.73,0.63,35.59,3.98
40166087476114048,60.0542,15.7252,-0.0815,-1.5471,-1.67,0.40,37.87,3.59
40340570524678784,57.8428,15.6594,0.0796,-1.2626,-1.75,0.44,41.42,3.66
40782123225172864,54.2025,13.3866,0.0125,-1.8272,-1.43,0.50,28.40,2.51
40783291456261888,54.0630,13.3627,0.0462,-1.1940,-1.68,0.44,32.13,2.76
41902285055841536,52.3013,14.6928,-0.0234,-1.7670,-1.65,0.50,28.82,3.04
42290928056347008,53.7459,15.3341,-0.0600,-1.2986,-1.30,0.42,43.75,3.77
43109170865562496,55.8899,15.6548,-0.1796,-1.7533,-0.79,0.82,33.13,3.60
43332612244693888,56.1970,16.6442,0.1499,-1.3097,-1.51,0.39,32.49,3.49
43493106582740096,58.2990,16.4842,0.4787,-1.1319,-1.45,0.43,37.34,3.36
44129448937187328,55.1870,16.8881,0.3813,-1.1758,-1.92,0.44,44.06,4.06
44656046287141504,57.2977,18.1084,0.1262,-1.3591,-1.23,0.49,30.11,2.45
46060534952529664,63.6935,17.4666,0.1708,-1.3827,-1.74,0.49,31.53,3.56
46200241648996352,60.9468,16.1916,-0.0265,-1.2040,-0.97,0.41,38.66,3.63
6765087134933092224,294.2266,-27.5927,-2.5490,-1.8121,-1.70,0.42,23.77,2.49
6765110740070765568,294.6189,-27.9006,-2.2334,-1.3943,-0.86,0.65,24.39,2.19
6765141388957915776,294.5012,-27.4926,-2.5715,-1.7461,-1.14,0.73,27.07,2.81
6765141771212092416,294.5675,-27.4522,-2.7611,-1.8672,-2.24,0.60,26.60,2.52
6765172484519000832,295.0182,-27.2246,-2.6717,-1.6868,-2.39,0.48,27.48,2.29
6765230380678708864,294.6627,-26.9501,-3.0627,-2.1017,-1.12,0.63,24.73,2.12
6765564151178378112,291.0341,-28.1374,-2.9695,-1.7453,-2.92,0.51,24.27,2.04
6765634245050872960,290.7022,-27.8199,-2.6726,-1.7463,-1.86,0.53,27.22,2.17
6765638544306192256,291.1144,-27.8902,-3.1125,-1.9018,-1.79,0.66,24.87,2.63
6765644351106549888,291.0070,-27.7416,-2.6244,-1.3733,-1.52,0.56,26.99,2.08
6765665654144522368,291.0430,-27.5498,-2.4743,-1.4846,-1.66,0.53,29.56,2.71
6765840747073440128,290.3605,-27.5746,-2.1436,-1.9183,-2.03,0.49,31.00,2.43
6765905278955600000,289.9087,-27.3090,-2.3035,-1.6331,-1.41,0.64,28.45,2.99
6766373533472046208,293.1561,-25.4429,-2.8806,-1.4842,-1.80,0.72,28.42,3.01
6760672084644640256,286.5522,-29.8007,-2.2300,-1.3544,-1.45,0.46,25.91,3.15
6760519420032755072,285.6930,-30.7939,-2.9394,-1.6771,-1.74,0.64,25.75,2.79
6760675447605589120,286.5678,-29.7743,-2.8576,-1.6650,-1.08,0.47,25.51,2.59
6760711216097356928,285.7936,-29.7664,-2.7270,-1.1379,-1.61,0.43,25.15,2.91
6760718122400328960,286.0078,-29.8297,-2.4332,-1.4015,-1.47,0.50,29.06,3.52
6760727605693709696,286.2510,-29.5848,-2.6447,-1.4954,-1.62,0.50,29.21,2.51
6760731831936559872,285.9834,-29.6948,-2.4884,-1.5992,-1.44,0.53,23.59,2.47
6760732175533894400,286.0755,-29.7090,-2.4035,-1.3114,-2.28,0.68,27.98,2.85
6760733343769572864,286.0785,-29.6553,-3.0216,-1.5080,-1.74,0.39,26.49,2.48
6760736882822983680,285.9968,-29.6049,-2.0482,-1.3469,-0.83,0.82,26.33,3.04
6760740387516477184,286.1615,-29.5501,-1.8888,-1.0997,-1.58,0.45,26.68,2.33
6760741074711302784,286.2706,-29.5302,-2.5617,-1.4322,-1.66,0.46,25.54,2.22
6760741624467227136,286.3118,-29.4801,-2.5615,-1.4903,-1.75,0.72,24.70,2.88
6760746984586540672,286.1618,-29.3803,-2.8465,-1.2612,-1.76,0.47,24.36,2.57
6760780691482916736,284.7824,-30.1147,-2.9188,-1.8168,-1.26,0.62,28.53,2.54
6760896144512199040,285.4466,-29.7247,-2.9505,-1.4736,-0.99,0.64,24.97,2.32
6760902359316523264,285.6002,-29.6422,-2.5339,-1.4797,-1.89,0.54,26.83,2.42
6760905486053143936,285.6646,-29.5179,-2.2807,-1.1059,-1.73,0.80,27.71,2.70
6760919268608364288,285.3536,-29.5381,-2.3754,-1.3655,-1.83,0.38,23.94,2.14
6760920746085129088,285.3792,-29.4582,-2.6788,-1.1131,-1.64,0.41,26.45,2.40
6760921467639580416,285.4567,-29.4513,-2.8261,-1.7017,-0.52,0.49,28.54,2.70
6760926724680263040,285.8781,-29.5106,-2.8526,-1.2273,-1.77,0.50,26.38,2.39
6760932561532546048,285.9753,-29.4318,-2.5881,-1.2593,-1.89,0.52,27.53,2.05
6760935486397322752,286.0366,-29.3506,-2.8008,-1.7116,-0.86,0.59,26.42,2.85
6760936036169362688,286.0788,-29.3070,-2.5254,-1.3038,-1.46,0.44,29.25,2.40
6760938338256275328,285.9066,-29.2834,-2.5798,-1.3376,-1.41,0.47,25.05,2.99
6760938922387451648,286.0189,-29.2838,-3.0133,-1.7392,-1.91,0.70,27.39,2.76
6760939472143823872,286.0587,-29.2373,-2.4883,-1.1597,-1.88,0.44,25.35,2.49
6760941391995897216,285.6489,-29.4254,-3.0895,-1.9233,-2.05,0.53,25.87,2.31
6760942255282276608,285.6261,-29.3980,-2.4451,-1.3331,-1.61,0.49,28.35,2.32
6760945446429420288,285.5416,-29.3772,-2.6388,-1.1113,-1.21,0.59,25.08,2.40
6760972247025477760,285.1926,-29.3399,-2.4536,-1.6547,-1.65,0.45,26.14,2.48
6760972624982785920,285.2389,-29.3061,-2.4999,-1.4425,-1.98,0.48,24.67,2.31
6760991007443483392,285.0332,-29.1281,-2.4801,-1.7009,-1.59,0.67,29.35,2.77
6760997398356018176,285.4722,-29.1412,-2.4519,-1.1552,-1.51,0.46,28.20,2.37
6760999155010817664,285.4449,-29.1203,-2.8744,-1.3112,-1.26,0.57,25.11,2.94
6761001766351387648,285.4116,-29.0542,-2.8187,-1.5798,-1.50,0.50,23.75,1.95
6761009394213269888,285.6707,-28.9123,-2.5032,-1.6944,-1.33,0.52,28.60,2.38
6761016953341365120,285.1716,-28.9824,-2.6411,-1.4842,-1.86,0.47,25.22,2.46
6761022279115255808,285.4585,-28.8181,-2.4690,-1.8353,-1.60,0.63,22.52,2.77
6761028773105863552,285.4454,-28.6596,-2.5917,-1.5092,-1.56,0.51,27.69,2.08
6761031487505940352,282.7107,-31.2572,-2.9364,-1.8120,-1.48,0.38,24.84,2.26
6761033274212704128,282.7330,-31.1439,-2.4670,-1.5365,-1.59,0.59,29.22,2.74
3337106545802722304,87.0725,11.3446,0.2541,-1.2298,-1.49,0.55,34.20,3.37
1186934931172450048,225.1404,15.7732,-1.0490,-1.1067,-2.19,0.57,45.77,4.26
683478521138136704,122.4359,26.5577,-2.1736,-3.1825,-1.59,0.51,15.11,1.28
684999665410968576,135.0731,21.2448,-1.7310,-2.2395,-1.98,0.48,20.60,1.56
691674628704562944,133.8634,25.9191,-1.8308,-2.2849,-1.64,0.43,18.38,1.34
692650342195029760,134.0952,27.2346,-1.7404,-2.0901,-1.55,0.42,24.92,2.02
696917340664325888,144.8304,31.0288,-1.9902,-2.2059,-1.81,0.40,20.37,1.67
701380258361372672,141.7892,33.5362,-2.0543,-2.5411,-1.55,0.40,18.66,1.63
4047185483061445760,279.7354,-30.1421,-2.3958,-1.0735,-1.93,0.67,26.89,2.63
4047256912632004608,280.9697,-29.7275,-2.6052,-1.2093,-1.40,0.55,26.93,2.21
4047265055895557504,280.2175,-30.1347,-2.8554,-1.3838,-1.84,0.50,27.02,2.69
4165437202693395712,267.9240,-8.5637,-1.4625,-0.5458,-1.77,0.55,20.81,2.13
2508075220838550016,30.9132,0.9582,-0.4384,-3.0539,-2.09,0.74,21.16,1.91
2508110199051913216,31.6758,0.9887,-0.3667,-2.2978,-1.61,0.42,26.38,2.32
2508116830481473408,31.6875,1.1414,-0.3005,-2.2426,-1.79,0.46,29.79,2.39
2509236511275327232,27.3397,-0.2224,-0.8672,-3.0433,-1.78,0.42,18.96,1.52
2509857013790862848,24.3785,0.0442,-0.5609,-2.6680,-1.72,0.39,22.81,1.93
2509875602409409792,24.2893,0.2023,-0.4549,-2.5550,-1.36,0.45,24.99,1.73
2510744663271640448,25.0955,2.1108,-0.3272,-2.8137,-1.70,0.39,22.29,1.89
2511088745986990720,27.8688,1.2492,-0.6851,-3.0769,-1.90,0.65,17.74,1.88
2511090494038501376,27.9501,1.2761,-0.3956,-2.7590,-1.05,0.61,23.68,2.64
2511505082936857984,30.7936,2.3016,-0.1488,-2.2968,-1.18,0.44,24.37,1.95
2511598262252444288,30.0680,2.8310,-0.4284,-2.2575,-1.39,0.55,26.45,2.42
2511762398722395392,29.4851,2.6726,-0.1576,-2.5366,-1.41,0.49,26.07,2.11
2512076240572604160,27.6051,2.2541,-0.7423,-2.8806,-1.32,0.54,21.05,1.92
2512815254120452480,26.9243,3.4700,-0.4377,-2.2547,-1.26,0.51,26.82,2.39
2515797434597671552,36.7301,4.3936,-0.0952,-1.8817,-1.46,0.60,27.62,2.90
2517215220481425920,37.1033,6.2614,0.1139,-2.1343,-1.75,0.41,26.12,2.31
2517308374027652352,35.5681,5.8918,-0.1606,-2.3671,-1.87,0.52,24.92,2.34
2518870122920176896,29.7677,4.7640,-0.3367,-2.3883,-1.63,0.38,24.61,2.53
2519019656501997824,28.5254,4.9138,-0.2030,-2.1966,-1.62,0.48,24.49,2.29
2519274365242329088,30.7263,5.2322,-0.2528,-1.9738,-1.80,0.44,25.09,2.49
2519706782549605248,30.8552,6.6454,-0.5896,-2.9087,-1.50,0.47,19.71,1.64
2520946241391657344,32.5509,6.5701,-0.3161,-2.3766,-1.20,0.55,23.61,2.59
2521919515341137408,34.2663,8.8957,-0.0346,-1.9117,-1.86,0.48,26.38,2.23
2522074653855359616,11.3447,-8.9675,-1.0268,-2.9858,-2.14,0.42,24.03,2.02
2523318235866491904,10.9283,-7.4298,-0.9719,-3.0775,-1.34,0.40,22.46,1.87
2525606319564060672,13.0027,-4.9877,-1.3004,-3.7380,-1.34,0.47,19.11,1.42
2526347420464528512,13.4457,-3.4132,-1.1048,-2.6757,-1.42,0.44,23.67,1.90
2526484245238277120,14.0730,-2.9731,-0.6765,-2.9478,-1.99,0.40,22.49,1.71
2526997064334202368,8.6808,-5.3980,-0.7921,-2.9172,-1.71,0.36,22.65,1.91
2528788065696512896,11.3601,-4.4038,-0.8168,-2.7953,-1.79,0.38,22.47,1.88
2530880157150295808,10.5518,-0.7143,-0.8863,-2.7866,-2.06,0.38,16.67,1.29
2530993372488386176,11.1024,-0.4621,-0.8101,-2.9027,-1.62,0.40,23.50,1.92
2531140775765446272,17.1132,-3.8904,-1.4178,-3.3549,-1.57,0.39,18.91,1.64
2531273580449856640,17.6779,-3.3765,-0.6196,-2.4125,-1.66,0.43,27.37,2.33
2531872535113747456,17.5642,-2.8307,-0.6921,-2.2859,-1.86,0.40,27.73,2.43
2533266715857590784,16.9536,-0.2247,-0.9424,-3.0855,-1.65,0.46,20.55,1.91
2533345197795364224,19.3485,-2.0764,-1.0008,-3.4122,-1.37,0.47,19.89,1.52
2535946638011222144,13.3694,-0.7226,-0.7043,-2.4718,-1.52,0.42,22.78,1.89
2538436280229354368,17.7363,1.8334,-0.9962,-2.8257,-1.58,0.42,20.71,1.59
6046843125575940608,252.6746,-24.5753,-1.9493,-0.6339,-1.04,0.53,31.06,2.67
6047127929146259584,251.9020,-23.8837,-1.2368,-1.1085,-1.75,0.42,18.74,1.56
3435910065127172480,98.9625,31.3914,0.2137,-0.9805,-2.27,0.46,49.15,5.17
4417177085715408512,232.5502,0.3752,-0.6835,-0.5483,-2.19,0.57,48.88,4.08
4417487869548090496,233.2213,0.2589,-0.9859,-0.8070,-1.34,0.47,50.71,6.61
4418089650301641088,227.8695,-1.7985,-1.4437,-0.8216,-0.99,0.61,48.35,5.51
4418171731424459136,227.8036,-1.2311,-0.9737,-0.0549,-1.86,0.56,56.99,5.59
4418381604998647040,227.5372,-0.9748,-1.0336,-0.5503,-1.40,0.49,59.98,7.79
4418435270614225024,227.2388,-0.7983,-1.2397,-0.3435,-1.26,0.50,52.48,5.89
4418460391878576768,227.7865,-1.0042,-1.1374,-0.2318,-1.34,0.54,57.73,7.07
4418725232446508032,229.0105,-0.2243,-1.5475,-0.6316,-1.82,0.74,47.00,5.32
4418804019326974336,230.2996,0.2319,-0.7673,-0.5743,-2.12,0.56,62.09,7.06
4419579484261693824,226.4289,0.0197,-1.0509,-0.1128,-3.00,0.47,47.89,4.96
4419661608332016256,226.3356,0.6003,-0.8240,-0.5833,-1.52,0.54,50.40,5.62
4419911811651225856,229.0439,1.2363,-1.2748,0.1214,-1.97,0.44,64.53,7.23
4420032208174242432,227.2008,1.0953,-1.0241,-0.2399,-2.04,0.47,51.61,7.05
4420271145794980992,227.5229,2.0926,-1.4621,-0.4809,-1.67,0.56,58.21,8.06
4420990780451377792,232.8353,1.9720,-0.6636,-0.6989,-1.79,0.46,40.62,4.28
4421859665219519872,229.2072,2.8119,-0.9391,-0.9834,-2.17,0.47,32.32,2.91
4422554590927447168,236.0765,0.2932,-0.9461,-1.1029,-1.49,0.48,60.49,6.62
4423545770600601472,237.4249,2.7786,-0.9039,-0.7126,-1.75,0.41,70.47,7.60
4424766121128256896,236.2675,4.4862,-0.7451,-0.6728,-1.20,0.52,49.69,4.69
6742083363106368256,290.5292,-37.2699,-2.6694,-1.5975,-2.47,0.40,28.95,2.75
6742603633970783616,292.0576,-36.1000,-2.3158,-1.9777,-1.48,0.58,28.48,2.74
6742652768398074880,292.0161,-35.5690,-2.8315,-1.6574,-1.53,0.45,24.04,2.51
6742758871269761792,290.1746,-35.9234,-2.5333,-1.3619,-1.90,0.43,26.70,2.51
6742816904868275328,290.1053,-35.7504,-2.2929,-1.4805,-1.59,0.54,26.17,2.76
6742856182343050624,290.5647,-35.1460,-2.2287,-1.7000,-1.24,0.52,26.70,2.56
6742941458919852288,291.3679,-34.7553,-2.9932,-1.5669,-1.40,0.43,24.45,1.95
6742943868394788480,291.4688,-34.6210,-2.7516,-1.5635,-1.70,0.66,26.54,2.73
6742965442018760704,290.5860,-34.9444,-2.7920,-1.6002,-1.58,0.47,24.78,2.41
6742968018999210880,290.4889,-34.9145,-2.7287,-1.4213,-0.76,0.75,25.32,2.53
6742973452132741376,290.8953,-34.7900,-2.7341,-1.6772,-1.46,0.51,25.66,2.23
6742981384934906752,291.0809,-34.8051,-2.7066,-1.4228,-2.82,0.49,27.89,2.63
6743257499793170816,288.5932,-35.4682,-2.4128,-1.2919,-0.96,0.50,27.17,2.42
6743558838997117056,288.4243,-34.5323,-2.3410,-1.4197,-0.91,0.53,26.87,3.23
6743574365300245888,288.1819,-34.4129,-3.0578,-1.6843,-2.24,0.50,25.50,2.71
6743586391208866048,289.8621,-35.4658,-2.5282,-1.5052,-1.12,0.67,28.21,2.68
6743656210196104320,289.3372,-35.0081,-2.7077,-1.2238,-1.71,0.39,27.84,2.95
4323484543114124416,247.5785,-19.0300,-1.2488,-1.4094,-1.66,0.44,48.24,5.61
4323521166298784256,247.9425,-18.6516,-1.6772,-0.7910,-1.59,0.46,40.15,4.46
4323612494482680576,248.4541,-18.4536,-1.8186,-1.1100,-1.67,0.43,32.18,3.17
2335639744262326016,2.5477,-25.0540,-1.9599,-3.8203,-1.36,0.46,18.42,1.72
2336542340229719168,0.5627,-25.0262,-1.4683,-3.6704,-1.14,0.56,20.47,1.76
2336898027945536768,2.1922,-23.9947,-1.2758,-2.9112,-1.82,0.41,25.93,2.13
2339275756200403584,357.5901,-23.3768,-1.5095,-3.6433,-1.62,0.47,20.68,1.62
2339602968284209920,357.0608,-22.4553,-1.7018,-3.1738,-1.55,0.49,22.19,2.26
2339731817303589504,359.9227,-23.7603,-1.8071,-3.6322,-1.54,0.42,19.65,1.57
2340468971130479488,0.6392,-22.5596,-1.5284,-3.1040,-1.74,0.39,20.62,1.81
2341309925727281024,0.0433,-21.9210,-1.4170,-2.9129,-1.68,0.37,23.85,2.22
2343352882755022848,8.8536,-27.4677,-1.3729,-3.1833,-2.34,0.45,21.70,1.69
2345855993990802304,14.4200,-24.0205,-1.0265,-3.4410,-1.47,0.50,19.42,1.93
2350588219021715968,11.7896,-20.3286,-1.3981,-3.7143,-1.40,0.44,19.12,1.51
2353566246265545088,19.7850,-20.4766,-1.0982,-3.6086,-1.47,0.43,20.55,1.64
2355729264810805888,13.7473,-20.5895,-1.5512,-3.8430,-0.75,0.53,15.29,1.36
2356123336650550784,16.5275,-19.6709,-0.7236,-3.1023,-1.99,0.41,25.71,2.15
2356542211925045888,12.7315,-20.1866,-1.1071,-3.7051,-2.09,0.41,19.75,1.61
2357629667580812672,14.1629,-17.0702,-0.9242,-2.7938,-1.26,0.46,27.39,2.49
2357782121739520896,17.5629,-18.6344,-1.0474,-3.0470,-1.83,0.40,23.86,1.99
2358275939899320576,17.8852,-17.6349,-1.0044,-3.5960,-1.37,0.38,19.98,1.75
2358342868374410624,18.8764,-17.4514,-0.8970,-2.9026,-2.00,0.39,23.79,1.98
2358458488893773568,19.0746,-16.6302,-0.9658,-3.0611,-1.40,0.45,23.43,1.69
2360165588070695936,6.3299,-22.8056,-1.0495,-3.0037,-1.97,0.43,23.69,1.89
2360551585371426944,6.5761,-22.5042,-1.4753,-3.3572,-1.56,0.42,20.37,1.88
2360608102845306368,7.5940,-22.4433,-1.7350,-3.4069,-1.66,0.45,19.58,1.69
2361174939744959232,4.6526,-22.3944,-1.3024,-2.7907,-1.48,0.40,24.08,2.10
2361263759668673280,4.8727,-21.8545,-1.4155,-2.9084,-1.58,0.44,24.35,1.79
3401044036013813376,83.8544,19.8831,-0.0215,-1.1575,-1.65,0.56,55.66,5.72
3401489819260283008,80.8100,19.0239,0.4783,-0.8618,-0.95,0.45,55.57,7.34
3296267243676075136,74.0116,13.1980,0.0461,-0.8126,-2.49,0.45,45.92,4.18
3296383551389757184,72.4610,13.1048,-0.2131,-1.2166,-1.88,0.45,39.29,3.63
3296526904514357632,73.0131,13.7340,0.4903,-0.6946,-2.23,0.49,53.66,6.08
3296624451811228160,72.9515,14.2338,0.7608,-1.2083,-1.39,0.42,51.99,5.75
3298747913705892224,61.8551,8.4818,0.4382,-1.5974,-1.89,0.43,32.52,2.89
3298808696083209088,62.1939,9.0430,0.5275,-1.3024,-1.73,0.39,35.17,3.42
3299706378608358656,66.9306,9.8545,0.0224,-1.7276,-2.12,0.44,42.98,4.47
3299807155720537984,64.9250,9.4302,-0.2629,-1.2662,-2.15,0.51,34.24,3.22
3300818367116664320,64.9632,10.9534,0.0772,-1.4632,-1.29,0.54,33.98,3.20
3300998614007952640,64.7092,10.8818,0.3506,-1.2414,-1.56,0.44,36.73,3.88
3301390010084980736,59.7503,8.5474,0.2716,-1.7723,-1.85,0.45,31.35,2.77
3301432233906524928,58.5918,8.0743,0.1082,-1.8019,-1.67,0.44,35.44,3.33
3301561460882383872,59.1421,8.4650,0.3485,-1.4142,-1.38,0.49,37.12,3.36
3301600841439825920,59.3203,8.8281,-0.1541,-1.4047,-1.69,0.44,35.05,2.99
3302331428259393280,57.9551,9.1648,0.0420,-1.7122,-1.52,0.40,36.78,3.92
3302727492963507968,57.9081,10.0447,0.1653,-1.3434,-1.23,0.40,37.30,3.10
3302883108218799104,59.3793,10.1979,0.1895,-1.5162,-1.48,0.43,34.45,2.69
3303038482956038912,59.4164,10.5090,-0.0326,-1.4978,-0.91,0.45,36.53,3.28
3303104384933629824,59.8483,11.3191,0.0199,-1.4434,-1.68,0.44,36.51,3.36
3303225709169790848,58.6199,11.0715,-0.1428,-1.4720,-1.58,0.61,36.47,3.16
3303340578072257792,58.6485,11.4074,0.5093,-1.8102,-1.93,0.45,35.65,3.32
3303686095304160896,61.2180,10.4731,-0.3421,-1.9309,-1.31,0.38,37.09,3.30
3303943655903186688,61.6381,11.7828,-0.0169,-1.5659,-1.49,0.37,34.41,3.01
3304093537378046592,63.2658,11.9681,0.4259,-1.1545,-1.56,0.55,49.26,5.32
3304103978442732928,64.1123,11.6217,0.5213,-1.0745,-1.72,0.50,33.28,3.71
3304829381239268352,59.6840,11.8744,0.5187,-1.5232,-1.68,0.44,34.15,3.34
3304852402263620096,59.9212,11.9751,0.3393,-1.8511,-1.66,0.48,40.74,3.71
3304859342930794880,60.1085,12.0391,-0.0445,-1.9273,-1.54,0.38,36.05,3.32
3304881028220850560,59.6633,12.0614,0.4000,-1.0266,-1.67,0.63,49.95,5.21
3305546846936059520,62.3360,13.7980,0.4575,-1.6629,-1.35,0.50,36.80,3.70
3305968342142627712,67.3770,10.7368,0.2384,-1.1264,-1.44,0.48,36.99,3.02
3306098492535197696,67.4504,11.3228,0.2911,-1.1183,-1.81,0.41,34.87,3.26
3306666081053277952,69.2891,12.4782,0.2531,-0.8283,-1.88,0.43,48.59,4.13
3306835715081855872,66.3461,11.5828,-0.0112,-1.5158,-1.52,0.63,33.36,3.27
3308421176489641728,69.9690,14.1097,-0.4710,-1.3409,-1.23,0.48,49.49,5.60
3308477766978023680,71.5942,13.5236,0.1627,-0.7716,-1.38,0.43,48.29,4.21
3205126835063851264,69.5218,-2.1885,0.2022,-1.4589,-1.66,0.42,34.24,2.77
3206442881762473472,67.4215,-0.9013,0.4147,-1.8840,-1.15,0.54,33.64,2.65
4115697839285142528,257.2110,-21.2057,-1.5949,-0.4812,-1.48,0.57,43.79,5.53
4115739655063991552,258.9728,-21.6818,-1.9138,-0.8944,-1.03,0.53,35.42,3.16
6781310879970603648,313.7384,-33.8194,-3.0710,-2.3067,-1.69,0.41,20.58,1.66
6781567886516555136,314.2863,-32.4304,-2.3496,-2.2845,-1.59,0.43,26.83,2.10
6781573835048307968,314.1687,-32.2372,-2.2940,-2.5054,-1.52,0.41,26.69,2.04
6782033392252324992,315.6431,-31.4574,-2.6092,-2.1715,-1.37,0.44,24.51,1.77
6782491102624271104,321.0035,-34.6299,-2.5333,-2.6597,-1.89,0.43,22.76,1.81
6782501135667774848,320.4783,-35.0332,-2.4314,-2.2503,-1.27,0.53,23.16,1.92
6782884654770225152,320.9219,-33.6455,-2.3709,-2.4306,-1.64,0.45,24.63,2.02
6783058068369414784,321.7198,-33.6726,-3.1015,-2.5877,-1.77,0.46,23.67,1.98
6783782509094066432,319.3692,-32.7607,-2.2975,-2.2485,-1.61,0.47,25.83,2.01
6784209394482669952,320.4087,-31.9452,-2.3901,-2.6136,-1.59,0.51,23.10,2.15
6784409303736815872,319.7127,-31.8669,-2.2048,-2.1559,-2.01,0.40,26.65,2.44
6784555190889557760,320.3251,-31.0745,-2.3875,-2.6913,-1.41,0.53,24.12,2.21
6784899926441036672,324.0187,-31.3298,-2.2720,-2.2625,-1.93,0.83,26.46,2.23
6784977712592430848,322.4166,-31.7367,-2.1500,-2.3248,-1.56,0.40,27.77,2.19
6785423908154693888,326.1239,-30.0070,-2.1081,-2.3174,-1.66,0.40,25.24,1.90
6785554784398803200,324.6091,-30.2299,-2.5359,-2.2926,-1.72,0.36,25.30,2.18
6786518235757612416,324.3245,-28.9178,-2.2682,-2.7070,-1.62,0.46,24.65,2.07
6786700200636819584,322.9940,-28.5808,-2.0662,-2.6437,-1.17,0.47,25.63,1.89
6786925845335810304,317.7666,-32.7137,-2.8286,-2.6215,-1.64,0.43,22.05,1.92
6787905299740853504,318.6150,-29.4258,-2.8240,-2.8693,-1.74,0.41,21.28,1.80
6787931967193356672,318.9957,-29.6960,-2.6774,-3.0305,-2.08,0.55,20.91,1.94
6788521713447140480,316.8991,-29.3288,-2.3871,-2.4616,-1.62,0.43,24.88,2.24
6789101366529271296,318.2691,-27.7298,-2.9240,-2.4634,-1.98,0.39,19.07,1.78
6789162836101251200,317.7461,-27.5918,-2.5945,-2.8031,-1.25,0.50,23.93,1.95
6789209114372582784,320.5569,-29.4333,-2.1947,-2.6183,-1.59,0.53,27.53,2.55
6789522165948884864,320.3525,-28.4754,-2.6204,-2.9125,-1.71,0.51,22.51,1.94
6789562573001809152,319.5363,-28.3784,-2.5565,-2.7413,-1.58,0.58,22.42,1.89
6790571615437552256,319.7107,-26.9232,-2.1302,-2.2671,-1.83,0.44,28.75,2.31
6790644320644966272,318.6621,-27.2114,-2.2927,-2.2434,-1.99,0.36,21.09,1.78
6790896628498847488,320.5861,-26.8093,-2.5697,-2.6595,-1.51,0.40,22.12,2.50
6695446336170587392,307.3093,-36.2896,-2.3480,-2.0349,-1.60,0.47,29.49,2.80
6695565220863073408,307.3123,-35.3232,-2.2912,-1.9440,-1.54,0.48,27.36,2.59
6695619096934268416,307.9705,-35.1103,-2.6026,-2.2756,-1.61,0.41,24.69,2.51
6696054301675847552,304.9890,-35.7009,-2.9227,-1.9014,-1.70,0.46,23.58,2.03
6696066323288698240,304.5650,-35.6783,-2.5024,-2.0002,-2.14,0.54,25.79,2.25
6696145251903665024,304.4239,-35.1480,-2.5928,-1.8518,-1.64,0.42,27.67,2.42
6696312442095351808,306.3472,-35.3225,-2.5993,-1.7983,-1.25,0.59,24.65,2.80
6696389992023406080,306.2755,-34.7631,-2.4700,-1.9171,-1.52,0.53,27.24,2.27
6696496752027144448,307.4932,-34.0990,-3.1068,-2.4185,-1.78,0.41,21.46,1.68
6696567700591353856,307.2087,-33.6787,-2.5190,-1.8707,-1.72,0.45,26.45,2.12
6696684356198796416,305.8944,-33.9432,-2.9455,-1.8586,-1.97,0.44,23.25,1.95
6696697825216279680,305.7366,-33.8678,-2.9559,-1.9253,-2.06,0.46,24.28,1.87
6696815335521167360,306.1987,-33.3176,-2.2785,-1.8270,-1.41,0.46,27.08,2.76
6696874331192691072,300.8643,-38.2440,-2.6103,-1.4065,-1.72,0.53,24.61,2.10
6697091617881526784,301.2241,-37.0679,-2.8225,-1.9135,-1.73,0.53,24.06,2.09
6697260977032373632,300.0953,-36.7865,-2.4475,-1.6388,-1.93,0.41,27.06,2.22
6697453013609100160,302.7872,-36.6771,-2.6368,-1.6611,-1.36,0.48,27.30,2.22
6697648627896943872,302.6062,-35.6171,-2.2666,-1.6655,-1.56,0.54,26.34,2.97
6697680715595848448,302.8416,-35.4212,-2.9776,-1.9905,-1.79,0.41,21.03,1.86
6697749881750079616,301.8254,-35.8384,-2.8640,-1.9440,-2.05,0.75,26.76,2.38
6697785890754067584,301.1417,-35.7707,-2.5323,-1.7381,-1.32,0.49,26.22,2.44
6697796782791319296,301.4291,-35.5045,-2.4294,-1.9763,-1.92,0.42,29.43,2.82
6697841420388696448,302.3729,-35.4980,-3.0138,-1.8240,-1.21,0.48,23.94,1.99
6697854305290598272,302.4757,-35.2680,-2.2430,-1.6905,-1.58,0.40,25.79,2.46
6697874371377785984,302.6334,-35.2317,-2.4095,-1.7792,-1.38,0.49,27.99,2.53
6697925082054287488,302.1250,-34.8578,-2.3645,-1.9981,-1.41,0.50,28.62,2.89
6698095643795431296,299.8441,-36.0894,-2.6320,-1.9869,-1.31,0.47,26.15,2.08
6698198860450941952,300.0611,-35.8113,-2.5916,-1.8695,-1.59,0.47,27.14,2.23
6698233323267206272,300.2562,-35.3593,-2.2583,-1.5402,-1.26,0.41,33.37,3.18
6698373682799477888,298.7826,-35.3900,-2.4813,-1.6071,-1.54,0.42,27.57,2.31
6698381379379515136,299.0065,-35.2656,-2.5234,-1.7951,-1.52,0.45,26.37,2.61
6698491708500734336,299.1494,-34.9404,-2.7138,-1.8398,-1.95,0.48,23.02,2.20
6698494702094688640,298.8611,-34.9231,-2.4870,-1.4745,-1.63,0.48,26.49,2.12
6698550154414438656,300.9310,-35.3575,-2.9929,-1.8688,-1.61,0.56,23.54,2.16
6698560329194685568,300.7467,-35.4227,-2.5940,-1.7395,-1.41,0.53,25.27,2.08
6698607122862814720,301.3932,-34.7250,-2.7321,-1.8729,-2.17,0.61,25.37,2.18
6698718040393856000,302.0288,-34.5170,-3.0660,-2.1001,-1.65,0.47,25.83,2.00
6698771568568872448,301.0502,-34.3274,-2.4098,-1.5959,-1.58,0.42,27.32,2.47
6698786278832190720,301.3635,-33.9703,-2.6018,-2.0985,-1.30,0.43,23.68,2.26
6698788645359194112,301.6761,-34.1424,-2.2401,-1.8573,-1.44,0.41,29.14,2.74
6698802462271227008,301.6612,-33.8558,-2.6984,-1.8480,-1.30,0.49,26.94,2.14
6698823967169677184,300.2846,-34.8393,-2.7697,-1.7376,-2.20,0.57,23.57,2.23
6698906430543144832,300.1575,-34.1667,-2.5040,-1.7820,-1.53,0.92,26.22,2.63
6698910381913098624,300.0583,-34.1326,-2.3035,-1.7423,-1.07,0.48,25.91,2.52
6698930413640654464,300.2560,-34.0757,-2.9120,-1.8659,-1.33,0.73,23.76,1.93
6698959585056753536,300.1232,-33.7369,-2.1526,-1.3827,-1.55,0.48,27.55,3.01
6699000438787655040,301.2602,-33.7617,-3.2681,-2.2052,-1.60,0.46,21.84,1.75
6699068883385343744,300.6217,-33.1940,-2.4901,-1.8622,-0.78,0.46,26.88,2.37
6699100086325424384,300.8553,-33.0420,-2.4209,-1.8442,-1.87,0.48,26.20,2.31
6699107125773252352,303.8286,-35.5332,-2.9812,-2.1398,-1.82,0.55,23.61,2.13
6699110458667902080,303.6221,-35.4737,-3.0440,-2.3274,-1.64,0.47,22.56,1.91
6699216531477922944,303.6529,-34.6987,-2.5720,-2.1019,-0.89,0.57,25.18,2.71
6699255422405466624,304.5577,-34.6800,-3.2433,-2.1057,-1.94,0.51,22.47,1.88
6699384103922158208,304.4250,-33.6285,-2.9282,-2.0758,-1.74,0.53,24.23,2.17
6699438113134451712,303.5392,-34.1050,-2.5082,-2.3571,-1.38,0.50,25.11,2.10
6699465497844525824,302.8698,-34.3509,-2.4259,-1.7392,-1.69,0.42,28.29,2.29
6699587474915877760,303.8432,-33.4200,-2.6775,-2.0227,-1.01,0.73,29.81,2.89
6699729140117014400,305.5435,-33.4675,-2.7491,-2.0038,-1.57,0.53,27.09,2.38
6699784940332289664,305.4696,-33.1285,-2.8245,-2.1970,-1.37,0.48,22.40,1.63
6699787208075025792,305.2846,-33.1159,-2.2215,-1.6974,-1.70,0.45,28.51,2.33
6699816276413539456,305.8273,-33.2253,-2.6599,-2.3078,-2.10,0.40,24.74,2.01
968871023419315200,95.5732,47.2405,0.4231,-0.4650,-2.00,0.46,57.64,6.21
6791453874736316672,309.1122,-35.2281,-2.5369,-2.2825,-1.47,0.48,22.87,1.97
6791668790603840640,309.8408,-34.0466,-2.2986,-1.7391,-1.78,0.43,27.84,2.27
6791719539938666880,308.8791,-34.6513,-2.6402,-2.2167,-1.84,0.44,24.62,2.09
6791830491829102720,308.7371,-33.8162,-2.1467,-2.0773,-1.84,0.43,30.05,3.32
6791951124573295616,309.1034,-33.3083,-2.2330,-2.0014,-1.89,0.38,27.59,2.36
6792361418507521280,309.6165,-32.8711,-3.0429,-2.0086,-1.98,0.38,22.01,1.68
6792663784203879808,308.0744,-33.2737,-2.9961,-2.1146,-1.15,0.45,23.55,1.84
6792798199500434688,308.2346,-32.5408,-2.4977,-1.9738,-1.66,0.55,19.94,2.12
6792827985098261760,308.6205,-32.3837,-2.8249,-2.0918,-1.29,0.59,24.44,2.20
6793009954271183104,307.9987,-32.1949,-2.2941,-1.9026,-1.57,0.43,26.90,2.32
6793450622213722624,309.1408,-31.2906,-2.3437,-2.0263,-2.40,0.45,24.68,1.95
6793839265213595520,312.7265,-31.8203,-2.9462,-2.8249,-1.80,0.42,27.65,3.88
6793939591353784960,312.9725,-31.1008,-2.7571,-2.5066,-1.65,0.42,24.14,2.00
6794322947250631424,313.4822,-30.7691,-3.0115,-2.3891,-1.60,0.39,22.84,1.90
6794334354683660672,313.1124,-30.7102,-2.6940,-2.2679,-2.02,0.45,22.52,1.84
6794774532995073536,313.6352,-29.1187,-2.3649,-2.5310,-1.75,0.47,26.44,2.02
6794841607501468800,311.1251,-30.9719,-2.6709,-2.1723,-1.47,0.40,25.52,2.02
6794882663091256320,310.3367,-30.8219,-2.3292,-2.1936,-1.69,0.43,25.43,2.14
6794894792078933760,310.2700,-30.7761,-2.7434,-2.6620,-1.53,0.41,25.22,1.94
6794938772544753024,310.7852,-30.2624,-2.4550,-2.2017,-2.02,0.44,27.98,2.12
6795287455169182720,310.8652,-29.2527,-2.4614,-2.2839,-1.56,0.45,25.89,2.03
6795359649277127552,310.6030,-28.8576,-2.5967,-1.8563,-1.49,0.45,25.02,1.81
6795463377029370112,311.5640,-29.2502,-2.9144,-2.3939,-1.44,0.39,20.01,1.76
6795944344647184768,306.7773,-32.4282,-2.8670,-2.0562,-1.62,0.46,25.12,2.13
6796309038911305984,305.2756,-31.3187,-2.3169,-2.2052,-1.91,0.53,27.16,2.46
6796633429200286976,307.9711,-30.1454,-2.9015,-2.0769,-1.53,0.46,23.26,2.00
6796979504782705664,308.3327,-29.2158,-2.6023,-1.8483,-1.63,0.49,24.48,2.05
6846986805442883200,301.7522,-27.1457,-2.8373,-1.8637,-1.77,0.42,24.55,3.03
6847019168020440064,301.6741,-26.6595,-2.4837,-2.3169,-1.94,0.41,25.66,2.43
6847759860898669952,306.8350,-26.8608,-2.6713,-2.1763,-1.69,0.45,21.39,2.34
6848962490399162880,305.1207,-25.0476,-3.2016,-2.5429,-1.23,0.66,22.57,1.83
6849142909088420224,304.6885,-24.9577,-2.4934,-1.8988,-1.70,0.40,26.37,2.33
6849992213100869504,301.1399,-26.8311,-2.3332,-1.9669,-1.34,0.42,26.13,2.55
6875651275440977920,307.6326,-14.4219,-2.1590,-2.2941,-1.55,0.41,20.07,1.78
6736595253933680896,279.3312,-32.8376,-2.9066,-1.2536,-1.95,0.50,26.91,2.82
3638759652529317760,201.8664,-0.8331,-0.6632,-0.9833,-2.18,0.39,53.22,4.59
3638905303460357760,202.3680,-0.1519,-0.7599,-0.7793,-1.68,0.40,51.31,4.25
3639356657278969600,213.5780,-7.9865,-1.0174,-0.4916,-1.21,0.73,48.69,5.17
3639438016844193152,213.7402,-7.6795,-0.9035,-0.3151,-1.59,0.43,49.03,4.96
3639479665142154368,215.1197,-8.1283,-1.4894,-0.4301,-2.17,0.58,53.99,6.08
3639795461201784832,214.8667,-7.2544,-1.3233,-0.2772,-2.19,0.47,54.52,6.00
3639864421197115520,214.3282,-7.0104,-0.9027,-0.2778,-1.52,0.49,54.34,5.42
3639894795205862528,215.1217,-7.1212,-0.4426,-0.4440,-1.44,0.42,58.61,8.31
3640028866904941440,215.2810,-6.1035,-1.1144,-0.6226,-1.56,0.47,54.05,5.11
3640155070223377280,212.4067,-7.4568,-0.5242,-0.4470,-1.36,0.40,26.06,2.47
3640167821981494144,212.2726,-7.3978,-0.7371,-0.3760,-1.62,0.60,48.18,4.88
3640671875049020160,213.4764,-6.6924,-1.1099,-0.7168,-1.86,0.76,47.23,5.80
3641012723653260288,213.0392,-5.5681,-0.7799,-0.3885,-1.79,0.56,51.47,4.98
3641235207254498816,216.1521,-6.7782,-1.0291,-0.2435,-1.91,0.55,66.62,8.88
3641243174418858496,216.4258,-6.5711,-1.2778,-0.5136,-1.41,0.55,64.08,6.36
3641316120142700544,217.3693,-6.2327,-1.1213,-0.0441,-1.58,0.47,49.11,5.85
3641416106981994112,217.5209,-5.7477,-0.9014,-0.8602,-1.91,0.71,55.82,6.37
3641922672606031232,218.7085,-4.7718,-0.8973,-0.7341,-1.75,0.49,58.67,5.85
3641972837822562560,218.7188,-4.6592,-1.1829,-0.4524,-1.37,0.78,53.87,5.78
3642029943707615616,217.1299,-4.9871,-0.4963,-0.5993,-0.87,0.97,61.30,8.98
3642645532780506880,214.1168,-4.8571,-1.4472,-0.8686,-1.91,0.51,25.00,2.65
3642679892519053312,214.4515,-4.6115,-1.2831,-0.5335,-1.60,0.43,49.25,6.30
3642735074258385408,215.1439,-4.4522,-0.8760,-0.3264,-1.50,0.53,46.09,4.06
3642794894563219200,215.0580,-4.1041,-0.6692,-0.5264,-1.55,0.46,54.22,4.83
3642817709429571200,215.2101,-4.0114,-1.6217,-0.3653,-1.72,0.46,48.60,6.53
3643104407086461952,217.4770,-3.4004,-1.1428,-0.3367,-1.92,0.45,49.55,4.83
3643223364795709312,215.2173,-3.6157,-0.7395,-0.2693,-1.48,0.56,49.23,5.27
3643317682277455616,217.1954,-3.0287,-0.8462,-0.6474,-1.91,0.44,45.63,4.82
3643444366632091392,210.7784,-6.7175,-0.9373,-0.5129,-1.98,0.38,56.09,5.95
3643484391433137280,210.5624,-6.7748,-1.2113,-0.4097,-2.06,0.49,48.21,5.88
3643939520527386368,210.5941,-5.1217,-0.8417,-1.1066,-1.72,0.55,49.11,4.81
3643972269652582144,210.8122,-4.9027,-0.9950,-0.5273,-1.95,0.52,63.58,7.62
3645005673144459136,209.9888,-4.2412,-1.1749,-0.5533,-1.87,0.61,45.86,4.99
3645209284658524672,211.0794,-4.0495,-0.6744,-0.5985,-1.93,0.45,47.86,4.66
3645214954015405696,210.9566,-3.9214,-1.0299,-0.8649,-1.66,0.54,48.87,5.04
3645414755894165760,210.1125,-3.7169,-0.7622,-0.6452,-1.67,0.54,47.50,5.39
3646053507725635072,213.1101,-3.4644,-0.8251,-0.5254,-1.11,0.47,46.12,4.45
3646991696086593024,213.2417,-2.2868,-0.4843,-0.4740,-1.66,0.48,50.86,5.61
3647113260841056384,212.0103,-2.4998,-0.9402,-0.3131,-1.21,0.62,49.18,4.67
3647696379960706048,213.4544,-1.1403,-1.3116,-0.5048,-1.95,0.52,51.67,4.69
3647996237397340544,219.1383,-4.2678,-1.6026,-0.9086,-1.32,0.65,63.71,7.21
3648038637314395776,219.5207,-3.7761,-1.2664,0.0381,-1.49,0.48,56.30,7.16
3648304684768956032,218.6648,-3.4730,-0.8632,-0.7496,-2.98,0.44,50.17,4.63
3648403091059148288,219.7658,-2.8323,-1.1488,-1.0501,-1.29,0.59,48.04,5.70
3648905327355202176,220.6853,-2.2919,-0.8258,-1.1380,-1.62,0.91,47.27,5.12
3649160860729074688,218.0541,-2.6992,-0.7541,-0.2130,-1.48,0.45,57.37,5.71
3649367500196666496,217.8010,-2.4858,-1.3673,0.0207,-2.28,0.50,60.39,6.28
3649472645290401664,218.1589,-2.2156,-0.9053,-0.4968,-1.92,0.42,51.18,6.04
3649487003365428864,217.6642,-2.1003,-0.8840,-1.2302,-1.62,0.50,64.94,9.03
3649707970843683456,219.0189,-1.6254,-1.3219,-0.5906,-1.74,0.42,54.52,5.55
3649724291718728576,219.5114,-1.4731,-1.1899,-0.3122,-2.35,0.43,53.74,6.25
3649902721840508160,218.8231,-1.4163,-1.1272,-0.0961,-1.71,0.58,52.45,6.46
3650058852491779584,219.2537,-0.7394,-0.8786,-0.4992,-1.75,0.51,49.13,4.53
3650244807395811072,221.8066,-1.9055,-0.8527,-0.6080,-1.54,0.46,52.77,6.71
3650248621326829568,222.0002,-1.8285,-1.2780,-0.1930,-2.12,0.44,54.96,5.59
3650568166893795712,221.5828,-0.9196,-0.5720,-0.7135,-0.47,0.61,54.50,6.39
3650648603041254016,222.2712,-0.5750,-1.2882,-0.7909,-1.62,0.47,55.17,5.96
3651231516002501120,223.2653,0.5633,-0.9440,-0.4078,-1.71,0.59,59.26,6.46
3651370398065018368,220.4389,-0.7303,-0.9681,-0.3186,-1.82,0.42,55.24,5.50
3651837175110464512,220.9957,0.9530,-0.8886,-0.0902,-1.88,0.42,51.98,4.82
3652061372403631616,223.3262,1.3300,-0.9230,-0.7966,-1.69,0.46,51.35,4.87
3652451046196401280,216.5121,-1.9320,-1.2315,-0.7397,-1.71,0.67,49.38,4.76
3652458433539488640,217.0057,-1.9098,-1.1793,-0.8425,-1.07,0.66,58.08,7.39
3652520762105673984,216.1101,-1.6763,-0.7612,-0.8544,-1.90,0.48,52.30,4.95
3652538289867151104,216.6741,-1.5209,-0.4110,-0.4787,-2.39,0.57,42.97,3.88
3652597830998512256,217.7047,-1.3712,-1.0195,-0.8552,-1.70,0.49,52.09,7.43
3652613739557434496,217.4578,-1.2634,-0.4503,-0.7075,-1.25,0.73,42.61,3.96
3652658510296053760,216.9016,-1.1079,-1.3267,-1.1094,-1.37,0.51,60.49,7.82
3652706373412450432,215.7282,-1.6581,-0.8178,-0.2718,-0.68,0.91,48.80,5.51
3652866008756601344,216.3761,-0.8650,-1.2107,-0.7439,-1.33,0.76,55.01,6.74
3653148102208086272,218.5124,-0.2145,-1.5056,-0.6336,-1.69,0.46,63.49,8.04
3653173837652793600,219.1778,0.0229,-0.9697,-0.7417,-2.11,0.47,61.05,6.56
3653200225931223552,218.3037,-0.1260,-1.2486,-0.2686,-1.44,0.49,53.02,4.93
3653307187796908288,217.6346,-0.0581,-0.8524,-1.1385,-1.79,0.44,35.32,3.16
3653567600254343808,214.8923,-0.9193,-0.8859,-0.8568,-1.05,0.71,50.96,6.00
3653648861035015552,214.7896,-0.4119,-1.2017,-0.5870,-1.27,0.52,48.58,4.81
3653669511238525824,214.9281,-0.3946,-0.9280,-0.1882,-1.51,0.45,43.09,5.29
3653908517578118912,214.3525,-0.0157,-0.9292,-0.5271,-1.86,0.78,46.06,6.09
3654027917668940416,215.3012,0.6601,-0.9551,-0.7771,-0.58,0.69,51.57,5.16
3654310530812497024,217.6104,1.2067,-1.3446,-0.5130,-1.42,0.81,49.83,5.23
3654329699251000576,217.0878,1.1250,-1.0453,-0.6121,-2.15,0.45,49.60,5.35
4075762717948451456,278.3896,-27.1233,-3.0080,-1.3726,-1.61,0.54,26.55,3.01
4075897919262291200,278.4295,-26.0013,-2.6209,-0.9333,-1.37,0.49,29.75,2.91
4335620020450785664,256.7646,-9.4955,-1.5802,-1.3814,-1.78,0.41,20.74,1.96
4336448197519820288,256.5375,-9.0610,-1.4388,-0.5092,-1.71,0.55,45.48,5.07
6036892541044118144,240.8056,-31.2604,-1.2581,-1.1501,-1.88,0.39,27.44,2.36
6037012147292017664,241.5510,-30.8002,-1.7691,-0.8776,-1.89,0.78,26.29,2.36
4430130986256834560,238.3482,7.6359,-1.0052,-0.4860,-1.80,0.52,52.44,5.04
4431296807880288000,235.9512,8.1863,-0.9338,-0.1668,-2.00,0.47,44.97,4.45
4432072861228698240,247.6272,1.9431,-1.2656,-0.6810,-1.55,0.40,23.47,1.95
4432161711214840448,249.1701,1.8240,-0.9453,-1.0448,-1.60,0.39,31.01,2.37
6044813147936564224,248.1205,-26.7600,-1.3842,-1.0981,-1.33,0.52,29.75,2.70
6044925371132724224,248.9876,-26.4118,-1.7520,-1.0312,-1.65,0.57,39.06,3.83
6045162345952970752,247.2155,-27.1280,-1.8206,-0.8496,-1.13,0.59,53.12,6.17
6602590002222952448,342.3962,-34.4234,-2.1974,-3.1739,-1.39,0.44,22.14,1.62
6602875462928982016,344.8524,-33.8340,-2.0964,-2.9398,-1.82,0.43,19.54,2.04
6603151891319117824,343.9461,-32.9313,-1.7435,-2.8901,-2.00,0.46,22.65,2.41
6605213750499273728,347.5787,-30.2331,-1.6828,-3.1496,-1.28,0.59,18.86,2.04
6606238456681168000,345.8946,-29.6518,-2.1125,-2.8915,-1.76,0.47,24.66,2.14
6607716238964027264,340.6368,-29.9763,-1.9685,-2.7587,-1.78,0.46,25.57,1.93
6608615154143751552,340.9342,-29.1518,-1.9809,-2.9780,-1.65,0.45,25.14,1.98
6609197315486643456,343.5579,-28.9119,-2.4595,-3.5214,-1.55,0.46,20.52,1.84
6609896738028738304,343.7279,-27.6827,-2.0038,-3.0065,-1.95,0.53,21.07,2.38
6610729828536964992,343.1080,-26.9970,-1.8783,-3.0183,-1.67,0.45,22.86,1.81
6611697257035888640,331.0188,-33.7386,-2.0982,-2.6606,-1.91,0.45,26.70,2.30
6611899090433851904,333.7699,-33.4187,-2.3082,-2.4141,-1.95,0.40,24.58,2.15
6615061453379261440,332.7765,-29.6475,-2.1600,-2.7980,-1.51,0.42,25.21,1.98
6615987830580195968,329.8595,-31.3352,-2.2998,-2.4812,-1.58,0.45,24.87,1.97
6617556799312727552,328.9019,-29.3873,-2.9944,-3.2111,-1.60,0.39,20.40,1.55
6617562434310451328,328.8023,-29.2411,-2.3262,-2.8823,-1.81,0.44,22.85,1.95
6618405240037615744,330.9518,-28.6620,-2.0701,-2.9419,-1.28,0.41,23.50,2.09
6618517836899812992,332.1931,-27.9332,-2.8189,-3.3448,-1.42,0.45,20.27,1.54
6619047526626738432,333.0970,-26.9373,-2.8426,-3.5523,-1.37,0.48,20.13,1.50
870272185054883456,110.6451,25.3400,-1.9906,-3.4092,-2.68,0.55,15.92,1.43
500243431117184,44.6981,1.7456,0.2027,-2.0315,-2.05,0.50,31.96,3.12
782027645388032,46.6991,2.3039,-0.1281,-2.1270,-1.23,0.57,26.06,2.53
1407379179248512,42.8875,1.8053,-0.3220,-2.7135,-1.78,0.44,22.31,2.08
1742622850845696,45.2336,2.9300,0.2002,-1.9583,-1.15,0.49,25.47,2.33
2345017784412032,47.2341,2.9847,-0.0412,-2.5977,-1.51,0.56,24.77,2.39
3070042623687040,50.1084,4.9737,-0.0866,-1.8206,-1.70,0.42,29.59,2.53
4187494329928704,48.5587,6.0344,-0.0541,-2.1531,-1.62,0.50,25.56,2.53
4373994694295168,48.1076,6.2324,0.1431,-2.1419,-1.33,0.56,26.23,2.22
5025420974297472,41.9723,4.3194,-0.0839,-2.2860,-1.65,0.38,24.52,2.56
5751854562935296,40.8934,4.5565,-0.0097,-1.9859,-1.52,0.41,31.26,3.50
5793670364399616,41.1360,4.4791,-0.1852,-2.2094,-1.76,0.47,25.60,2.00
6881396602176512,44.9506,5.6742,-0.3010,-1.6688,-1.35,0.48,32.86,2.52
7388752498494208,46.0654,6.2965,0.0118,-2.0908,-1.89,0.75,25.10,2.63
7399026060393856,46.1884,6.5146,0.0104,-2.0249,-1.62,0.52,31.01,3.26
8461467825860992,45.2106,7.5995,0.2374,-1.8105,-1.62,0.66,31.52,2.68
8925216919606400,45.0369,9.0070,-0.0671,-1.9129,-1.78,0.46,32.68,3.07
9486178303193728,50.9166,6.6070,-0.4289,-1.4708,-1.09,0.72,39.87,5.00
9688007406518528,52.2612,6.8879,-0.3860,-1.6017,-2.04,0.49,35.48,4.47
11991514330833408,55.6615,9.4197,0.3384,-1.4346,-1.92,0.41,31.70,2.92
12422488529337344,52.4901,8.8011,-0.0667,-1.2438,-1.35,0.52,29.88,3.01
12865110678977792,52.1434,10.1882,0.0659,-1.5621,-1.74,0.48,31.28,2.93
13749358545800960,48.2150,8.4878,-0.3991,-2.3289,-1.41,0.53,39.55,4.74
15534999789051392,47.2452,10.6983,0.0120,-1.4925,-2.00,0.46,30.36,2.99
15811733121699200,51.1285,10.1997,0.2588,-1.4960,-1.60,0.43,34.08,3.64
15895334660131328,50.6858,10.5893,-0.0431,-1.2227,-1.50,0.55,34.30,4.77
16475185309936256,52.9138,11.5953,0.4140,-2.1368,-1.18,0.48,28.76,2.51
17615211364696320,51.0920,12.9642,0.3349,-1.6407,-0.95,0.51,30.01,3.14
20001456539202176,38.8239,8.1666,0.1044,-1.9790,-1.77,0.44,29.08,2.61
20174045504913792,39.8231,8.9567,-0.2305,-2.4838,-1.59,0.54,22.75,2.18
20616598935344768,41.8893,8.6154,-0.2029,-2.5071,-1.45,0.52,26.51,2.32
22385884943175680,42.1744,11.0815,-0.2435,-1.6660,-1.75,0.54,36.35,3.01
22399044722995328,42.0666,11.1510,-0.1658,-2.2890,-1.63,0.40,23.88,2.21
22973711347210880,36.5667,8.9096,-0.0678,-1.9331,-0.92,0.80,27.19,2.67
23169802374139776,37.4478,8.9096,-0.3251,-1.9087,-1.94,0.77,31.16,4.32
24167162499623808,34.9013,10.4156,-0.6391,-2.7009,-1.33,0.43,19.82,1.74
24225956307437312,36.3473,9.8328,-0.1864,-1.5657,-1.86,0.54,27.45,2.86
25421705266896384,40.3092,11.3504,-0.1915,-2.1308,-1.62,0.57,25.48,2.91
26565918914296704,39.3688,12.7359,-0.0765,-1.5381,-2.59,0.94,39.88,4.42
26664119046633088,40.5609,13.4041,-0.1434,-1.9556,-1.50,0.51,28.07,2.33
27327158917898112,44.0422,10.5591,-0.5988,-2.0051,-1.59,0.56,35.22,3.68
730702511191270784,164.6095,28.3962,-1.9614,-1.6422,-1.54,0.43,22.87,1.82
730936466649394304,162.2685,27.3696,-2.3054,-1.7768,-1.83,0.39,22.62,2.21
732651120673245056,168.0120,30.2170,-1.7331,-1.3675,-1.70,0.41,28.10,2.64
733470325555344000,164.3153,30.7829,-2.2173,-1.7171,-1.63,0.47,23.43,1.82
734826435709203712,162.8046,29.7302,-1.8770,-1.5003,-1.64,0.39,24.52,2.07
744774164082548224,147.6965,31.0859,-1.9654,-2.3863,-1.53,0.41,21.02,1.69
747068192014727808,151.9126,33.3967,-2.2332,-1.9996,-1.57,0.41,20.47,1.59
751230672454383616,159.7565,35.9169,-1.7069,-1.7176,-1.51,0.43,26.41,2.55
752203224849281152,154.2780,33.7001,-2.7336,-2.1252,-1.70,0.52,17.92,1.58
2539303206493155584,15.0467,2.6840,-0.6441,-2.5761,-2.23,0.41,22.62,2.03
2540277614313050752,6.3024,-3.5249,-1.2073,-3.0996,-1.53,0.45,19.96,1.93
2547331844695053312,5.4592,2.0117,-1.1535,-2.8958,-1.46,0.43,21.42,1.59
2558382997409922048,22.0566,1.2326,-0.4899,-2.4776,-1.38,0.41,24.89,1.87
2558825898733076352,24.3048,2.3024,-0.4305,-2.2299,-1.22,0.45,27.74,2.08
2559931663832898944,23.2699,3.5460,-0.6732,-2.4114,-1.64,0.40,24.08,2.17
2560162252037039360,22.5002,3.7449,-0.6504,-2.9449,-1.46,0.47,20.40,1.58
2564351322619404416,19.6764,5.6566,-0.7629,-2.4573,-1.87,0.43,24.70,2.06
2566291818908366848,20.1331,7.1799,-0.4088,-2.6734,-1.52,0.42,23.76,1.92
2566326487884811008,20.4564,7.4531,-0.8120,-2.7062,-1.64,0.44,22.20,1.96
2567237983023946752,29.2916,5.9167,-0.3549,-2.1190,-1.01,0.64,32.54,2.95
4400583187508522752,234.8915,-5.8342,-1.2989,-0.6348,-1.99,0.47,48.95,6.17
4400913144076303360,234.6349,-4.6985,-0.9623,-0.6410,-1.65,0.47,54.56,6.08
4401416136286126208,232.8100,-4.4085,-1.0326,-0.0522,-2.21,0.51,43.75,4.95
4401809211693784192,233.1233,-3.9941,-1.4257,-0.4811,-2.04,0.45,53.97,7.26
4402660061894394368,235.4598,-3.4944,-1.5975,-1.0349,-1.32,0.46,30.00,2.55
4402905905823169152,237.3938,-3.1133,-1.2056,-1.0778,-1.61,0.39,32.53,3.19
4403368220402297728,237.8211,-1.6182,-1.0507,-0.5692,-1.69,0.42,52.62,4.94
4403588530749786752,235.7160,-2.4809,-0.9053,-0.2359,-1.44,0.45,55.78,5.97
4403602347654985600,235.7721,-2.2697,-1.1916,-1.0218,-1.64,0.46,56.75,5.83
4403955217872891520,234.7409,-1.2854,-0.7106,-0.7051,-1.03,0.52,52.59,5.46
4404653682634703872,241.8417,-3.8048,-1.6545,-1.0055,-1.55,0.51,45.20,4.96
4404725292630351488,242.9850,-3.4630,-1.6554,-0.7686,-1.80,0.52,49.55,4.82
4405326068353913856,243.6097,-2.2223,-1.4258,-0.9315,-1.69,0.47,43.59,3.80
4405409669897057792,243.1275,-2.4761,-1.3166,-0.3760,-1.44,0.40,45.79,4.90
4405415747276163840,243.0955,-2.3578,-1.3467,-0.5856,-1.59,0.44,44.36,4.29
4405676335825901056,240.5022,-3.1304,-1.3390,-0.5887,-1.25,0.51,46.98,4.11
4406271785793857024,242.2463,-1.7138,-1.2263,-0.5232,-1.89,0.48,49.43,4.33
4036834096482348928,268.7457,-37.8212,-2.3998,-1.4952,-1.76,0.45,16.67,1.29
888846780443734784,102.0763,30.6200,-0.1493,-0.6801,-2.77,0.58,52.80,6.34
708714237140335104,124.8686,30.9151,-1.8231,-2.6305,-1.96,0.44,17.30,1.35
713659191903446656,134.3110,34.5787,-2.2461,-2.5414,-1.31,0.42,16.93,1.32
720737053192576128,158.1779,20.4054,-2.1027,-1.6401,-1.79,0.48,20.48,1.84
721770937720331008,156.4720,21.6313,-2.0043,-1.9283,-1.41,0.46,21.61,1.73
6016171527157879936,235.1325,-31.9644,-1.3323,-1.1929,-1.47,0.63,31.92,2.92
4071839351249481472,282.3525,-28.3344,-3.0075,-1.3118,-1.42,0.53,26.05,2.15
4071844711368524928,282.6263,-28.2093,-2.5566,-1.2574,-2.08,0.43,27.72,2.48
4071855496008516224,283.0548,-28.1525,-2.5313,-1.5297,-1.85,0.47,25.80,2.28
4071856664251710976,282.9043,-28.1869,-2.2752,-1.5029,-1.85,0.46,30.77,3.75
4071864807494759040,283.2295,-27.9279,-2.5505,-1.7049,-1.62,0.52,28.93,2.58
4071933252099031552,282.8547,-27.6379,-2.4286,-1.5333,-1.67,0.53,26.10,2.20
4071936554944192768,282.8176,-27.6083,-2.5992,-1.1756,-1.35,0.77,28.97,3.08
4071984211879515392,283.3508,-27.5925,-2.5646,-1.3811,-1.38,0.48,27.25,2.15
4071985444552422784,283.3236,-27.5309,-2.6167,-1.5927,-1.44,0.54,27.55,2.32
4072042279860444672,283.1456,-27.2704,-2.9226,-1.1431,-1.56,0.52,26.16,2.29
4072083816473435008,283.3439,-26.9479,-2.8493,-1.6661,-0.09,0.76,21.18,2.52
4072144014749298432,282.4434,-27.3364,-2.8272,-1.3119,-1.96,0.78,22.89,2.57
4072149718445847040,282.5237,-27.2079,-3.0832,-1.8081,-1.68,0.49,24.84,2.03
2393494701791010688,350.8808,-17.9933,-1.8639,-3.0481,-1.72,0.54,21.75,1.97
2393848675815539072,355.6611,-18.2895,-1.8481,-3.9026,-1.56,0.55,19.99,2.50
2394527933482984576,354.9975,-17.2826,-1.5471,-3.2351,-1.50,0.52,24.16,2.04
2399194054672830592,347.6762,-18.9571,-1.8231,-2.7403,-1.94,0.43,22.90,1.76
2399850016438419072,344.6628,-18.3604,-1.7161,-2.7758,-1.72,0.40,25.70,2.71
2400467499591983872,340.7482,-21.3916,-2.4556,-3.1781,-1.85,0.40,21.34,1.98
2401475163343368832,341.3924,-19.0588,-2.0658,-3.0622,-1.34,0.51,20.39,1.81
2401582266943651840,339.3253,-20.2897,-2.5772,-3.1380,-1.79,0.39,18.93,1.56
2402903261444533504,343.3792,-18.1721,-2.3468,-3.8211,-1.85,0.57,20.32,1.92
2409304201529849856,351.3541,-12.9972,-1.5046,-3.0597,-1.36,0.48,23.46,2.04
2410168353244663808,348.4288,-14.6202,-1.6697,-3.6383,-1.18,0.70,18.92,2.19
2412964033356952576,347.9578,-12.3904,-2.3940,-3.7363,-1.55,0.51,17.74,1.52
2413627962286416896,349.5233,-10.4553,-1.4440,-2.9745,-1.40,0.66,24.45,2.04
2414352712247760512,359.9598,-18.1571,-1.3278,-2.6714,-1.95,0.43,25.88,1.98
2414442326741052032,359.6107,-17.6114,-1.5509,-2.9638,-1.73,0.42,22.83,1.74
4337313822410445824,250.0382,-10.6066,-0.9221,-0.4901,-1.31,0.49,37.49,3.27
4338661407051602048,250.2154,-9.4213,-1.3145,-0.3189,-1.42,0.46,46.73,4.89
4339573971639847808,252.1644,-8.5190,-0.9588,-0.7629,-1.55,0.45,20.90,1.77
6852019781261295360,299.9792,-23.4428,-3.0029,-2.2163,-1.95,0.42,23.83,2.08
6854805432628441216,309.1718,-23.3859,-2.2478,-1.6729,-2.49,0.45,15.14,1.32
6775204501627638144,314.6062,-37.7433,-3.2387,-2.6196,-1.52,0.42,22.08,1.74
6775239857798415488,314.9312,-37.3650,-2.9947,-2.3262,-1.53,0.48,22.50,1.85
6776654100332440704,319.2721,-35.5359,-2.3518,-2.3430,-1.77,0.40,25.65,2.00
6776767423046619776,319.4637,-34.6584,-2.5868,-2.7402,-1.34,0.43,23.63,1.95
6777050203693467520,317.3045,-35.3279,-2.6613,-2.0652,-1.63,0.41,22.55,1.79
6777294913750060544,316.2044,-34.9965,-2.6284,-2.3220,-1.23,0.44,23.61,1.98
6777841474108359936,318.2998,-33.3124,-2.7219,-2.1040,-1.67,0.40,22.15,2.27
6778549215999928448,313.9857,-36.1621,-2.5830,-2.2167,-1.15,0.44,24.57,2.28
6778993796654076672,313.1819,-34.9311,-2.8989,-2.2521,-1.54,0.40,22.05,1.84
6779012690213893760,313.5343,-34.8262,-2.6361,-1.9008,-2.22,0.40,25.03,2.08
6779143433315662080,310.4848,-36.2502,-2.5927,-1.7840,-1.36,0.42,22.39,1.94
6779381645083956736,310.3591,-35.6415,-2.6439,-2.0053,-1.57,0.40,24.09,2.08
6779436586306391552,310.0283,-35.4517,-2.9589,-2.2834,-1.88,0.41,23.41,1.98
6779678448800947712,311.8501,-35.1953,-2.8750,-2.1452,-1.54,0.45,23.10,1.78
6779751768185140480,312.7642,-34.8188,-2.4826,-2.2309,-1.67,0.40,25.28,2.05
6779896701859129344,311.6853,-34.7332,-3.1488,-2.0478,-1.53,0.37,19.36,1.74
6780024481428930816,311.3715,-33.7291,-2.5744,-2.3754,-1.50,0.38,22.13,2.07
6780391305996060288,315.5212,-34.2409,-2.3828,-2.2883,-1.60,0.45,24.60,1.84
6780493320059179136,314.6655,-34.3332,-2.7682,-2.3761,-2.07,0.41,23.21,1.93
6780633580808595584,315.3166,-33.6456,-3.2803,-2.6712,-1.66,0.40,20.07,1.53
4045163614329530112,276.1991,-32.6941,-2.5357,-1.0501,-1.78,0.62,29.69,2.45
4045255011223191424,277.4682,-32.3409,-2.1536,-1.0662,-1.25,0.59,27.01,2.20
4108678866305348352,257.8204,-26.9051,-1.3008,-0.8042,-1.27,0.47,29.24,2.80
6243095398394641408,243.4654,-21.0263,-1.3329,-1.0183,-2.23,0.51,45.81,4.54
6243931237686870016,242.5788,-20.5254,-1.0404,-0.4170,-1.60,0.52,47.14,5.73
6244030051994776448,240.8006,-21.0336,-1.5456,-0.5985,-1.74,0.38,45.10,4.08
6244067985147681792,241.2777,-20.5947,-1.4249,-0.9625,-1.56,0.46,47.52,4.65
6244126534140894208,241.8753,-20.4226,-1.5026,-0.6064,-1.56,0.51,41.48,4.00
6244237378655976448,241.8022,-19.6344,-1.1450,-0.3308,-1.75,0.46,45.00,4.54
6244251917125048960,244.9632,-21.7654,-1.3088,-1.1818,-1.60,0.44,25.46,2.22
6244540465908108416,243.8114,-21.1482,-1.3877,-0.4697,-1.79,0.43,38.43,3.14
6244608154593014528,243.8260,-20.7243,-1.8456,-0.7370,-1.95,0.55,47.90,4.26
6244751469062005504,244.1556,-20.2159,-1.0741,-1.0891,-2.05,0.43,57.24,6.59
6244877745395596544,245.8067,-20.2459,-2.1175,-0.9297,-1.45,0.51,44.70,4.56
6245184229966531328,245.0379,-19.3144,-1.7528,-0.1391,-1.74,0.44,36.83,3.22
6245196221515240192,245.3460,-19.2985,-1.2497,-1.0350,-1.30,0.45,33.29,2.82
6245353211160269952,246.0351,-18.4791,-1.3370,-0.7843,-1.38,0.47,33.17,2.78
6245363553441581696,245.9537,-18.3847,-1.7331,-0.7943,-1.88,0.41,32.70,3.12
6245552428924752640,244.5299,-19.5344,-1.5203,-0.8788,-1.72,0.41,43.90,4.86
1225251949327211264,214.4854,11.1522,-1.2990,-0.5864,-1.67,0.49,44.42,3.82
1225567028128448000,215.0497,11.1985,-0.8814,-0.7578,-1.80,0.46,64.91,6.13
1225667633442558720,215.0943,11.6950,-0.9281,-0.5766,-1.20,0.45,49.93,4.64
1226115718790476032,212.4919,11.0647,-1.1094,-1.0156,-1.60,0.47,51.71,4.26
1226144477891051136,212.7899,11.3203,-1.1529,-0.9332,-1.62,0.51,50.24,4.77
1226359127472401664,213.0326,12.2442,-0.8230,-0.9314,-1.52,0.50,48.78,5.08
1226636681143761152,212.4220,12.8075,-1.2739,-0.5317,-1.59,0.49,44.32,3.54
1226979733066515584,213.1254,13.1177,-0.9559,-0.4762,-2.18,0.42,49.03,4.03
1227877346871806848,217.8678,13.9240,-1.1715,-0.7863,-2.09,0.40,39.65,3.38
1228361402570261376,215.0755,13.3657,-1.2003,-0.4114,-1.64,0.60,54.75,7.58
1228461492488614144,214.7887,14.0983,-1.5306,-0.2942,-1.69,0.39,49.07,4.90
1229801659723433600,210.6704,13.0510,-1.3310,-0.3902,-1.54,0.43,50.63,4.30
1230612927506112000,209.6097,13.4656,-0.9929,-0.3982,-1.79,0.39,50.50,4.60
1230741020611316224,209.5183,14.2220,-0.5014,-0.4917,-2.16,0.43,65.06,5.88
1230829771815569536,210.0462,14.4054,-0.7333,-0.7872,-1.76,0.58,65.07,6.21
1231507655093621632,210.4183,15.6797,-1.3200,-0.3738,-2.52,0.46,76.31,7.81
1231889288707566848,214.5747,15.4114,-1.2905,-0.5335,-1.97,0.48,48.97,4.53
1232282780726531200,213.7417,16.6465,-1.7084,-0.5520,-2.23,0.45,35.69,2.74
1233028485833174272,213.0877,16.7399,-1.1398,-0.4137,-1.58,0.42,40.62,3.48
1233221553202749568,211.4589,16.8714,-0.9086,-0.8687,-1.81,0.41,31.48,2.50
6285133026457182464,218.2900,-18.2836,-0.7432,-0.5504,-1.92,0.55,47.80,5.76
6285486931762447872,221.6126,-17.3680,-0.8703,-0.8986,-1.94,0.42,33.71,3.01
6285847026116141440,220.2885,-16.4298,-0.7444,-0.7546,-1.97,0.45,52.30,5.31
6286327439681444352,217.8875,-16.7936,-1.2599,-0.7478,-1.39,0.60,31.77,3.46
6286892073262121856,219.3401,-15.5085,-0.7245,-0.9630,-2.02,0.45,47.04,5.82
6291102206364602752,210.8773,-18.4187,-0.6201,-0.5063,-2.30,0.64,44.24,3.94
4436175547131064960,244.5454,3.3280,-0.9389,-0.9229,-1.84,0.41,35.35,2.76
4436353668015166208,244.0223,3.3203,-1.1341,-1.2814,-1.77,0.40,28.96,2.26
4436393971987800448,244.2564,3.7340,-1.0840,-1.0766,-2.07,0.41,29.59,2.44
3606737269723711744,203.9874,-13.8760,-1.1259,-0.8861,-1.58,0.42,31.32,2.46
3606771492022839040,203.4547,-13.8366,-1.1465,-0.2399,-1.57,0.44,51.61,4.65
3606977203776088320,206.2710,-13.4713,-1.2802,-0.6460,-1.86,0.70,68.47,8.33
3610914314397533568,202.0114,-12.3120,-0.7895,-0.2964,-1.93,0.52,61.52,8.59
3611063401302155904,200.2637,-12.3453,-0.7626,-0.9111,-1.45,0.46,34.73,2.87
3611202730040830592,200.8904,-11.7653,-0.9213,-1.0311,-1.86,0.38,69.53,6.90
3611692493752150912,201.5890,-10.7249,-1.2200,-0.4990,-1.42,0.47,54.26,4.74
3613167213722350464,207.4904,-12.3510,-0.8959,-0.6799,-2.16,0.51,52.37,5.62
3613749443783912832,208.7327,-10.8922,-1.0550,-0.6593,-1.00,0.95,65.87,8.13
3614231506618786944,210.3291,-11.4345,-1.4308,-0.5165,-1.31,0.55,48.72,5.03
3614232915368092032,210.3413,-11.3784,-0.9633,-0.5779,-2.27,0.49,43.85,4.67
3614548543924963456,209.9995,-10.5092,-1.2419,-0.4791,-1.61,0.42,55.64,5.91
3615091977546499456,211.6804,-9.4763,-1.2004,-0.5151,-1.38,0.51,53.00,5.76
3615524566654390016,210.3077,-9.3152,-1.0579,-0.5381,-1.35,0.42,60.03,8.19
3616193138441442944,210.0204,-8.4113,-0.9130,-0.5419,-1.89,0.53,48.25,4.19
3616372805514044160,211.1301,-7.3477,-1.3731,-0.5385,-1.52,0.52,49.77,4.85
3616711661253197696,204.8749,-10.9999,-1.4037,-0.8089,-1.69,0.47,54.47,5.57
3616713211737160576,204.8735,-10.9524,-1.1327,-0.1152,-1.72,0.47,55.01,5.40
3618099829043170432,205.2840,-9.3014,-1.1881,-1.1640,-1.48,0.51,25.66,2.18
3618360447659184640,206.0520,-7.8240,-1.1782,-0.3689,-2.00,0.50,53.79,6.11
3619517340049740416,208.8957,-7.2908,-1.0199,-0.8440,-1.68,0.48,48.00,4.62
3619718310158981120,209.1502,-6.5916,-1.6169,-0.6026,-1.86,0.45,43.60,4.55
3620111763523453696,206.3720,-7.1098,-0.5946,-0.5723,-1.71,0.43,51.80,5.92
6010241139398408576,240.3848,-37.1760,-1.9311,-1.0573,-1.39,0.55,48.41,4.88
6766713587505074688,295.5993,-26.6514,-2.7762,-1.9731,-1.45,0.48,26.50,2.08
6767121338818427648,295.5356,-25.4772,-2.5521,-1.4731,-1.24,0.59,27.24,2.26
6767411747329128704,297.8398,-24.6317,-2.6190,-1.9145,-1.16,0.58,24.89,2.37
795233711915773440,148.6516,34.4251,-2.0341,-2.1200,-1.57,0.42,17.54,1.42
6731469635631865600,286.2600,-35.0490,-2.3728,-1.4261,-1.61,0.45,27.83,2.91
6731566392652796160,284.3281,-35.6041,-2.4542,-0.8863,-1.86,0.43,27.92,2.44
6731615703181414400,285.4808,-35.5881,-2.6418,-1.2449,-1.42,0.45,25.01,2.44
6731644561061519232,285.5067,-35.1543,-2.8008,-1.2356,-1.24,0.57,25.95,2.84
6731653498891949824,285.8760,-35.1292,-2.1064,-1.0291,-1.17,0.59,26.31,2.19
6731686033264363648,285.1527,-35.2193,-2.6694,-1.4511,-1.90,0.58,27.79,2.85
6731725478241211904,285.4600,-34.7789,-3.0525,-1.2947,-0.57,0.60,22.85,2.23
6731729360897261440,285.6615,-34.7252,-2.6754,-1.1380,-1.60,0.49,26.30,2.61
6731742245806219264,285.3961,-34.5221,-2.5064,-1.2226,-2.00,0.51,29.82,3.08
4332403845860134912,247.3860,-10.2288,-1.0623,-0.8726,-1.65,0.46,45.93,4.62
4332450231507375872,247.2927,-9.9093,-1.2298,-0.7584,-1.61,0.43,41.19,4.55
4333226246201760640,255.3747,-11.9848,-1.4600,-1.4639,-1.97,0.46,32.58,2.94
4333227929825580928,255.3838,-11.9005,-1.3396,-1.4454,-2.18,0.45,40.40,4.47
4333322281669978240,253.9417,-12.2899,-1.5425,-1.3621,-1.50,0.40,27.57,2.46
4333408936927239552,253.3873,-11.8782,-1.7824,-1.2206,-1.55,0.40,23.42,2.03
4333736149013736832,252.4176,-12.4652,-1.1461,-0.7546,-1.01,0.42,42.62,4.30
4333941517166434560,250.6879,-12.2402,-1.4680,-0.9441,-1.32,0.38,32.22,3.38
4121271912266261760,261.8760,-20.0743,-1.3891,-1.1035,-1.34,0.39,21.82,1.97
6586848504701537280,328.8478,-37.0274,-2.1822,-2.6224,-1.67,0.39,23.86,2.11
6587618880100369408,330.5574,-34.5954,-2.7256,-2.8233,-1.58,0.43,21.62,1.68
6588075044282768128,327.8453,-35.3069,-2.4610,-2.2055,-1.52,0.44,21.44,1.64
6588570580428827520,328.1971,-34.2030,-2.3172,-2.3544,-1.67,0.37,25.93,2.22
6591328533549175808,325.6360,-34.4394,-2.6682,-2.7518,-1.72,0.38,22.06,1.81
6591491772369771008,326.8073,-33.4110,-2.6716,-3.1362,-1.68,0.38,20.98,1.76
6591898011852126976,327.2717,-33.1011,-2.7977,-2.7990,-1.69,0.40,21.59,1.71
6591907804377639808,327.4565,-32.8832,-2.8845,-3.0203,-1.37,0.45,20.45,1.70
6592037615468973568,327.5986,-32.1753,-2.3458,-2.8482,-1.75,0.39,23.63,1.89
6592485696521925632,324.3244,-32.7006,-2.6814,-2.5653,-1.48,0.41,22.95,1.71
6592561597184597504,324.2054,-32.2116,-2.9602,-2.6830,-1.53,0.40,19.79,1.57
6592779506644445312,325.9953,-32.3348,-2.6666,-2.5473,-1.56,0.37,21.00,2.04
6592803013000943488,325.6861,-31.9777,-2.5905,-3.0341,-1.54,0.40,22.31,1.82
6593144647584167424,326.4480,-31.0126,-2.0042,-2.7125,-1.64,0.45,24.41,2.09
6595037529865958912,337.1543,-37.9679,-2.8655,-2.9721,-1.89,0.40,19.20,1.62
6595396348613794944,337.6880,-36.7634,-2.8723,-3.2623,-1.67,0.42,18.61,1.61
6596813928339526144,339.3639,-35.9628,-2.1907,-3.0699,-1.82,0.41,22.14,1.94
6597217169933649664,340.3018,-35.4731,-2.4454,-3.2881,-1.88,0.48,21.49,1.99
6597955530647114752,335.6515,-37.3174,-2.7690,-3.6381,-1.55,0.45,18.90,1.35
6598135300798138368,333.7727,-37.2773,-2.7644,-2.8151,-1.53,0.44,22.00,1.60
6599820916547754880,333.6662,-34.3653,-2.0835,-2.8608,-1.61,0.39,23.07,1.87
6600377200711754368,336.4401,-34.5579,-2.5681,-3.3961,-1.77,0.41,20.71,1.70
6600751897953856768,339.3982,-33.1413,-2.2934,-2.9270,-1.61,0.41,22.10,1.79
4074635993407025920,282.7245,-25.7290,-3.0022,-1.6487,0.10,0.67,27.75,3.14
4112678614703850112,257.2256,-24.6039,-2.3501,-0.5733,-1.19,0.47,37.92,4.37
6334452312011300480,227.8187,-6.0518,-0.7289,-0.9219,-1.09,0.52,63.27,7.43
6334583458836847616,228.3332,-5.6485,-0.6652,-0.4937,-2.02,0.41,47.89,5.53
6334606204983851264,227.4062,-6.2726,-1.5240,-0.4796,-1.95,0.44,53.93,6.50
6334711483222039168,227.4254,-5.6912,-1.5193,-0.5841,-1.71,0.71,50.56,4.96
6335531925054623872,225.8537,-5.3716,-1.1598,-0.9682,-1.12,0.50,55.68,6.62
6335949498955106432,225.9310,-4.2868,-1.0002,-0.1364,-1.36,0.48,57.28,6.28
6335981281713320448,226.4612,-3.8724,-1.1833,-0.2891,-2.00,0.48,64.97,6.54
6336064951970729472,228.1597,-4.0919,-1.5365,-0.4492,-1.24,0.78,50.17,6.34
6336076836145504000,227.3413,-4.3658,-1.0812,0.0452,-1.39,0.55,57.16,5.97
6336564950588925696,222.1657,-7.1563,-1.1645,-0.0015,-1.27,0.59,52.60,4.64
6336633326468073856,222.5300,-6.3778,-1.1423,-0.2863,-1.44,0.84,54.95,7.32
6336713315939433600,222.8551,-6.3508,-1.5065,-0.4706,-1.61,0.52,54.76,5.59
6336728129281604864,222.7066,-6.2844,-0.9125,-0.7158,-0.88,0.85,48.68,5.24
6337107319059104000,222.2967,-5.0609,-1.0686,0.0101,-1.36,0.53,56.92,6.64
6337154086958250368,223.5770,-5.6573,-0.9439,-1.2384,-1.64,0.43,53.18,6.45
6337233973349994880,223.6588,-5.3030,-1.0143,-0.7200,-2.04,0.47,54.14,6.25
6337284443509973120,224.5357,-5.0093,-1.1240,-0.0905,-1.23,0.57,47.54,4.69
6337459575096646528,223.3372,-4.7292,-0.7526,-0.6432,-2.14,0.49,70.49,6.76
6337627048756874752,223.2709,-4.2822,-1.2406,-0.4340,-0.74,0.51,55.20,7.26
6337836810664129920,221.3562,-5.2619,-0.8659,-0.0821,-1.98,0.49,60.94,7.45
6337997545520238720,219.8634,-5.0076,-0.8153,-0.1638,-1.61,0.51,47.38,4.48
6338042144460244608,220.4082,-4.5337,-1.3235,-0.6759,-1.34,0.59,50.48,5.74
6338284827292681216,222.0998,-4.3324,-0.7483,-0.8322,-1.23,0.66,42.62,5.25
6338575476319192832,221.7566,-3.7384,-1.4164,-0.3884,-1.34,0.58,50.07,5.66
6338581145676089344,222.0072,-3.5953,-0.8265,-0.6822,-2.33,0.85,52.11,6.42
6338951303138168192,225.1576,-3.7464,-0.7257,-0.8188,-1.44,0.67,42.11,6.22
6339235148936659072,224.2422,-3.1346,-0.9505,-0.4350,-1.34,0.61,60.19,8.68
6339472196771059840,225.7849,-3.0173,-0.8432,-0.6252,-1.93,0.66,52.52,5.05
6339484639292154112,226.0725,-2.7229,-1.4206,-0.4268,-1.24,0.53,56.20,7.27
6339514257386713600,226.5653,-2.5442,-0.9558,-0.5587,-0.92,0.59,60.38,8.89
6339586206678960128,227.3635,-2.2959,-1.2272,-0.1823,-1.76,0.57,51.17,5.30
6339631007482090496,227.0363,-2.2379,-1.7808,-0.8553,-1.93,0.43,44.84,5.16
6339744501993428096,225.4542,-2.4454,-1.0664,-0.3577,-1.72,0.52,52.22,4.93
6340000855705580288,223.6446,-2.9799,-1.0509,-0.5933,-1.40,0.72,57.09,8.01
6340386475049276672,223.5201,-2.0308,-1.0935,-0.7333,-1.73,0.44,64.46,6.30
6340688428430028800,226.1057,-1.2899,-1.1069,-0.3767,-1.00,0.58,46.90,4.08
6340757938181410816,225.5857,-1.0141,-0.7805,-0.1921,-2.38,0.81,51.99,5.70
6340853698772240384,224.5918,-1.0342,-1.2228,-0.7450,-1.66,0.45,58.44,7.85
3391044939830813696,81.0047,15.9670,0.0831,-0.7423,-1.34,0.70,47.15,4.99
3391277422116620672,76.2147,12.7983,-0.3519,-1.4687,-1.74,0.42,51.77,5.89
3393273684260813440,74.6117,15.6901,0.7345,-1.3679,-1.54,0.53,33.47,3.27
3393796776917168768,78.2356,15.5936,0.1478,-0.7295,-0.83,0.47,18.16,1.47
3394450165999292032,80.2249,17.0923,0.6266,-0.8213,-1.68,0.53,73.21,9.51
3395207763869349248,78.9655,17.6134,0.0604,-1.0699,-2.02,0.44,45.55,4.77
3694899616731868288,186.6143,-0.8680,-1.1709,-1.2009,-1.45,0.42,37.36,2.85
3694957998223493248,185.3361,-1.4039,-1.3335,-1.3402,-1.53,0.46,24.47,1.99
3696002809147132288,190.0611,0.0954,-0.8610,-1.0086,-1.94,0.51,28.43,2.46
3696335961170691456,186.9507,-0.9795,-0.6646,-0.7364,-1.99,0.42,15.76,1.31
3696386706208078720,187.1496,-0.6444,-1.0171,-0.9146,-1.93,0.43,29.45,2.37
3696593590489043200,187.5417,0.1844,-0.8918,-0.6451,-1.86,0.43,45.17,3.67
3697028958438196864,188.3330,0.9957,-1.3648,-0.1720,-1.84,0.52,42.93,3.51
3697200757129517568,187.7793,0.9480,-1.5438,-0.7984,-2.13,0.46,87.48,8.93
3697413482565855232,188.0838,1.9330,-0.9070,-0.4637,-1.96,0.46,15.13,1.29
3697859403249998592,182.2935,-0.7998,-1.2415,-0.8660,-1.84,0.44,23.17,2.00
3698409017329587712,183.5681,0.1741,-1.1426,-1.4231,-1.35,0.43,23.65,1.93
3699441600482345216,182.3445,0.9564,-1.2014,-0.7960,-2.20,0.55,57.15,7.01
3699994169498939392,184.7926,0.7439,-1.1249,-1.3645,-1.80,0.48,33.15,2.49
3700166036910296320,185.9445,1.5819,-1.1312,-0.4890,-1.74,0.42,52.39,4.35
3703065041051974656,192.8427,3.2971,-1.1576,-0.3842,-2.03,0.41,52.91,4.81
3703323147111475968,190.2367,2.4619,-0.9241,-0.5636,-1.43,0.42,48.05,3.99
3704550923641933312,193.3915,3.5999,-0.9134,-0.7714,-1.61,0.43,46.30,3.87
3704837964895965952,195.9431,4.3033,-0.9613,-1.0934,-1.79,0.46,45.43,4.04
3705044088966751232,195.9152,5.1464,-1.3245,-0.8212,-1.80,0.49,41.03,4.28
3705150054399491840,194.2081,4.8293,-0.9301,-0.2806,-1.81,0.42,54.50,5.69
3705581720088851712,193.0473,5.0227,-0.9357,-0.5915,-1.75,0.38,52.83,4.44
3705957199013767168,194.1423,5.3557,-0.9205,-0.8252,-1.58,0.42,44.56,3.64
3706046603053168256,194.6518,5.5540,-1.7310,-0.5546,-1.51,0.38,35.41,3.40
3706494241724285312,188.3923,2.8373,-1.2260,-0.7158,-1.90,0.40,43.17,4.05
3706524993690882432,188.8122,3.0767,-1.3839,-0.3368,-2.20,0.43,58.03,4.95
3706831211975240448,187.4933,3.6703,-0.9510,-0.2422,-1.90,0.41,49.90,4.45
3706903814101990912,188.2166,3.8182,-1.2263,-0.7211,-1.92,0.46,67.33,6.87
3706961469742939008,187.9628,4.0721,-1.4724,-1.2835,-1.44,0.45,27.63,2.36
3706969333826796160,188.2217,4.2110,-1.0527,-1.3140,-2.04,0.39,28.59,2.22
3707135944198182400,189.8060,4.3019,-1.1467,-0.8823,-1.98,0.41,45.21,4.07
3707192397248432128,190.3482,4.6029,-1.2748,-0.8402,-1.64,0.39,42.45,3.62
3707580048112676608,189.8554,5.7321,-1.3642,-1.2391,-1.72,0.49,25.60,2.01
3707775348866211712,188.3616,4.7247,-1.0377,-0.3957,-2.20,0.40,44.89,3.63
3707921064220138496,186.8920,4.8378,-1.3150,-0.7432,-1.23,0.45,34.49,3.06
3708326547788595456,189.0695,5.9113,-1.0870,-0.7917,-1.74,0.47,45.06,4.29
3708449345197196288,187.8814,5.7352,-0.9921,-1.1213,-1.17,0.51,49.47,3.96
3708613241149170816,188.7024,6.3749,-1.1498,-1.0326,-1.32,0.48,44.73,3.60
3709015456246496896,190.3794,5.6547,-1.8363,-1.0641,-1.74,0.52,37.01,3.38
3709240035792528896,190.9389,6.7699,-1.1999,-0.2818,-1.41,0.41,34.70,3.05
3709343836562217216,192.9561,6.7162,-1.2057,-1.1554,-1.94,0.37,31.34,2.78
3709467359822266496,193.8526,7.2002,-1.7948,-0.6282,-1.74,0.41,43.89,3.68
3709615652156337664,192.2061,7.2113,-0.9958,-0.4777,-1.67,0.41,49.40,4.17
3709951832132719104,189.7589,6.7479,-1.0742,-0.7097,-1.81,0.42,54.08,5.37
3710420876921610112,191.0913,7.3566,-1.1237,-0.8992,-1.85,0.39,41.50,3.64
3710650601836089984,191.9055,8.4394,-1.6319,-0.3937,-1.65,0.39,37.88,3.74
3710804670903090944,190.6073,8.6910,-0.8073,-0.8148,-1.86,0.41,63.28,5.10
3710878235102435328,191.4267,8.8642,-1.4054,-1.1314,-1.86,0.45,36.01,2.82
3711275433678032512,201.7328,0.9753,-1.6066,-0.5726,-1.97,0.44,50.25,4.20
3711424284360193664,202.9136,1.5778,-0.7876,-0.4336,-1.44,0.46,50.74,4.46
3711849520482195712,203.5931,2.2623,-1.3135,-0.6306,-1.52,0.41,47.75,4.54
3711892981255822336,203.0752,2.3548,-1.1703,-0.6705,-1.87,0.41,44.91,3.70
3712454075783275648,200.1437,2.3175,-1.1001,-0.2244,-1.78,0.41,43.94,3.85
3712608213569938816,200.4808,2.9977,-1.5318,-0.5202,-1.49,0.51,42.91,3.80
3712822721416112000,203.2503,3.3495,-1.6063,-0.4159,-2.09,0.43,50.14,4.60
3712894881162319232,202.9546,3.7042,-1.5975,-0.5496,-2.51,0.44,39.66,3.29
3712944973365216512,201.7846,3.2402,-0.4759,-0.4313,-1.55,0.55,46.13,4.23
3713023794605412224,201.5848,3.6842,-1.3592,-1.1055,-1.23,0.50,32.47,2.70
3713129038483740800,202.9985,4.2570,-0.7485,-0.7268,-1.71,0.42,56.30,5.39
3713302692601911680,205.0191,2.9749,-1.1227,-0.6850,-1.57,0.44,43.37,3.66
3713555064879819264,204.9486,3.5896,-0.9960,-0.4523,-1.84,0.41,62.67,6.28
3713633370723743104,204.6118,4.0109,-1.6682,-0.6135,-1.67,0.39,49.44,4.45
3713953500406309120,207.2990,4.6094,-1.5423,-0.8375,-1.06,0.58,46.10,3.99
3714029194909377024,207.4225,4.9039,-1.5689,-0.3971,-1.52,0.37,47.84,4.60
3714031393932651264,207.5013,4.9758,-0.9807,-0.6320,-1.82,0.41,48.12,4.27
3714078054458261632,206.1575,4.5146,-1.4498,-0.6901,-1.61,0.43,51.43,4.33
3714142238449041280,205.8965,4.7070,-1.3525,-0.8021,-1.64,0.42,52.46,4.51
3714234185108935936,206.5900,5.1939,-0.8672,-0.4569,-1.90,0.39,47.89,4.38
3714500507441077376,204.8391,4.5435,-1.0358,-0.4425,-1.58,0.42,51.45,4.53
3714537684678036608,204.7576,4.6801,-0.6754,-0.2614,-1.75,0.41,46.82,3.93
3714621213201809024,204.4851,5.1935,-0.4796,-0.5711,-1.75,0.48,50.96,5.02
3714694983559880960,203.5168,5.0206,-1.3641,-0.8748,-1.70,0.41,43.91,3.39
3714760507581346176,203.2493,5.1998,-1.1014,-0.4672,-1.61,0.45,44.64,3.86
3714998654928074496,204.8758,5.4011,-1.2677,-0.3522,-2.35,0.51,48.15,4.10
3715148188508813568,205.7476,6.1528,-1.2328,-0.7607,-1.31,0.52,44.45,4.25
3715540989038143232,199.3538,2.7669,-1.2132,-0.6739,-1.54,0.41,46.85,4.77
3715698287920596992,200.2275,3.7192,-1.4911,-0.5946,-1.56,0.38,42.05,3.91
3716500587811106176,201.6237,5.3380,-1.4627,-0.6144,-1.70,0.43,40.94,3.07
3716719085683027584,198.0687,4.3711,-1.0337,-0.4605,-2.22,0.47,54.00,4.89
3716723689887970944,198.0657,4.4477,-0.8647,-0.4163,-1.58,0.51,59.29,5.62
3716932871975170560,197.8678,4.7665,-0.7817,-0.9215,-1.85,0.48,43.25,3.70
3717023719123495040,198.1413,4.9403,-1.1663,-0.9229,-1.40,0.53,36.39,3.81
3414473367959705856,81.0670,21.8901,0.8993,-1.1624,-1.75,0.44,26.04,2.42
3415229935035839360,76.0374,22.0500,-0.0482,-0.7511,-0.91,0.53,34.12,3.44
3415378472183558016,76.9637,22.8217,0.7374,-1.4278,-0.65,0.59,33.31,3.57
3415916889283533952,78.3683,23.8410,-0.1208,-0.7017,-1.64,0.44,32.49,3.31
169029026349950080,62.6208,30.8249,0.1468,-0.8312,-2.92,0.50,20.94,1.84
169463741459781376,63.4603,31.7991,0.9061,-1.4400,-1.66,0.47,37.24,3.21
72434593382867200,32.5634,10.8980,-0.1451,-1.9960,-1.40,0.52,32.36,3.36
72989395782940288,34.2381,12.1299,-0.1670,-2.1762,-1.85,0.52,27.57,2.47
73669241861606784,32.6849,12.7528,-0.1413,-2.0126,-1.72,0.45,25.55,2.32
6048135150516981248,249.5657,-23.3088,-1.4907,-0.4853,-2.02,0.51,53.35,6.85
2476876857573260672,17.3117,-5.5570,-0.6137,-2.5786,-1.57,0.47,24.81,2.50
2477098752763614336,22.5952,-8.7195,-0.7630,-2.6342,-1.68,0.43,26.26,1.97
2477400220812970240,21.8030,-7.8822,-0.8142,-3.0879,-1.88,0.48,18.78,1.67
2478291374986762624,22.3665,-7.2499,-0.6233,-2.4194,-1.70,0.37,27.15,2.27
2479406215353454976,26.0220,-6.0567,-0.8847,-3.4077,-1.87,0.49,20.05,1.70
2480402957003770368,24.3701,-5.4432,-0.7782,-2.5820,-1.47,0.43,22.69,2.17
2480738754726734976,22.9603,-4.6398,-0.6639,-3.1200,-1.83,0.41,20.99,1.75
2481548128428725248,20.1665,-6.4219,-0.6891,-2.6754,-1.64,0.41,26.43,2.75
2481745117104034560,20.5824,-5.6624,-0.7295,-3.0747,-1.61,0.43,22.00,1.71
2482504600465323520,21.4778,-4.4103,-0.5929,-2.6796,-1.36,0.41,25.32,1.96
2483054772891593344,18.0073,-4.4850,-0.9281,-2.7583,-1.39,0.39,25.87,2.21
2483567381532859648,18.9418,-3.3477,-1.1463,-3.5819,-1.73,0.52,17.38,1.71
2484160125674859520,22.5817,-3.4422,-0.7624,-2.6863,-1.36,0.41,21.76,1.75
2484333917231420032,24.3146,-3.2255,-0.4654,-2.6776,-1.51,0.45,24.07,2.10
2484461043971529472,24.3735,-2.7276,-0.6508,-2.5259,-1.58,0.49,26.67,2.06
2484937647899275392,20.6821,-3.1077,-0.9968,-2.7371,-1.88,0.47,19.53,1.73
2487406601259056640,31.8860,-7.4870,-0.2879,-2.1699,-1.66,0.38,27.10,2.22
2487670896366694272,32.4289,-6.1167,-0.4023,-2.5924,-1.41,0.47,24.23,1.83
2488052843513690240,32.5678,-5.8970,-0.1189,-2.3417,-1.26,0.43,29.31,2.84
2488169868487158272,33.3207,-5.6097,-0.2887,-2.7060,-1.91,0.67,24.46,1.96
2490616762895407872,30.8709,-6.2933,-0.2507,-2.5214,-2.34,0.42,27.09,2.13
2490824501873653376,30.7659,-5.8657,-0.4025,-2.4570,-1.93,0.40,28.69,2.69
2491214042522778240,32.8745,-5.0909,-0.2186,-2.4229,-2.03,0.51,27.45,2.29
2491811249135427200,30.3864,-4.8608,-0.4254,-3.0307,-1.73,0.44,22.05,2.04
2492026031859852800,28.5687,-4.4903,-0.4456,-2.7301,-2.07,0.47,23.74,1.74
2492407734193452544,31.4858,-3.4811,-0.5570,-2.3164,-1.83,0.52,27.82,2.18
2493757998896856192,35.2581,-1.9029,0.0080,-2.4479,-1.60,0.45,26.71,2.38
2494298786819068544,32.3654,-2.1457,-0.3590,-2.0870,-1.71,0.43,32.45,2.62
2494792433180015872,32.9132,-1.2972,-0.2788,-2.6298,-1.18,0.50,24.28,2.04
2496409574265869312,37.2141,-2.7626,-0.5250,-2.8367,-1.48,0.48,20.07,1.73
2497382229740019584,42.2917,-1.2841,0.0517,-2.2301,-1.39,0.53,26.41,2.52
2499316098894604288,41.2410,1.3384,-0.4835,-1.8328,-0.96,0.55,28.15,2.34
2500224089340291584,38.4422,-0.3171,-0.4707,-2.3677,-1.48,0.54,25.62,2.75
2501273607549180928,36.3477,0.6605,-0.1644,-2.4082,-1.51,0.42,26.40,2.52
2501495880696267264,35.7878,0.9595,-0.0415,-2.2821,-1.82,0.45,26.29,2.34
2501658917654789888,37.0071,1.8101,-0.3177,-1.7084,-1.77,0.49,30.54,2.84
2501744507763305984,36.6028,2.2475,-0.2445,-1.8154,-1.42,0.57,31.22,2.73
2501829926073047552,39.1476,0.5014,-0.0846,-1.9682,-1.57,0.41,29.76,2.82
2502135693384484480,38.3046,1.4169,-0.5141,-2.3416,-1.53,0.72,23.24,2.58
2502486059636952064,41.3623,2.2779,-0.1429,-1.9782,-1.29,0.92,28.97,2.59
2502987643097810944,37.9778,1.9480,-0.1032,-2.1753,-1.10,0.52,27.55,3.08
2505171170110921216,27.0797,-3.0047,-0.4137,-2.8589,-1.85,0.42,23.62,1.83
2506166846609329664,28.2632,-0.6407,-0.0585,-2.8614,-1.80,0.49,23.87,2.08
2506305007117200896,31.4369,-1.7262,-0.5135,-2.8578,-1.01,0.57,23.34,2.17
2507056763833489792,32.8022,0.1533,-0.5583,-3.1026,-1.93,0.56,21.66,2.24
2507882119108809216,29.3496,0.5321,-0.5775,-2.2135,-1.58,0.41,26.85,2.38
3930872885274548096,191.4992,14.2634,-0.9182,-0.6905,-1.28,0.47,37.92,3.50
3930947484562884352,192.6648,14.7658,-1.2812,-0.2628,-1.63,0.50,50.04,4.46
3931813968444268288,189.2263,13.1671,-1.4973,-0.7732,-1.84,0.40,39.53,4.14
3932106262443139840,188.6600,13.7453,-1.6210,-1.0254,-1.75,0.42,36.27,3.11
3932371691422009600,190.3540,14.2520,-1.2935,-0.6808,-1.66,0.41,38.11,2.96
3934614493280920832,193.4969,16.7081,-1.1375,-0.6303,-1.33,0.42,38.63,3.45
3934782576824366336,192.3092,16.9392,-1.3560,-0.7885,-1.56,0.50,36.50,3.04
3934935099703916928,192.9896,17.5753,-1.2587,-1.0337,-1.73,0.39,35.09,3.29
3934963721365387264,192.4620,17.5821,-1.8186,-0.7883,-1.93,0.52,35.08,3.28
3935192522862782208,190.4715,16.7918,-0.8554,-0.7788,-1.54,0.42,39.10,3.23
3935474758049138560,189.6968,17.4471,-1.4089,-0.9522,-1.70,0.41,32.59,2.75
3935800209196215808,191.4580,18.0794,-1.3308,-0.7200,-1.61,0.40,37.57,3.30
3936154286299336832,196.8353,14.7335,-1.1076,-0.4744,-0.98,0.55,38.19,3.34
3936427171341527552,197.6137,16.2934,-1.0677,-0.7628,-1.79,0.37,39.69,4.23
3936504205874952320,195.7462,15.6074,-1.2485,-0.5441,-1.57,0.40,44.63,4.02
3937956660735121664,197.1243,17.9833,-1.2169,-0.1048,-1.68,0.37,39.41,3.49
3938218859899296640,195.6957,18.3614,-1.5438,-0.7306,-1.62,0.41,35.43,2.88
3938440072190455296,200.0392,17.4814,-1.1070,-0.9543,-1.93,0.36,42.94,3.79
3939310881103504128,200.7438,19.6709,-1.7688,-0.9655,-1.68,0.39,28.59,2.54
3939689422341157120,198.8842,19.2294,-1.3288,-0.9119,-1.54,0.39,36.73,3.52
3940112974836101120,199.5104,19.9217,-1.0542,-0.6039,-2.18,0.42,47.79,3.99
3940453823440796800,198.7211,20.7919,-1.9381,-0.8731,-1.58,0.52,32.99,2.91
3940469839374374784,198.5297,20.8790,-1.7740,-0.8028,-1.53,0.44,30.09,2.66
3940648162120975488,199.7490,21.9391,-1.0328,-0.8725,-1.47,0.41,43.99,3.61
3940759144076266880,194.1394,17.7659,-1.7189,-0.5673,-1.29,0.40,36.70,3.33
3942210950396401024,192.9247,19.8580,-0.9642,-0.3896,-1.56,0.56,35.82,3.19
3943531528285860736,198.5122,21.5190,-1.3247,-0.2911,-2.03,0.43,90.30,9.31
3943613132664691328,198.9229,21.6179,-1.1742,-0.7906,-1.94,0.48,33.04,3.08
3944953849655398528,196.1536,23.3038,-1.3749,-0.3250,-1.49,0.42,59.03,5.47
3945162516346275328,185.8114,14.6843,-1.3778,-0.8902,-1.66,0.42,36.62,2.97
3945261266234517504,185.7259,15.2188,-1.2631,-0.9458,-1.97,0.49,37.13,3.41
3945723615170064512,187.0933,15.9593,-1.1020,-0.9074,-2.03,0.42,35.87,3.05
3945828343652572160,186.9361,16.5609,-1.4241,-0.9583,-2.11,0.48,38.33,2.89
3945992407107855232,187.7893,17.4334,-1.1465,-0.7078,-2.05,0.43,39.72,3.46
3946139677242225152,187.0151,17.0292,-1.8593,-1.1689,-1.85,0.38,17.65,1.44
3947084398248035840,185.8616,18.3349,-1.8460,-0.6744,-1.53,0.42,32.76,2.52
3947181597652248960,185.0288,18.1986,-1.3997,-0.9088,-1.61,0.43,34.26,3.00
3947410021192575744,188.3859,17.0824,-0.9492,-0.5434,-0.07,0.71,32.92,3.32
3947915178066632448,188.2513,18.9733,-1.7547,-1.0199,-1.44,0.43,29.52,2.47
3948441500538472960,190.4359,20.1709,-1.4761,-0.8103,-1.60,0.43,37.43,2.88
3948484209694104704,189.1858,20.1345,-1.5297,-0.9669,-1.75,0.43,35.83,2.82
3948742216968609920,187.4061,19.1881,-1.5444,-1.0082,-1.96,0.40,29.69,2.64
3948791660632498176,187.7777,19.7777,-1.2114,-0.7511,-1.50,0.43,33.79,2.67
3948830968172785152,186.1801,19.0876,-1.1221,-0.8336,-1.82,0.43,37.73,3.25
3949327019716043008,188.5302,20.6777,-1.4789,-0.6685,-1.33,0.47,33.07,2.71
3949336159406543488,188.6764,20.8605,-1.4098,-0.6786,-1.62,0.43,36.37,2.89
3949932678823888640,183.6249,18.6924,-1.9445,-1.0109,-2.73,0.42,24.58,2.20
3950249784849272960,184.2307,18.6727,-1.4152,-0.9497,-1.56,0.48,31.77,2.53
3950389354106783104,185.0284,19.2710,-1.8909,-0.9718,-1.98,0.49,29.66,2.22
3950989790534652672,182.3691,19.5878,-1.5940,-1.0402,-2.01,0.49,29.83,2.64
3952164584349418624,186.5297,20.9719,-1.4073,-0.7829,-1.89,0.48,35.23,3.04
3952555392013323520,186.7862,21.3422,-1.6591,-1.0668,-1.79,0.47,32.55,2.54
3952751964076400384,187.7771,22.6173,-1.7537,-0.7257,-2.07,0.40,34.20,2.85
3952771514767769984,186.1811,21.6101,-1.5799,-0.5811,-1.48,0.42,32.09,2.92
3953001793734505344,187.1229,22.7944,-1.2002,-0.4680,-1.55,0.46,37.50,3.03
3953915968933696128,185.2891,23.1035,-1.1888,-0.6688,-1.46,0.49,56.43,5.64
3954397181364871424,191.3787,20.8239,-1.5525,-0.8954,-1.67,0.42,39.35,3.24
3954659719830346368,190.8870,21.2328,-2.0713,-0.6634,-1.78,0.39,35.80,3.10
3955187863368262400,193.0195,22.5663,-1.4288,-0.7695,-1.87,0.51,38.46,3.53
3956839574646883456,194.0468,23.4714,-1.8048,-0.5872,-2.09,0.42,20.97,1.74
3957103143904476672,195.1860,24.2629,-1.3357,-0.7224,-1.84,0.40,46.97,4.52
3959619651142699648,189.0013,24.7775,-1.6215,-0.8618,-1.86,0.39,36.25,3.16
4126449375069781504,251.5153,-22.8606,-1.2762,-0.4965,-2.31,0.39,42.44,3.92
4126546239471797760,251.8844,-22.2109,-1.6533,-0.2019,-1.39,0.45,39.36,3.57
4126589597153825792,252.2004,-22.2515,-1.9270,-0.7922,-1.48,0.53,32.58,2.52
4126617054888197120,252.5794,-22.1385,-2.1575,-0.6924,-1.48,0.48,38.14,3.62
4126670686136984576,252.4012,-21.9502,-1.8757,-0.6161,-1.85,0.46,37.49,3.33
4127008446657662080,252.8268,-21.7398,-1.2373,-0.7435,-1.41,0.44,38.99,3.37
4127044146425936896,253.2439,-21.3866,-1.4101,-0.8807,-1.53,0.40,35.10,3.19
4127045516523633920,253.3117,-21.3660,-2.2828,-0.8749,-1.69,0.42,33.97,2.97
4127066411536750976,252.9135,-21.4804,-1.9370,-0.4784,-1.63,0.45,44.96,4.06
4127084038083252736,252.7184,-21.3307,-1.4498,-0.2519,-1.38,0.43,34.62,3.25
4127099117717672960,253.1618,-21.1396,-1.8995,-0.8874,-1.33,0.59,35.29,3.08
5137083049851510144,32.7504,-19.7393,-0.5674,-2.9691,-1.68,0.42,18.98,1.79
5137823502212816640,28.9382,-19.4095,-0.4931,-3.4181,-2.16,0.45,21.09,1.77
5139821383560103040,23.3446,-20.2188,-0.9626,-3.3340,-1.68,0.44,20.62,1.55
5141945674384419584,29.0701,-16.2111,-0.7088,-2.7724,-1.72,0.43,24.23,2.03
5142232990517320832,27.4558,-16.8390,-0.5446,-2.9199,-1.59,0.42,22.68,1.82
5142535523717696768,26.4757,-16.0234,-0.7401,-3.2576,-1.73,0.37,18.11,1.64
5143255845568071808,34.5321,-18.6249,-0.6263,-3.1332,-1.36,0.43,21.92,1.68
5145613125483289088,37.3532,-15.5053,-0.3947,-2.6444,-1.06,0.61,23.46,2.44
5147379181675630976,36.4819,-13.2983,-0.1904,-3.0544,-1.35,0.45,23.47,2.41
5148011611315248768,30.3587,-15.4802,-0.4612,-2.4527,-1.71,0.40,24.99,2.17
5149351087060651904,31.5585,-13.8385,-0.8085,-3.3388,-1.75,0.41,20.39,1.69
5150580341060261888,36.0529,-12.3856,-0.3529,-2.7450,-1.70,0.40,22.87,2.07
5151854709396492288,32.9105,-11.2022,-0.4815,-2.5000,-1.08,0.50,24.81,1.99
5154188216668035456,44.0759,-15.5435,-0.2650,-2.3365,-1.60,0.39,24.85,1.99
5165111967769577984,53.9627,-8.9995,0.1706,-2.0104,-1.59,0.44,32.44,2.83
5166456258173350016,49.7900,-9.3842,-0.1518,-1.7859,-0.12,0.76,30.35,2.89
5168405932807784832,50.1511,-7.6002,-0.0288,-2.3817,-1.82,0.83,28.15,3.31
5168509909671667584,52.2944,-7.6616,0.0381,-1.9847,-2.01,0.43,30.58,2.69
3901852615889810816,186.2254,7.7490,-1.0942,-0.5927,-1.96,0.39,44.94,4.33
3901957584890239872,186.4898,8.0357,-0.8680,-0.8482,-2.02,0.54,44.95,4.17
3902313865312573696,185.3530,9.0328,-1.3753,-0.9997,-1.44,0.52,37.30,3.52
3902385638510724096,188.5610,7.5363,-1.3241,-1.0869,-1.38,0.58,33.81,2.98
3902659038948854144,187.7543,8.0568,-1.3381,-0.6640,-1.86,0.40,38.54,3.78
3902968551472149120,190.1774,8.7715,-0.9623,-0.8037,-1.73,0.46,47.39,4.24
3903003190384568576,189.5577,8.7662,-1.6079,-0.2139,-1.96,0.42,38.62,3.48
3903082286502709376,190.8032,9.2167,-1.3289,-1.2852,-1.51,0.38,24.45,1.99
3903287959599931776,188.8994,9.4963,-0.9901,-0.6581,-1.74,0.43,43.36,3.82
3903718246604099072,187.5956,9.5787,-1.6284,-0.8731,-1.91,0.47,37.45,3.11
3903858606135079680,186.3016,9.6084,-1.7060,-0.8333,-1.88,0.54,28.37,2.74
3903928390763779328,187.3118,9.8581,-1.7432,-0.3040,-1.71,0.55,45.74,4.34
3904405613169486720,188.0196,10.9272,-1.4457,-0.7238,-1.44,0.48,36.59,3.36
3904525803534536960,188.9710,11.3597,-1.4236,-0.5216,-0.78,0.93,37.18,4.46
3905398506529619840,184.5940,9.4366,-1.8368,-0.7301,-1.64,0.41,33.05,3.16
3905525916735559296,183.6715,9.6584,-1.7634,-0.7144,-1.74,0.39,44.68,3.87
3905729184651091840,184.0421,10.3665,-0.9875,-0.5912,-1.39,0.45,45.50,4.18
3905751965157956352,181.3845,8.5410,-1.4226,-0.9445,-1.45,0.44,33.66,2.66
3906243171977314816,181.0959,10.0800,-1.0438,-1.0873,-1.59,0.39,34.10,3.20
3906342819514718208,182.8086,10.0774,-1.2230,-0.7082,-1.83,0.40,46.70,3.90
3906412015732065152,182.3430,10.3288,-1.2444,-1.2320,-1.39,0.46,24.70,1.97
3906466578996166784,183.7769,10.5804,-1.4054,-0.5726,-1.57,0.40,40.24,3.47
3907161126747882240,184.9034,10.3932,-1.7702,-0.6492,-0.90,0.53,41.71,4.00
3907202736390729216,185.3708,10.7759,-1.3429,-0.8428,-1.77,0.47,42.97,4.45
3907481256430650624,187.5617,11.3490,-1.9518,-1.1173,-1.32,0.51,38.23,2.96
3908108046777476864,184.2934,11.5867,-1.7435,-0.6761,-1.58,0.43,36.11,2.76
3908116190035206272,184.5212,11.7437,-1.3551,-0.6185,-1.92,0.45,49.42,4.02
3908487996764664832,184.4546,12.7767,-1.5171,-0.6866,-1.70,0.38,42.75,3.91
3908502329071336576,184.1667,12.5917,-1.3641,-0.6866,-1.90,0.47,49.77,4.47
3909048782054026752,186.0534,14.0148,-1.2005,-0.5742,-1.41,0.50,38.18,3.20
3909322594809248896,175.1770,5.9440,-1.0930,-1.1677,-1.37,0.46,35.97,3.76
3909452405900847232,174.2693,5.9344,-1.0773,-0.9822,-2.30,0.55,41.52,4.00
3909739618953887360,176.2662,6.6814,-1.1725,-1.1048,-1.71,0.56,37.35,4.05
3911372256282116096,174.2712,9.4109,-1.2437,-0.8265,-1.85,0.46,40.27,4.56
3911871537640587264,176.9134,8.8120,-1.4268,-0.8502,-1.63,0.46,26.20,2.47
3911960533658795008,178.4546,8.6983,-1.7378,-0.6071,-1.54,0.56,34.24,2.77
3912144628841254272,179.7506,9.7447,-1.3700,-1.1260,-1.33,0.45,34.12,2.78
3913257575126825984,178.3864,10.8717,-1.3837,-1.5728,-1.94,0.56,24.31,2.35
3913324168594995072,178.1546,11.1384,-1.4294,-0.8345,-1.58,0.49,36.83,3.28
3913514929567115648,177.1369,11.1745,-1.3918,-0.8536,-1.95,0.41,29.89,2.66
3914187521445289088,171.4884,9.4464,-2.0043,-0.8796,-1.36,0.44,30.12,2.76
3915428904432616960,171.4536,10.4003,-1.2469,-0.8256,-2.72,0.49,45.16,4.46
3915924509299139840,174.9402,10.1116,-1.3690,-0.9212,-1.07,0.69,33.08,3.82
3915997214505273472,174.7005,10.5098,-1.7696,-0.8246,-1.84,0.42,29.54,3.23
3917117410695524992,172.8899,11.5936,-1.6013,-1.1352,-1.46,0.47,29.93,2.56
3917317521811867264,172.3562,11.8917,-1.6366,-0.4043,-2.08,0.57,49.55,4.62
3917464066096432384,173.3296,12.4056,-1.2855,-1.0230,-1.87,0.48,36.60,3.24
3917796393485731456,174.8561,13.3059,-1.5185,-1.0882,-1.87,0.55,24.05,2.99
3917800551014047488,174.6628,13.2573,-1.6126,-1.0930,-1.54,0.50,27.42,2.29
3917823473254957952,175.0799,13.5155,-1.3433,-1.1828,-1.18,0.59,35.28,3.58
3918142189892606720,180.1639,9.8450,-1.0950,-0.7175,-1.66,0.42,36.17,2.89
3918178336337144704,180.5984,10.1781,-1.5989,-1.0423,-1.75,0.40,36.83,3.49
3918534028349228288,179.3692,11.1680,-1.0631,-0.7625,-1.63,0.42,36.89,3.11
3918644185670265856,179.5830,11.3677,-1.4971,-0.8618,-1.42,0.44,38.77,3.14
3918892782673132544,182.2219,11.9915,-1.3386,-1.2981,-1.56,0.40,26.99,2.44
3919034168700788864,180.8027,12.0163,-1.8671,-0.9995,-1.45,0.41,29.10,2.40
3919084333918874624,180.7791,12.1552,-1.6963,-0.8561,-1.85,0.45,26.08,1.91
3919168206040354560,181.9995,12.7250,-1.0286,-0.6254,-1.71,0.37,39.48,3.82
3919351038503495296,177.9295,11.3900,-1.6545,-1.0331,-2.17,0.51,30.92,2.85
3919787785137728896,178.7069,12.7606,-1.7336,-0.8008,-1.62,0.45,30.10,2.88
3919853167424601728,179.9255,12.5250,-0.9574,-0.7117,-1.68,0.39,36.60,2.94
3920420313562204032,183.1599,12.4148,-1.4004,-0.8817,-1.55,0.44,35.70,2.72
3920446770560452224,183.1498,12.7304,-1.1974,-0.9242,-1.61,0.47,40.19,3.45
3920824860825356928,182.5833,13.4944,-1.5102,-0.8642,-1.67,0.43,32.16,2.56
3920957455055858048,184.4983,13.4974,-1.8460,-0.8870,-1.87,0.55,30.76,2.84
3922081366393528320,183.0135,14.6766,-1.8536,-0.8179,-1.78,0.44,34.59,2.78
3923136102986272384,176.8280,13.7973,-1.2952,-1.1767,-1.49,0.51,28.20,2.93
3923737604566612352,178.8851,15.3823,-1.2610,-0.8895,-1.28,0.55,36.23,3.49
3923948401561004928,177.0808,14.4406,-1.7731,-1.1625,-1.64,0.51,28.70,2.42
3924209569932486144,175.5711,14.8976,-1.3377,-1.0417,-1.28,0.43,29.97,2.60
3924470051108840960,177.8674,15.2519,-2.1413,-1.0174,-0.99,0.53,25.80,2.67
3924502246183798144,178.3296,15.4857,-1.4671,-1.1530,-1.57,0.52,29.71,3.14
3924506712949935360,178.2316,15.5718,-1.6297,-0.7270,-1.82,0.64,35.62,4.04
3925370826010043008,180.1788,16.4869,-1.8873,-1.0188,-1.65,0.43,29.49,2.52
3927172032215032576,191.2833,10.0900,-1.5579,-1.0065,-1.60,0.43,35.16,2.66
3927413409377364608,191.9665,11.2193,-1.4939,-0.4067,-1.57,0.51,37.20,2.75
3927658188153413632,190.8687,11.4559,-1.5854,-0.4881,-1.57,0.39,38.44,3.41
3927750310907405568,193.1024,11.3662,-1.4001,-1.1720,-1.75,0.41,40.06,3.29
3928144137932537472,192.5620,12.2921,-1.1096,-1.0763,-1.45,0.43,52.24,4.91
3928450351921032064,191.1036,11.9434,-1.6695,-0.9342,-1.41,0.40,36.79,3.05
3928466191760532736,190.6936,12.1071,-1.1086,-0.2358,-1.35,0.42,48.94,5.06
3928529727212160512,190.4143,12.2863,-1.2732,-0.4635,-2.40,0.40,45.49,3.67
3928624766248473088,188.7606,11.9635,-1.6408,-0.9326,-1.45,0.56,37.18,4.57
3928958326293626240,191.1001,13.0198,-1.3569,-1.0561,-1.62,0.41,40.37,3.24
3929074702727271296,192.0115,13.3146,-1.3130,-0.4033,-2.26,0.45,47.49,4.64
3929352466852477184,190.7368,14.0048,-1.4940,-1.0241,-1.96,0.47,38.61,3.65
3929442695525197440,194.5123,12.7162,-1.6653,-0.5276,-1.83,0.41,40.40,3.48
3930384156651863808,195.4598,14.7288,-1.7197,-0.9220,-1.87,0.50,35.59,2.83
5998368264959651456,241.8097,-37.4033,-1.4953,-0.5895,-1.63,0.43,29.82,2.66
4130911193247937536,251.5247,-18.5521,-1.4236,-1.3335,-1.11,0.46,26.65,2.32
4130930881375704192,248.9721,-20.5511,-1.3344,-0.3925,-1.75,0.55,50.03,5.01
4130950054109907328,248.6111,-20.4298,-2.0757,-0.8685,-1.52,0.47,34.99,3.16
4131268057782842624,248.3855,-19.4125,-1.8446,-0.7321,-1.66,0.46,36.11,3.98
4131289773140347904,248.1501,-19.5035,-1.8045,-0.8255,-1.77,0.41,24.99,2.43
4131555026022689664,250.7211,-18.6693,-2.0901,-0.6749,-1.36,0.38,29.57,2.68
4132128936735267584,252.6425,-18.9909,-1.4156,-0.9545,-1.66,0.47,49.36,5.33
6213619725034238592,231.5231,-27.2342,-0.9356,-0.7148,-1.52,0.67,48.66,4.63
3342872071245853952,88.1379,11.2463,0.2488,-0.9312,-0.92,0.50,56.81,7.12
4048639793333345792,278.9557,-28.0632,-2.0479,-0.9518,-1.36,0.72,29.15,3.13
4048662608207929856,278.6672,-27.7919,-2.8700,-1.3820,-1.85,0.39,29.25,4.14
6735732648369171840,283.0015,-33.7782,-2.6405,-1.1465,-1.24,0.48,27.72,3.03
6735835418359806464,282.7254,-32.8946,-2.3260,-1.2034,-1.74,0.56,27.39,2.50
6735835663179113856,282.6690,-32.8750,-2.9233,-1.5317,-1.28,0.51,26.49,2.21
6735849750668543104,283.6558,-33.1191,-2.4223,-1.2216,-1.86,0.41,28.87,3.12
6735851193777695744,283.4842,-33.1198,-2.7494,-1.3472,-2.51,0.49,28.62,2.71
6735851292550310272,283.3935,-33.1733,-2.6188,-0.8835,-1.81,0.39,22.89,2.60
6735855999830020736,283.1186,-33.2261,-2.5534,-1.4106,-1.54,0.54,28.02,2.47
6735868717244322432,283.3350,-32.9524,-2.4548,-1.3490,-1.52,0.47,27.71,2.29
6735870675749276288,283.4052,-32.8847,-2.9311,-1.4177,-1.25,0.67,25.79,2.25
6735883075305411712,283.8960,-32.8087,-2.6736,-1.1449,-1.38,0.46,25.40,2.20
6735883732450404480,284.0159,-32.8200,-2.7623,-1.3360,-1.59,0.46,27.76,2.30
6735898266620421376,283.5176,-32.6663,-2.8592,-1.4024,-1.91,0.59,27.36,2.35
6735903828588459904,283.6372,-32.6111,-2.6009,-1.2964,-1.67,0.65,27.14,2.31
6735908368383950720,283.0445,-33.0286,-3.0652,-1.2694,-1.45,0.42,15.29,1.29
6735913621114444544,282.9043,-32.9401,-2.6384,-1.0959,-1.55,0.57,26.09,2.19
6735915785784747776,283.0351,-32.8249,-2.9947,-1.5182,-1.00,0.58,26.09,2.32
6735919359191854976,283.3166,-32.7547,-2.5739,-1.1287,-1.42,0.47,27.77,2.11
6735920389992246656,283.2884,-32.7305,-2.5961,-1.3199,-1.60,0.44,27.06,2.40
6735941181922611840,283.0188,-32.5246,-2.6713,-1.5704,-1.47,0.52,25.51,2.73
6735943552757244288,283.3952,-32.6778,-2.7683,-1.3816,-1.66,0.45,24.67,2.40
6735948530609320960,283.2734,-32.6177,-2.4619,-0.9664,-1.75,0.66,26.17,2.26
6735952550709784576,283.5247,-32.5379,-2.6058,-1.3050,-1.32,0.55,25.23,2.46
6735953340970159616,283.5402,-32.4775,-2.1767,-1.6091,-1.79,0.66,22.21,2.70
6268506898816623488,236.3027,-11.3842,-1.5364,-0.2999,-1.24,0.51,45.16,4.40
6268562905190373376,236.4446,-11.1925,-1.7110,-0.5360,-1.67,0.39,47.70,5.56
6268574587501513984,236.1237,-11.1010,-1.0985,-0.0873,-1.99,0.47,41.55,3.76
6268818747801825920,234.9743,-10.8639,-1.3324,-0.6868,-0.83,0.40,45.40,4.51
6268903929892835584,236.3130,-10.2566,-0.5605,-0.4982,-2.06,0.49,52.88,7.64
6762344201310785920,288.0380,-28.6667,-2.3204,-1.3373,-1.43,0.48,28.00,2.48
6762375911054048512,287.3478,-28.7271,-2.4396,-1.5631,-1.66,0.41,28.06,2.35
6762407418938743296,287.5090,-28.4008,-2.7831,-1.7343,-1.77,0.48,25.41,2.37
6762443604045649664,286.2339,-29.0617,-2.4356,-1.3073,-2.03,0.46,29.36,2.50
6762446726478761088,286.3047,-29.0185,-2.8383,-1.5768,-1.20,0.68,25.47,2.55
6762446966996966784,286.3629,-29.0092,-2.5725,-1.2919,-1.39,0.44,24.37,2.21
6762454904096433024,286.0495,-29.0331,-2.3204,-1.4348,-1.57,0.52,27.87,2.44
6762458992905496576,285.9747,-28.9749,-2.8768,-1.5862,-0.99,0.72,25.32,2.76
6762468927173009664,286.1162,-28.7519,-2.6222,-1.3267,-1.51,0.48,27.11,2.75
6762470816958640896,286.1269,-28.7050,-2.5614,-1.5242,-1.63,0.72,28.28,3.55
6762476005279661312,286.4399,-28.8534,-2.5450,-1.4587,-1.92,0.41,27.77,2.51
6762492944618692224,286.4324,-28.6227,-2.8408,-1.5535,-1.67,0.45,26.87,2.25
6762507405777257344,285.8961,-28.8833,-2.5598,-1.4549,-1.06,0.61,27.18,2.20
6762512323524220160,285.7113,-28.8077,-2.4799,-1.1787,-1.79,0.64,26.98,2.53
6762524104612534144,285.9763,-28.4888,-2.3261,-1.5185,-1.36,0.54,29.89,2.79
6762553555210857728,286.4997,-28.3102,-2.3508,-1.3692,-1.60,0.47,27.52,2.35
6762555200176553216,286.2839,-28.3475,-3.0354,-1.5797,-2.02,0.51,24.25,2.14
6762555715578117632,286.3094,-28.2973,-2.6730,-1.9384,-0.83,0.57,26.61,2.46
6762556986875009280,286.2441,-28.2594,-2.7308,-1.2215,-1.98,0.45,27.57,2.90
6762585608543887744,286.8582,-28.3376,-2.3519,-1.3087,-1.37,0.60,31.77,2.45
6762618147211042048,287.0959,-28.1076,-2.5398,-1.3627,-1.53,0.47,24.01,2.86
6762627355627105280,287.2903,-27.9164,-2.3457,-1.6401,-1.77,0.77,29.70,2.66
6762661921515949696,286.5826,-27.9589,-2.5184,-1.3635,-1.17,0.81,27.72,2.87
6762687626896914688,286.8176,-27.8023,-2.7685,-1.5079,-1.92,0.54,26.35,2.83
6762702539023694976,286.8118,-27.6700,-2.5089,-1.5334,-0.95,0.90,25.95,2.72
6762709514060435456,286.8750,-27.5371,-2.5149,-1.7115,-1.45,0.41,25.19,2.75
6762713190552789504,286.9323,-27.4069,-2.4883,-1.4891,-1.47,0.47,27.25,2.46
6762728613770437504,288.4362,-28.3291,-2.5715,-1.3691,-1.90,0.47,27.73,2.50
6762731912305501184,288.3922,-28.2781,-2.7983,-1.6524,-1.99,0.51,27.28,2.06
6762732187183324544,288.3269,-28.3014,-2.8054,-1.6833,-1.32,0.48,27.59,2.24
6762745965438938112,288.3011,-28.1771,-2.9751,-1.8655,-1.60,0.54,24.95,2.79
6762760946283236352,288.5740,-28.0499,-2.6766,-1.4918,-2.37,0.46,25.95,2.45
6762808053484672512,287.8462,-28.0067,-2.8572,-1.6244,-1.90,0.55,26.64,2.46
6762843654469033472,288.1980,-27.6304,-2.2722,-1.5195,-1.53,0.50,28.82,2.38
6762876429367411840,288.7977,-27.7407,-2.3901,-1.6566,-1.65,0.44,24.45,2.61
6762881308458221824,288.7841,-27.6068,-2.2840,-1.4971,-1.56,0.50,27.54,2.31
6762922402695086592,289.4235,-27.1672,-2.4619,-1.5936,-1.63,0.49,25.91,2.99
6763027440413922560,287.6070,-27.5010,-2.7671,-1.5984,-1.39,0.49,17.87,1.39
6763048438517013632,288.0901,-27.2694,-2.6077,-1.5709,-1.68,0.48,25.79,3.07
6763065579726902144,287.8143,-27.1488,-2.6241,-1.8138,-1.72,0.51,27.10,2.39
6763068431582833664,287.9866,-27.0155,-2.5060,-1.5393,-1.51,0.44,28.49,3.09
6763069535396834560,287.9385,-26.9639,-2.7925,-1.6785,-0.24,0.66,24.94,2.59
6763075681485076608,287.1326,-27.4381,-2.7551,-1.3396,-1.79,0.61,27.68,2.65
6763152922177144704,288.5176,-26.9098,-2.6297,-1.6095,-1.57,0.52,27.97,3.18
2415926014603767680,359.1332,-15.8839,-1.5691,-3.0154,-1.69,0.43,22.66,1.85
2417288584388255488,4.3788,-13.4749,-1.2518,-2.9977,-1.72,0.44,22.46,1.87
2421611245633496320,0.6597,-12.0285,-1.1375,-3.2517,-1.56,0.41,23.15,1.82
2422649390768460160,0.8254,-10.3494,-1.4140,-3.2128,-1.40,0.39,21.41,1.79
2424885209008171264,6.3933,-10.5448,-1.3246,-3.5666,-1.85,0.55,20.39,1.71
2425545981136213376,7.2801,-10.9522,-1.1917,-3.1384,-1.29,0.50,18.99,1.76
2426140713848218368,9.2533,-9.4919,-0.9512,-2.9962,-1.22,0.52,22.56,1.75
2428895127914519296,1.2564,-9.5983,-1.4517,-3.7655,-1.69,0.39,19.97,1.68
2429386854426161792,3.7792,-8.0859,-1.5337,-3.0975,-1.53,0.41,22.33,1.82
2429470348590486272,2.2944,-8.3359,-1.7995,-3.6955,-1.45,0.48,18.91,1.41
2429510064152111104,1.9023,-8.2457,-1.6348,-3.6330,-1.68,0.43,19.25,1.56
2429838238308586240,6.2058,-8.8665,-1.3966,-3.5251,-1.54,0.85,21.62,2.19
2433171854484645120,352.5878,-12.4606,-1.7124,-3.2361,-1.71,0.49,20.27,1.72
2433336639494657408,353.6108,-11.7165,-1.7587,-3.4059,-1.91,0.42,21.80,1.81
2435346684188907648,355.6536,-10.4084,-1.8356,-3.8303,-1.60,0.42,18.77,1.44
2436069273782405248,358.4178,-8.5006,-1.4750,-3.2597,-1.35,0.46,20.86,1.50
2436987121177778048,351.8799,-9.8878,-1.5659,-3.2171,-1.30,0.57,21.12,1.97
6322502643546316544,230.9670,-6.8843,-0.9459,-1.1158,-1.79,0.47,55.11,7.57
6322517693111025024,230.6040,-6.8379,-1.1995,-0.6378,-2.35,0.43,52.17,5.33
6322842083401720576,230.2236,-5.7485,-0.8704,-0.8613,-1.81,0.45,53.39,5.10
6323029756292678656,230.8860,-5.1372,-0.6310,-0.8954,-1.74,0.50,50.91,6.28
6323551165322010112,218.9240,-12.8339,-1.2716,-1.1093,-1.57,0.50,35.31,3.15
6323557938486263040,219.2708,-12.6525,-1.0965,-0.2051,-1.39,0.45,45.98,4.84
6323815838386630016,221.5180,-12.0536,-1.1666,-0.4882,-1.69,0.55,59.10,6.61
6324302788894606720,218.1424,-12.2124,-1.6386,-0.5431,-2.26,0.46,46.50,5.17
6324712868076495232,217.9003,-11.2488,-1.7132,-0.8026,-1.43,0.58,46.73,5.45
6324899132217768320,220.2259,-11.0833,-0.6358,-0.5718,-1.38,0.51,51.78,6.38
6325175796831232512,219.5577,-10.5324,-1.4100,-0.7719,-2.08,0.52,54.65,7.13
6325388895928624896,222.1073,-11.3819,-1.5320,-0.4714,-1.74,0.54,51.99,6.63
6325563344616131840,223.1365,-10.5306,-1.2578,-0.2620,-2.03,0.46,46.61,5.70
6326133849416469888,224.0949,-9.3531,-1.0243,-0.3096,-1.20,0.56,51.89,5.51
6326754008334666368,220.2741,-9.7555,-1.1355,-0.4096,-1.75,0.51,55.03,6.68
6327662685974740864,216.2211,-11.1547,-1.3612,-0.4841,-1.77,0.75,58.75,7.32
6327896302131907328,215.9804,-10.8439,-1.1912,-0.3780,-1.65,0.58,56.71,5.97
6328025181215119360,217.0484,-10.2593,-1.2833,-0.0346,-2.56,0.49,53.82,5.37
6328682551729469568,217.9056,-8.4773,-1.2755,-0.3299,-1.94,0.48,52.68,4.84
6328875344220923520,216.4293,-9.5223,-0.8411,-0.3636,-2.01,0.62,56.99,6.93
6329005258391628928,214.7326,-9.7531,-1.2380,-1.1524,-1.39,0.67,30.71,3.13
6329112117178620416,215.0565,-9.3782,-1.6094,-0.3653,-1.46,0.63,55.89,6.06
6329892564275437824,219.2640,-8.9663,-0.5394,-0.3603,-1.59,0.58,46.07,4.84
6329901051130819200,218.8964,-8.9629,-1.3423,-0.4334,-1.48,0.54,47.00,4.08
6330100200175055616,218.8929,-8.7784,-1.2150,-1.0452,-1.88,0.56,39.30,3.64
6330654839366635264,220.0430,-7.7254,-1.4627,-0.1198,-1.63,0.61,54.00,5.67
6330739841063568768,219.8805,-7.1279,-1.3755,-0.5873,-2.11,0.45,52.53,5.44
6331211565911772032,218.7171,-6.7283,-1.0209,-0.0420,-1.96,0.46,46.26,5.17
6331428242717549696,217.6115,-6.8234,-0.9424,-0.8546,-1.36,0.68,48.82,5.54
6331986309292785920,219.6355,-5.2978,-0.7596,-0.4681,-1.82,0.53,58.11,5.79
6332090006983119360,225.0566,-9.1860,-1.1516,-0.2088,-2.70,0.46,55.28,5.47
6332145257442249472,224.7642,-9.0058,-1.6448,-0.4687,-1.92,0.39,47.73,6.47
6332373062507641472,224.3657,-8.5098,-1.2878,-0.6021,-1.87,0.75,54.01,7.14
6332494459759017600,225.2948,-8.1210,-1.5704,-0.5258,-2.03,0.52,49.83,5.00
6332639041242162304,226.5260,-8.0463,-0.7114,-0.6775,-1.73,0.46,56.28,5.90
6332844787355744896,226.9669,-7.2595,-1.2870,-0.6926,-2.29,0.56,52.43,5.70
6333068434892542464,226.1596,-6.9149,-1.6037,-0.7615,-1.69,0.46,52.57,6.64
6333544729586024064,222.4085,-7.3148,-1.0092,-0.3118,-1.90,0.50,49.67,5.63
6333666019462589568,223.8758,-6.5409,-0.8971,-0.7647,-2.03,0.62,47.70,5.02
6333735907170710656,223.4404,-6.2878,-0.8387,-0.4105,-1.27,0.45,53.21,6.13
6334059953863516160,224.2915,-6.1414,-1.3541,-0.3064,-1.41,0.65,49.91,5.46
6334125649682529024,223.7043,-5.9305,-1.0039,-0.3637,-1.14,0.96,44.76,4.07
4046871297629765504,277.7330,-31.3738,-2.2592,-1.1744,-2.17,0.51,25.63,2.23
6883197090597700480,314.9391,-16.7229,-2.1344,-2.9303,-1.31,0.44,16.86,1.58
4361331824988345984,259.2815,-6.3885,-1.6341,-1.4278,-1.03,0.54,19.08,1.55
4362388215146106368,262.4893,-5.4248,-1.9893,-1.3687,-1.78,0.46,20.23,1.79
4362450204407775232,263.7829,-5.1470,-1.4773,-1.0591,-1.76,0.44,27.51,2.79
4362725597713246976,263.0186,-4.5926,-1.9172,-0.9525,-2.07,0.41,15.42,1.37
207899438156449152,83.1405,44.8147,0.6273,-1.2574,-2.21,0.45,45.90,3.85
6732395188198363648,283.5972,-35.1072,-2.6099,-1.1154,-1.46,0.41,25.90,2.45
6732446586073004288,283.8430,-34.6313,-2.7007,-1.4139,-1.46,0.44,28.31,2.66
6732487027485295872,284.7067,-34.5011,-3.0877,-1.2219,-1.57,0.50,25.52,2.17
6732534684442495232,284.3939,-34.4118,-2.5478,-1.0029,-1.29,0.57,25.26,2.01
6732557533669546240,284.3749,-34.1150,-2.7391,-0.8827,-1.70,0.46,26.46,2.74
3620775666683296768,207.8495,-5.7231,-1.0943,-0.7989,-2.04,0.51,44.24,4.24
3622520587341215232,195.0664,-11.4906,-0.9242,-1.0721,-1.17,0.42,27.11,2.04
3623282862432958464,199.6326,-10.9775,-0.9975,-1.2075,-1.83,0.51,37.27,3.42
3623327285278562304,200.6953,-10.9314,-0.8450,-0.5399,-1.76,0.45,47.88,4.20
3624287880484180096,198.5184,-10.4383,-1.1534,-1.1546,-1.46,0.42,27.21,2.24
3624739126928213248,198.7767,-9.0892,-1.0821,-0.9792,-1.19,0.69,30.86,2.61
3625339700795337088,199.5319,-7.7951,-1.2271,-1.1850,-1.54,0.51,28.70,2.81
3626052081250854272,195.0210,-10.1996,-1.0000,-1.0083,-1.64,0.38,28.79,2.70
3626198526750381056,195.8056,-9.5471,-0.8104,-1.1233,-2.08,0.44,29.41,2.33
3626341218449030272,194.5235,-9.4940,-1.1833,-1.2125,-1.64,0.44,28.40,2.24
3626876581828134656,191.5663,-9.8349,-0.7976,-0.8808,-1.86,0.44,33.00,2.67
3627431762185377152,193.7128,-8.2474,-1.0262,-0.4400,-1.27,0.58,53.82,5.81
3628066180394932736,196.3123,-7.9047,-0.8465,-0.4897,-1.63,0.46,63.22,6.46
3630014686797627904,202.4799,-8.7666,-1.0398,-0.3947,-1.45,0.54,49.13,4.40
3630456282450527488,202.5206,-7.4135,-1.1136,-0.6437,-2.08,0.46,46.91,4.59
3631036407977411328,201.2791,-8.1864,-1.4314,-0.4248,-2.11,0.44,55.49,5.52
3631445052641811072,200.3063,-6.7833,-1.2252,-0.5364,-1.57,0.70,44.36,5.21
3631757000411146880,203.0035,-6.1802,-1.0282,-0.4283,-1.82,0.44,48.81,4.45
3631904816005570816,201.8095,-6.0879,-0.7304,-0.1462,-1.78,0.51,72.61,7.94
3632377983962330240,205.8103,-5.9990,-1.0727,-0.7830,-1.08,0.46,41.30,3.89
3632602559212008448,205.3431,-5.6095,-1.1177,-0.1542,-2.08,0.44,50.17,4.95
3632833937690690816,206.9593,-5.0655,-0.8640,-0.7264,-1.74,0.52,51.61,5.04
3632877265320239488,207.3955,-5.0844,-0.4174,-0.6366,-2.32,0.48,50.99,5.07
3632977561397170432,207.4893,-4.4404,-0.9056,-0.9618,-1.73,0.63,49.43,5.83
3633222340173009792,206.4576,-4.1904,-0.5576,-0.7876,-1.42,0.52,48.82,5.84
3633388263349371008,203.9452,-5.2174,-0.9232,-0.7113,-1.74,0.42,49.09,4.35
3633527802541787008,204.6890,-4.6609,-1.0855,-0.5555,-1.69,0.41,58.17,6.21
3633571744352059904,203.4461,-5.1236,-1.2489,-0.5370,-1.56,0.39,49.33,5.35
3633688189506260736,202.9818,-4.5181,-0.9098,-0.9442,-1.67,0.44,36.12,3.31
3633980144202303232,205.2287,-3.6924,-1.3180,-0.5952,-1.76,0.40,49.25,4.78
3634049653953721600,206.3320,-3.4204,-0.5998,-0.5210,-1.45,0.43,55.93,6.74
3634283643771313664,205.1586,-3.3091,-0.8895,-0.1899,-2.27,0.51,61.96,5.33
3635458025269465600,201.3193,-3.9933,-1.4304,-0.5312,-1.89,0.42,41.12,3.38
3636689310789489152,202.4424,-4.2957,-1.6576,-0.4071,-1.44,0.42,53.55,5.01
3636844887388937344,203.8082,-3.5772,-1.3272,-0.7087,-1.57,0.42,50.41,5.33
3636936009414975744,203.2170,-3.1176,-1.1595,-1.1306,-2.03,0.39,37.15,3.32
3637059743128090880,202.0042,-3.2269,-0.8496,-0.6791,-2.14,0.51,43.84,3.99
3637122312212065536,202.8131,-3.0355,-0.8716,-1.2614,-2.01,0.53,30.38,2.41
3637346165907514112,203.7702,-2.7079,-1.0227,-0.6528,-1.62,0.46,59.61,5.26
3637675843302003200,203.9662,-1.8440,-0.9133,-0.6065,-1.66,0.38,42.21,4.19
3637951687576726400,201.7938,-2.5752,-1.0794,-0.3369,-1.46,0.46,58.73,4.60
3638044798172697984,201.9687,-2.0204,-0.9952,-0.5238,-1.66,0.36,43.35,3.76
3638289473868965120,200.7870,-1.8212,-1.4398,-0.5233,-1.28,0.47,54.92,4.82
3638356612798153856,202.7601,-2.1442,-0.5193,-0.3871,-1.64,0.40,59.07,5.66
3638392896684217344,203.0560,-1.8115,-0.6240,-0.2997,-1.57,0.46,61.63,6.80
3638617575010724352,202.9956,-0.8070,-0.7921,-0.3750,-1.62,0.44,46.19,4.00
3421754127795922560,78.0683,26.7576,0.1572,-0.8767,-1.37,0.48,30.08,3.11
3422619310304105216,78.5950,29.0130,0.6209,-0.4070,-1.75,0.42,59.83,7.70
3422731765434620672,78.6712,29.8063,0.0966,-0.8896,-1.59,0.44,51.74,5.99
4385415016584586368,251.7383,1.7694,-1.4241,-1.1167,-1.28,0.42,25.08,2.41
4353480010593325440,252.9962,-4.8018,-1.1722,-1.0700,-1.75,0.41,20.57,1.72
4354062472581338496,249.8885,-4.6423,-1.2306,-0.3701,-2.35,0.44,55.20,5.31
4354718846663854976,249.4542,-3.9098,-1.2261,-0.9596,-1.98,0.42,50.97,4.50
4356071623922558208,246.0833,-4.1686,-1.1608,-1.2559,-1.30,0.48,34.14,3.72
4356438658949802624,243.0130,-4.7315,-1.5312,-0.4796,-1.63,0.43,52.95,6.25
4357039885646653568,243.5145,-3.6577,-1.3943,-1.1306,-1.68,0.44,25.61,2.11
4357766692894874752,247.4294,-2.7943,-1.0048,-1.1209,-1.69,0.54,68.56,8.07
46964333510577024,62.2012,18.3276,0.5191,-1.4031,-1.24,0.54,32.40,2.97
47222959261443200,61.4104,18.6638,0.5257,-1.5501,-1.69,0.38,34.87,3.62
47388435761265536,64.4354,17.7560,-0.2124,-1.4137,-1.23,0.54,46.87,6.01
48215921340384256,65.1530,19.4165,-0.1462,-1.1435,-1.58,0.42,39.72,3.63
48332302069352448,66.1844,20.1794,0.2871,-1.2479,-2.16,0.53,57.02,7.74
49164490637385216,66.0296,20.7542,0.1319,-1.2983,-1.40,0.44,45.92,6.14
49283031734836096,63.8912,20.5014,0.4857,-1.7979,-1.86,0.49,24.66,2.28
49401469753003776,64.7755,20.8669,0.4884,-1.1432,-1.71,0.38,46.27,4.32
49774650871303040,59.1387,18.2560,0.2131,-2.0552,-1.83,0.43,41.50,3.71
49926005519622912,57.9616,18.4662,0.5738,-1.4507,-1.53,0.45,36.59,3.02
50185936940085248,60.3537,18.8925,0.1957,-1.4385,-1.57,0.47,41.58,4.10
50275340978905472,61.0733,19.3183,0.5182,-1.3423,-1.95,0.41,39.70,3.44
50774420476167040,57.6833,18.9775,0.0329,-1.9078,-1.64,0.39,25.11,2.17
52904754317499520,63.0641,22.9831,-0.0250,-1.4772,-1.49,0.43,25.64,2.23
53613183403188864,61.9252,23.0989,0.1112,-1.5744,-1.59,0.54,30.17,3.21
54709705733732224,51.6955,16.5325,-0.1433,-1.2697,-1.73,0.94,31.43,3.51
55098623611981056,52.3934,17.8749,0.2707,-1.2144,-1.89,0.47,39.87,3.61
56299805706460416,53.3507,17.0763,0.2309,-1.2308,-0.82,0.54,34.60,3.07
56844510638554752,53.3392,19.1921,-0.2078,-1.3726,-1.76,0.43,41.58,3.98
57104098461656576,55.1963,19.7664,0.1160,-1.1856,-1.44,0.46,39.02,3.70
675563381744088576,123.4121,19.7922,-1.8149,-2.6926,-1.92,0.53,16.74,1.55
680915598189205888,121.6227,24.3684,-1.9257,-2.8960,-1.47,0.49,17.26,1.59
4449926176987913344,240.6275,5.8625,-1.4530,-0.4070,-2.35,0.51,29.27,2.78
6314269569196672384,231.3096,-13.2412,-1.5111,0.0173,-1.35,0.48,52.02,7.04
6314438795204024320,229.9033,-13.1006,-0.8735,-0.9548,-1.38,0.59,54.97,5.90
6314447483921788032,230.0567,-12.9615,-1.0510,-1.1843,-1.82,0.79,24.20,2.60
6314577398093431424,230.7706,-12.4775,-1.2844,-0.0018,-1.49,0.48,63.56,6.43
6314699207661013120,231.4641,-12.6791,-1.0732,-0.3905,-1.54,0.53,50.08,5.49
6314892481189327744,231.2641,-12.5658,-1.0280,-0.1352,-1.17,0.60,54.53,7.71
6314922202363207168,231.2342,-12.2125,-0.8966,-0.3903,-1.67,0.58,45.40,4.59
6314926321236544000,231.6971,-12.3111,-0.7505,-0.3285,-2.29,0.87,56.61,7.53
6315198416004584448,229.0472,-12.8602,-0.7615,-0.2298,-1.63,0.46,47.00,4.89
6315576682367942784,228.6955,-11.6250,-1.0174,-0.4005,-1.71,0.46,45.48,5.54
6315657633907572864,229.5614,-11.3369,-1.4355,-0.7874,-1.40,0.47,52.27,6.24
6316478148756634624,234.5495,-10.9349,-1.2426,-0.3421,-1.53,0.45,51.67,4.91
6316507453316713984,234.4750,-10.6363,-1.4590,-0.6312,-1.87,0.43,47.39,4.95
6316753675201750272,233.4366,-10.3367,-1.1266,-0.3758,-1.67,0.62,48.00,5.72
6316916166704554624,235.0105,-10.2377,-1.6478,-0.6048,-1.72,0.42,54.10,5.72
6316988901970704768,234.7371,-9.8391,-1.2309,-0.1638,-1.86,0.50,60.33,6.88
6317010140583464064,235.4830,-9.9786,-1.3093,-0.0742,-1.50,0.47,53.87,6.71
6317076798481825792,235.2785,-9.7023,-1.1558,-0.6796,-1.91,0.41,47.41,4.33
6317139294544734720,235.5244,-9.1372,-0.6662,-0.3965,-1.74,0.38,49.53,4.86
6317511960268072704,231.8816,-10.0886,-0.7690,-0.8143,-1.09,0.94,49.59,5.41
6317576006820362624,232.9247,-9.9106,-0.8444,-1.1481,-1.01,0.60,65.11,6.90
6317586314741623680,232.5979,-9.8996,-1.1284,-0.8123,-1.91,0.54,47.55,6.10
6317702867270487552,232.5967,-9.1373,-1.4194,-0.6947,-1.81,0.47,40.65,5.19
6318058043885625088,233.0481,-9.2535,-0.5759,-0.6119,-1.96,0.52,57.28,5.86
6318677648752115584,227.7010,-11.0701,-1.5382,-0.1508,-1.61,0.53,49.16,5.37
6318835944066195840,227.1673,-11.2251,-0.7860,-0.4771,-1.09,0.83,56.04,6.10
6318848073054012288,227.3118,-11.0242,-0.9866,-1.0226,-2.22,0.52,57.62,8.23
6319189059096919936,228.8266,-10.3241,-0.7669,-0.8973,-1.47,0.43,34.10,3.05
6319255132874690176,229.8652,-10.1462,-1.1362,-1.2307,-1.80,0.48,40.10,4.78
6319414252822293760,228.3318,-9.9382,-1.1564,-0.7727,-1.77,0.58,49.09,4.76
6319559079120416128,228.9587,-9.2851,-0.7815,-0.7742,-1.48,0.53,54.10,5.52
6319638312676065920,228.7683,-8.8202,-1.3238,0.0441,-1.62,0.48,58.49,6.11
6319723322964904704,227.0623,-10.1913,-0.8869,-0.5096,-2.05,0.78,57.92,7.22
6319950951936504192,227.1212,-9.1572,-1.1416,-0.4520,-1.23,0.46,52.16,5.37
6319994726242275456,226.0740,-9.7782,-1.1185,-0.0913,-1.74,0.45,61.69,6.49
6320071932574926720,225.6940,-9.3061,-1.2024,-0.5652,-1.42,0.74,46.65,5.94
6320331417319543168,227.3577,-8.9303,-1.1666,-0.9889,-1.54,0.48,55.54,6.98
6320445216772992128,228.9027,-8.2116,-1.3321,-0.6277,-1.24,0.52,51.05,5.30
6320515207559901056,228.5620,-7.9394,-1.2297,-0.1013,-1.70,0.51,46.54,4.93
6320655086054688384,227.1625,-7.9727,-0.8138,-0.2036,-1.50,0.44,48.06,5.04
6320694741488149888,227.8101,-7.8919,-0.9206,-0.3230,-1.55,0.47,47.95,5.44
6321129834561235328,230.5458,-8.4316,-0.9112,-0.2638,-1.65,0.46,50.07,4.87
6321340292252909312,230.8053,-7.5501,-0.6598,-0.4648,-1.39,0.45,56.97,6.53
6321541429865241344,233.0784,-7.4214,-0.6573,-0.4118,-1.76,0.56,45.92,4.39
6322381697266886656,229.2104,-6.7344,-1.1048,-0.3867,-0.86,0.75,45.53,5.75
6278441123811751168,219.4029,-23.2125,-0.4679,-0.5043,-1.56,0.73,56.67,6.99
6281174750237621632,223.0536,-19.3853,-1.0592,-0.0959,-1.52,0.56,46.60,4.57
6281497388180448640,220.3804,-19.9590,-1.9307,-0.7669,-2.10,0.46,26.69,2.44
4129937884940000000,250.2837,-20.9131,-1.5271,-0.2195,-1.50,0.55,34.98,3.92
4130080787091571968,251.0629,-20.1980,-1.3756,-0.7264,-1.57,0.42,45.15,3.85
4130100647016394496,249.5106,-21.1458,-1.4776,-1.1452,-2.01,0.49,35.32,3.51
4130250253618175744,250.3814,-20.3385,-2.1831,-1.0123,-1.42,0.43,46.61,4.77
4130315949431658752,249.6973,-20.1083,-1.5444,-0.5090,-1.99,0.68,39.65,5.57
4130355046522532608,250.3248,-19.7673,-1.7073,-1.0132,-1.95,0.49,38.36,3.56
4130362330788414848,250.3936,-19.5540,-1.9984,-0.6098,-1.30,0.57,29.07,2.74
4130441804861166592,251.4063,-20.1636,-1.2787,-0.7370,-1.47,0.45,37.04,3.44
4130475580485922304,251.6619,-19.9020,-1.7583,-0.7309,-1.69,0.47,34.17,2.85
4130539356458251776,252.4561,-19.5181,-2.1745,-0.7308,-1.42,0.52,34.90,3.17
4130586493719381120,252.3842,-19.4855,-1.0603,-0.8114,-2.06,0.47,28.41,2.19
4408693700671964160,244.9344,1.2116,-1.0489,-0.7342,-1.96,0.39,51.91,4.61
4408838393832027520,243.4479,1.2733,-1.2970,-0.8467,-1.69,0.49,26.35,2.06
4408922296012018176,245.0831,1.6605,-0.9514,-0.5999,-1.33,0.39,36.82,3.22
4409068496698166144,239.5868,-1.8833,-0.9674,-0.2903,-1.98,0.41,52.50,6.45
4409119868805473152,238.5322,-1.7185,-1.5175,-0.0566,-1.43,0.43,50.99,5.02
4409358187951064704,238.9001,-1.0632,-1.0929,-0.2631,-1.58,0.47,52.92,5.44
4410124135237650176,240.6938,0.8001,-1.4558,-1.0971,-1.44,0.43,25.60,2.08
4410810501072994432,238.7411,0.6771,-1.1225,-0.9300,-2.63,0.51,42.80,3.80
4410894648072138240,239.9427,1.0440,-1.2292,-1.0978,-1.72,0.43,29.66,2.48
4411059128140868864,238.8545,1.3589,-0.9943,-0.7401,-1.74,0.49,47.31,4.43
4413116799730494336,242.8225,3.2519,-1.7640,-0.9850,-2.45,0.43,26.50,2.13
4413181808355600512,242.1029,3.4612,-1.6781,-0.9116,-1.91,0.40,23.40,2.06
4413210322639964672,242.1849,3.8250,-0.7871,-0.9631,-2.12,0.45,35.47,2.90
4413807391812930304,231.3267,-3.0780,-1.7702,-0.5077,-2.18,0.41,64.66,7.36
4414092612002004608,232.0088,-3.4639,-1.1057,-0.2032,-2.77,0.48,53.14,5.30
4414956729357205504,228.4151,-2.6585,-1.0119,-0.5745,-1.22,0.62,60.35,7.70
4415234729704769024,230.4905,-2.1760,-1.4467,-0.8389,-1.73,0.43,43.43,4.60
4415371928140165120,231.3747,-1.4851,-1.1899,-0.5494,-2.30,0.51,46.19,4.99
4415845645853594112,233.7195,-1.6714,-1.1343,-0.2211,-0.80,0.74,48.74,5.55
6041763313130868992,242.9439,-28.6604,-2.0605,-0.8045,-1.88,0.49,41.33,3.39
6042134565809330304,241.8289,-27.5143,-1.7847,-0.5548,-1.81,0.41,40.56,3.59
6619883292902828160,332.6989,-26.2695,-2.4615,-3.0490,-1.83,0.58,22.10,1.81
6621003214215594624,339.5480,-27.6899,-2.1060,-3.2489,-1.55,0.42,25.42,2.11
6621189134759313280,338.3695,-27.3900,-1.9556,-2.9494,-1.50,0.54,23.12,2.36
6622008511440560512,337.5421,-26.8183,-1.9929,-2.6980,-2.09,0.46,23.12,2.53
6622824319003618816,341.0445,-25.3307,-1.7635,-3.0121,-1.71,0.47,24.34,1.88
6623414477574435968,341.0158,-24.9060,-2.0658,-2.8841,-1.49,0.58,20.97,1.84
6623969082407030656,338.0586,-25.0301,-1.9412,-3.3575,-0.89,0.64,18.60,1.89
6624472791876224768,340.8078,-23.1431,-2.1380,-3.0866,-1.74,0.45,20.04,1.91
6625367175865629824,336.2503,-25.7314,-2.4260,-3.0606,-1.65,0.41,22.64,1.85
6625712285078529408,335.1504,-24.8216,-2.5434,-3.0636,-1.48,0.58,22.05,2.09
6626422329071881216,333.1079,-24.1158,-2.6631,-3.3737,-1.38,0.46,19.95,1.80
6627140859920522496,336.8882,-23.9652,-2.5187,-3.0715,-2.25,0.47,19.15,1.71
6627212293816571264,338.0263,-23.5650,-2.2078,-3.1208,-1.04,0.48,23.32,2.22
6628010612272849664,338.3494,-21.7209,-2.6011,-3.3230,-1.20,0.68,15.60,1.66
6628591016973313024,335.3189,-21.5596,-2.4665,-3.1451,-1.71,0.43,19.74,2.04
6763538717618735360,286.5036,-26.9605,-2.7940,-1.8458,-1.43,0.46,24.01,2.28
6763288613092737792,285.4600,-28.3744,-2.6515,-1.1076,-1.35,0.65,27.47,2.32
6763292354004699136,285.7579,-28.3133,-2.3884,-1.2020,-1.51,0.57,26.64,2.60
6763294110650798336,285.5988,-28.3351,-2.9744,-1.0329,-1.78,0.42,25.20,2.34
6763307231773279872,285.4631,-28.2622,-2.7200,-1.3244,-1.42,0.40,26.31,2.45
6763316130943738112,285.8353,-28.2452,-2.7879,-1.6950,-1.08,0.51,28.13,2.50
6763347952362205312,285.7011,-27.7948,-2.4631,-1.3615,-0.55,0.56,25.77,2.16
6763361451434003328,285.2589,-28.0089,-2.6582,-1.5207,-1.56,0.40,25.76,3.02
6763383750903196800,285.0359,-27.7407,-2.6473,-1.4943,-1.98,0.63,28.61,2.87
6763393032340368384,285.4872,-27.7561,-3.0450,-1.8056,-0.90,0.48,27.78,2.23
6763404160600070400,285.2733,-27.7521,-2.5862,-1.3868,-1.43,0.55,27.08,2.91
6763411994608511616,285.2552,-27.5195,-2.6042,-1.2819,-1.99,0.64,28.31,2.31
6763422955367921664,286.1063,-27.8570,-2.6591,-1.4787,-1.43,0.47,26.07,2.82
6763426636159465984,286.1348,-27.7813,-2.6764,-1.5487,-1.22,0.60,27.94,2.29
6763451027269159552,286.3068,-27.4365,-2.7592,-1.9239,-1.39,0.46,25.89,2.09
6763478381926477312,286.4171,-27.2481,-2.3523,-1.5421,-1.98,0.60,27.58,2.35
6763478927375326464,286.2357,-27.3377,-2.5149,-1.5218,-1.34,0.49,26.09,2.31
6763509644982875008,285.6547,-27.4036,-3.0046,-1.3733,-1.78,0.61,26.63,2.47
6763579910650897792,284.5889,-27.7595,-2.7090,-1.4199,-2.15,0.56,27.29,2.45
6763584347362770432,284.5233,-27.6644,-2.7489,-1.1374,-1.76,0.45,26.32,2.09
6763597026106300288,284.7978,-27.3290,-2.5453,-1.5535,-1.81,0.79,25.28,2.40
6763598396190995328,285.1721,-27.5126,-3.0159,-1.4917,-1.73,0.68,23.36,2.51
6763601286714533248,285.2123,-27.4207,-2.7833,-1.7980,-1.84,0.40,28.57,3.38
6763612621124151680,285.1803,-27.2237,-2.7899,-1.6333,-1.85,0.93,28.00,3.02
6763689763028167936,284.4995,-27.0219,-2.8644,-1.5681,-1.27,0.55,26.40,2.27
6021193683957733504,250.1963,-33.8327,-1.4459,-1.1730,-1.54,0.49,35.74,3.80
3250866488715272064,54.0245,-2.1911,-0.1473,-2.4479,-1.49,0.41,25.31,2.02
3250976577317251200,54.6676,-1.8083,0.2694,-1.8751,-1.91,0.40,34.51,3.14
3253600939774121088,61.0937,-1.3365,-0.0084,-1.9838,-1.76,0.43,31.87,2.57
3255582912562429696,65.0065,0.5379,0.3395,-1.7406,-2.25,0.46,31.03,2.69
3255821261770600960,63.9943,0.6289,-0.2182,-1.3692,-1.44,0.48,42.73,3.63
3257491252431473536,58.5021,0.3528,0.1399,-2.1075,-1.90,0.40,27.95,2.40
3257519216961560704,57.1289,-0.3891,0.3033,-1.4374,-1.27,0.45,40.53,3.26
3257577048698113792,57.1566,0.1347,-0.0126,-2.3510,-1.42,0.45,29.59,2.44
3257746854525729664,57.1253,0.6784,-0.0236,-1.7953,-1.48,0.42,36.08,2.92
3260381451887464704,61.4668,3.6238,0.4110,-1.9125,-0.79,0.40,27.77,2.90
3261717255435981184,51.9779,-1.5185,0.1900,-2.3546,-1.36,0.74,27.37,2.84
3263619651070045184,55.6666,-0.0028,0.2416,-2.0833,-1.56,0.43,29.94,2.39
3263927346823077376,54.6500,0.5904,0.3205,-1.9463,-1.54,0.41,26.05,2.50
3264462667251146112,52.2958,0.6039,0.2635,-1.8975,-1.46,0.72,29.55,3.62
3264817912586244864,54.0105,1.5614,-0.2273,-2.0187,-1.47,0.40,26.12,2.82
3265197484616080896,47.6009,-1.6724,0.0798,-2.1863,-1.49,0.53,27.69,2.97
3265696078778979840,48.9078,-0.8950,-0.1253,-2.2109,-1.93,0.41,24.20,3.60
3265876879722631680,50.2888,0.1183,-0.1405,-2.2609,-1.20,0.43,21.60,2.20
3268306078865321344,51.0105,2.5245,0.2297,-1.5486,-1.86,0.48,34.64,2.88
3269766436465193344,57.1514,0.8930,0.0113,-2.1971,-1.48,0.41,31.74,2.54
3270210845321320704,57.6060,1.7336,-0.0405,-2.1832,-1.41,0.55,28.34,2.26
3271416013145058688,56.2584,3.2308,0.1330,-1.8031,-1.84,0.45,30.67,3.39
3271426561584726912,56.0509,3.2079,0.2480,-1.6841,-1.81,0.37,26.77,2.29
3272364582441705728,58.6884,4.0658,-0.0007,-1.7419,-1.60,0.43,37.00,4.16
3272896093234782336,61.0213,5.3409,-0.2151,-1.6829,-2.00,0.50,29.96,2.68
4366561583325987712,258.3705,-3.7444,-1.9803,-1.1079,-0.61,0.49,18.08,1.63
4366649479834836736,257.8098,-3.3007,-1.4889,-1.4531,-1.45,0.38,21.18,1.76
3813206105807712384,172.7236,4.9224,-1.0052,-0.7730,-1.19,0.54,36.82,3.91
3813307986727460352,172.7620,5.1712,-1.3641,-0.8524,-1.36,0.55,36.99,3.70
3817805779558946816,170.0908,7.4357,-1.4245,-1.1787,-1.13,0.60,35.74,3.55
6756363132935636480,287.6628,-32.4557,-2.3431,-1.3282,-1.80,0.78,30.60,3.16
4071371951424214016,281.4931,-28.9593,-2.6814,-1.3237,-1.61,0.47,28.54,2.39
4071417551076387712,281.7427,-28.9728,-2.8796,-1.4314,-1.81,0.60,25.43,2.29
4071465001883462528,282.2866,-28.3285,-2.5749,-1.3206,-1.61,0.44,28.30,2.35
4071556914179374336,280.4016,-28.9552,-3.1032,-1.5983,-1.36,0.69,27.66,2.46
4071559211980761216,280.2985,-28.9508,-2.5868,-1.2702,-1.71,0.39,26.22,2.67
6025553522451025408,246.5793,-31.8638,-1.6557,-1.3527,-1.72,0.46,18.63,1.64
6295722766540969984,208.8747,-15.5144,-1.0755,-1.1595,-1.64,0.52,28.85,2.57
6298039403180852096,213.3589,-15.9216,-1.2256,-1.0730,-1.21,0.51,27.62,2.51
6298103557108044160,212.7565,-15.5196,-1.0869,-0.6829,-2.25,0.70,57.07,7.21
6301253761000787456,213.1830,-14.7648,-1.0368,-0.8684,-1.42,0.68,62.76,7.24
6303833593237163008,215.2637,-11.3538,-0.8856,-0.7126,-1.28,0.53,54.62,5.47
6303878050443074560,214.8196,-11.1472,-1.5675,-0.4120,-1.66,0.48,55.60,6.10
6304468286323262592,212.3882,-11.0709,-0.6371,-0.8181,-1.35,0.64,47.26,6.11
6304502057651364992,213.5571,-11.6336,-1.5219,-0.8871,-1.14,0.50,39.50,3.46
5171688834009698176,37.9742,-11.7710,-0.3843,-2.4188,-1.58,0.45,23.60,1.96
5173509045445376000,43.5325,-8.4782,-0.1093,-2.2211,-1.08,0.62,29.84,3.39
5173581888090739072,40.3507,-10.4263,-0.3600,-2.6384,-1.48,0.55,25.60,1.98
5174714419427063168,36.1394,-11.4774,-0.1525,-2.9083,-1.99,0.50,23.44,1.97
5175082167411352064,36.2721,-10.4622,-0.1936,-2.2826,-1.97,0.44,29.30,2.80
5176126978335899136,34.1696,-9.6505,-0.2299,-2.5654,-1.12,0.44,25.77,2.10
5176609182904114560,36.0035,-8.8472,-0.1896,-2.5004,-2.13,0.41,25.62,2.51
5176633685692738560,35.9087,-8.5889,-0.4265,-2.6548,-1.50,0.55,25.82,2.25
5179730116594929536,46.3593,-8.0232,0.1415,-2.1522,0.10,1.00,24.29,2.46
5185161875834894720,39.9268,-4.6448,-0.2400,-2.8861,-1.77,0.91,24.38,2.19
5187482184673160960,44.0166,-1.9177,0.1375,-2.2191,-1.88,0.47,29.68,2.95
5187517781360291200,43.3221,-1.8847,-0.0103,-2.5203,-1.58,0.41,24.32,2.10
5187948480681001984,44.2429,-1.1551,-0.2557,-2.3594,-1.58,0.43,23.44,2.50
4358404413936454272,246.6441,-3.0068,-1.0344,-1.3301,-1.47,0.40,25.80,2.22
4359134008620099456,247.7997,-1.4205,-1.6103,-1.0888,-1.48,0.42,21.72,1.75
4359473100581531904,247.2468,-0.2648,-1.0989,-1.3111,-0.91,0.48,23.00,2.20
6236995277821913088,238.8404,-24.1756,-2.0171,-0.6627,-2.15,0.45,40.19,3.11
6237019978175183872,238.7784,-23.8990,-1.1790,-0.7378,-1.99,0.46,54.91,5.81
6237109416573980032,240.2846,-23.3299,-1.4611,-0.3653,-1.81,0.44,51.33,4.80
6237640446328865536,234.2616,-26.2657,-0.8364,-0.6262,-0.61,0.43,29.53,3.16
6237819975961697536,232.9329,-26.0555,-1.2074,-1.0704,-1.04,0.62,30.56,2.93
6238539675041948288,235.2289,-23.7191,-1.1815,-0.2501,-1.68,0.44,43.98,4.96
6238838055009957888,232.5844,-24.5812,-1.6408,-0.7646,-2.02,0.89,61.42,6.52
6239279612007795456,233.0627,-23.7019,-0.9229,-0.9607,-1.52,0.53,34.95,3.64
6239361113307048704,234.6710,-23.3460,-1.3300,-0.6657,-1.68,0.46,44.15,4.73
6239734122626717952,233.3335,-22.1930,-1.5586,-0.0937,-2.03,0.41,45.54,4.51
6239989346762631040,236.7921,-23.1652,-1.2955,-0.2044,-1.31,0.55,49.60,4.80
6761063403412577536,282.5851,-30.7678,-2.7115,-1.1027,-1.40,0.73,26.45,2.53
6761106872787184000,282.3554,-30.7681,-2.6278,-1.4814,-1.51,0.41,25.49,2.46
6761165078195430784,282.7100,-30.1351,-3.0519,-1.4632,-1.45,0.61,27.00,2.57
6761167066744071680,282.5877,-30.1328,-2.7995,-1.5006,-1.81,0.37,25.39,2.36
6761202702112736768,283.3646,-30.1482,-2.8519,-1.0959,-1.52,0.43,23.77,2.28
6761246785658965888,283.0343,-30.1426,-2.5823,-1.1189,-1.54,0.44,26.47,2.16
6761272860379272832,282.8961,-29.7786,-2.4169,-1.2398,-1.42,0.49,28.18,2.15
6761274582687860352,282.9717,-29.7248,-2.2514,-1.4788,-1.28,0.53,28.81,2.47
6761278053021958784,283.4807,-29.8524,-2.8268,-1.6344,-1.55,0.42,25.84,2.21
6761278946365212160,283.4052,-29.8163,-2.6802,-1.8832,-1.65,0.52,26.57,2.61
6761283477535806080,283.3652,-29.7328,-3.0686,-1.5569,-2.02,0.46,26.86,2.34
6761289731011000064,283.4083,-29.6572,-3.1061,-1.5097,-1.46,0.47,24.84,2.05
6761289971528074112,283.4068,-29.6317,-2.4284,-1.0702,-1.87,0.54,26.35,2.84
6761296396799084288,283.1999,-29.6678,-2.6502,-1.5789,-2.11,0.59,30.18,2.92
6761306227999683200,283.2918,-29.5284,-2.5222,-1.0714,-1.58,0.60,23.88,2.05
6761389550356683008,281.6046,-30.0078,-2.7412,-1.0452,-1.37,0.46,23.52,1.90
3240362093924349184,78.5231,5.0396,0.0956,-1.3710,-1.89,0.46,52.35,5.38
3242073793012295552,79.3101,7.7289,-0.4916,-1.1150,-1.92,0.41,38.01,3.79
3244083322309625600,53.9249,-7.1881,0.2842,-1.8020,-1.65,0.41,39.05,3.53
225223034121392512,62.2130,36.3238,0.8927,-1.3037,-1.59,0.43,27.54,2.17
3309003750150480640,71.4999,15.3342,0.0783,-1.3154,-1.66,0.39,40.71,3.94
3310110442961130752,69.9655,16.6256,-0.3503,-1.2138,-1.10,0.40,45.63,5.17
3310639892171011840,64.2756,13.6528,-0.1804,-1.4919,-1.43,0.50,44.98,5.51
3310882605066466048,66.8032,14.3579,0.3521,-1.4115,-1.36,0.40,37.88,3.67
3311446104775881088,64.0459,14.3988,0.1746,-1.1564,-2.38,0.47,44.29,4.18
3311482423019446272,64.3598,14.7552,-0.2126,-1.3985,-1.49,0.42,32.66,3.10
3312498199965146368,67.2284,15.2749,0.6178,-1.5808,-1.52,0.43,34.45,2.93
3313173334464148608,69.2607,16.7511,0.1965,-1.6804,-2.28,0.50,30.19,2.73
3313377362590283264,68.2824,17.4287,0.0827,-0.8970,-1.54,0.49,42.80,4.10
3313425092564473344,69.2879,17.4913,0.2141,-1.4846,-1.59,0.47,33.66,3.15
3313966602040166912,65.9525,17.2532,-0.0442,-1.5341,-1.77,0.42,50.45,4.97
3313967048716760960,65.9524,17.3005,-0.0622,-1.4171,-1.24,0.43,54.76,4.99
6234682794409783168,236.5517,-26.9109,-1.0529,-0.2327,-2.11,0.41,51.60,5.08
6234697775255798272,236.2952,-26.8784,-1.2378,-0.2100,-2.34,0.40,47.25,4.61
6235400638066046720,239.5620,-26.1391,-1.0418,-0.5985,-2.19,0.53,46.79,5.23
6235845631038518656,240.9379,-25.3087,-1.1917,-0.1772,-1.14,0.44,42.42,3.73
6236807875508535808,237.4987,-24.1673,-1.7891,-0.7578,-2.20,0.38,34.38,2.96
6233459523304090112,236.5247,-27.9706,-1.0915,-0.7990,-1.27,0.51,38.20,3.98
6234112491475322112,234.7448,-28.5104,-1.1149,-0.4118,-1.58,0.79,58.69,7.44
6234119741377663360,235.1560,-28.2830,-1.3544,-0.9858,-2.17,0.47,33.20,3.01
6733344646569581184,278.6440,-36.6181,-1.9623,-1.1106,-1.42,0.51,32.94,2.77
6845894956033350784,303.7141,-28.5422,-2.4210,-2.0326,-2.29,0.45,28.59,2.72
6845604788045901568,303.6900,-28.8892,-2.5103,-1.9207,-1.48,0.48,23.73,2.45
6845700372541320448,303.9414,-28.7485,-2.9875,-2.0654,-1.68,0.46,23.68,1.87
6845701201471330816,303.9725,-28.6908,-3.0150,-2.4516,-1.59,0.49,23.41,1.78
6845709860125397888,304.1283,-28.5394,-2.2028,-2.0742,-1.61,0.45,27.35,2.10
6845747307943237504,304.5953,-28.0998,-2.6448,-2.3296,-2.04,0.44,25.17,2.26
6845789746517302272,303.4026,-28.8768,-2.3187,-2.0416,-1.33,0.44,26.99,2.08
6845997863452524928,303.4278,-27.6938,-2.9595,-2.2705,-1.75,0.57,22.39,1.93
6846627570081448960,302.4328,-28.1188,-2.6802,-2.0479,-1.44,0.49,26.64,2.00
6846778684210463616,303.3506,-27.4267,-3.2771,-2.5241,-1.64,0.49,21.53,1.73
670488036070197888,120.9493,19.7959,-2.1839,-2.9265,-1.47,0.43,15.00,1.18
6210655789578594688,229.1040,-31.3194,-0.9081,-0.5606,-1.46,0.56,24.64,2.08
108849658285244928,47.2954,22.0663,0.4180,-1.5073,-1.09,0.49,37.87,3.99
109791256851011328,45.2103,22.4093,-0.0739,-2.4331,-1.75,0.54,19.36,2.20
6755530008064730880,286.7272,-34.5093,-2.7834,-1.6059,-1.43,0.63,26.17,2.40
6755538013885693184,286.8861,-34.3793,-2.7837,-1.3918,-1.63,0.52,27.04,2.15
6755549524396772352,287.7947,-34.7190,-2.5547,-1.2426,-1.99,0.60,27.20,2.51
6755562684176951424,287.3250,-34.6021,-2.5640,-1.5810,-1.72,0.49,27.19,2.34
6755571411551323776,287.5031,-34.4401,-2.7341,-1.5236,-1.47,0.46,25.20,1.93
6755631094418056448,287.1981,-34.2257,-2.6795,-1.1669,-1.79,0.60,24.90,2.49
6755635320666064384,287.1079,-34.1688,-2.6482,-1.3495,-0.90,0.65,26.92,3.06
6755635939141399296,286.9999,-34.1498,-2.9800,-1.3137,-1.64,0.54,27.47,3.20
6755688097222391168,286.2326,-34.7065,-2.5908,-1.3254,-1.69,0.63,28.55,2.48
6755691189598948608,286.2807,-34.6659,-2.5217,-1.1989,-1.17,0.64,27.45,2.20
6755734212290053504,286.3459,-34.3252,-2.3691,-1.2790,-1.93,0.55,28.00,2.56
6755771728822171648,285.7696,-34.2394,-3.0563,-1.7057,-2.06,0.53,25.39,2.22
6755796021156430592,286.3975,-33.9598,-2.6449,-1.5210,-1.44,0.48,26.59,2.28
6755808665548699392,285.9259,-33.9169,-2.8052,-1.5618,-1.74,0.77,23.07,2.49
6755816396484562560,286.2380,-33.6696,-2.9380,-1.2681,-1.58,0.58,28.40,2.71
6755837940043238144,287.0594,-33.7860,-2.1645,-1.2150,-1.58,0.44,28.63,2.17
6755848939456788736,286.8814,-33.7791,-2.6219,-1.2045,-1.92,0.46,27.33,2.56
6755905044608187904,286.7638,-33.4478,-2.9265,-1.5886,-1.39,0.57,26.81,2.53
6755925007616820352,286.5267,-33.3193,-2.7236,-1.2580,-1.53,0.70,26.54,2.43
6755930372037368192,287.0013,-33.3174,-2.6579,-1.4618,-1.80,0.47,25.23,2.82
6755945112357319936,286.6814,-33.2847,-2.9305,-1.5035,-1.82,0.74,29.09,3.33
6755948337884664448,286.7586,-33.1395,-2.7962,-1.1321,-1.50,0.44,28.20,2.13
6755949780989042432,286.6678,-33.1792,-2.8082,-1.4078,-1.56,0.43,27.37,2.36
6755991734230130560,288.4316,-33.6877,-2.7341,-1.3093,-1.69,0.58,25.05,1.93
6756026579303464320,288.7130,-33.3639,-2.6693,-1.3130,-0.73,0.62,25.44,2.63
6756033206433787008,287.9347,-33.8048,-2.6206,-1.4533,-1.49,0.58,28.73,2.47
6756034653841605120,287.9475,-33.7166,-3.0068,-1.5632,-1.57,0.61,25.10,2.58
6756058838796294400,287.7707,-33.3623,-3.0957,-1.2763,-0.97,0.51,26.15,2.36
6756063790899986432,287.8631,-33.3698,-2.8555,-1.3703,-1.68,0.39,27.34,3.07
6756101414815299200,288.2713,-32.9149,-3.0209,-1.5738,-1.82,0.47,25.71,2.13
6756105155729866368,288.9673,-33.3613,-2.8063,-1.6918,-2.73,0.54,27.65,3.05
6756117456514568192,289.0442,-33.1759,-2.4688,-1.4033,-1.42,0.46,26.07,2.05
6756127528207501184,288.8211,-33.1000,-2.5038,-1.4264,-1.48,0.61,26.77,2.12
6756127867515732992,288.8488,-33.0933,-2.2931,-1.2802,-1.68,0.44,29.06,2.45
6756129585502431744,288.9806,-33.1310,-2.4660,-1.4680,-1.28,0.54,27.09,2.99
6756141306471614976,289.4850,-32.9638,-2.7809,-1.7176,-1.35,0.58,28.26,3.44
6756173497248008704,288.6291,-33.1434,-2.7055,-1.5335,-1.17,0.56,26.58,2.49
6756174596759881344,288.5828,-33.0990,-2.3040,-1.2538,-2.19,0.50,29.79,2.90
6756176319036210688,288.7594,-32.9980,-2.4098,-1.1935,-2.25,0.52,29.27,2.30
6756188649891778048,288.7184,-32.7511,-3.1270,-1.8604,-1.21,0.46,25.18,2.32
6756204975064951040,288.6145,-32.6323,-2.4751,-1.4741,-1.57,0.47,28.15,2.39
6756210743198989568,288.9797,-32.6575,-2.6624,-1.8145,-1.45,0.72,27.19,2.77
6756215587922404864,288.9744,-32.5851,-2.6987,-1.5949,-1.04,0.44,26.46,2.15
6756224869353906816,289.2324,-32.3442,-2.6708,-1.5088,-1.66,0.59,27.94,2.45
6756242873850998912,288.9431,-32.1927,-2.3215,-1.2345,-1.55,0.47,28.96,2.54
6756245244670581760,287.5128,-33.4229,-2.8570,-1.2029,-1.43,0.51,25.60,2.54
6756248405766568960,287.5110,-33.3795,-2.6867,-1.7277,-1.22,0.59,31.51,2.68
6756256716535583360,287.8506,-33.1106,-2.4223,-1.6191,-1.70,0.43,27.48,2.85
6756269704509899776,287.4034,-33.0470,-2.5792,-1.4295,-1.45,0.44,28.44,2.26
6756273140489446656,287.7253,-32.9827,-2.7281,-1.4590,-1.61,0.47,27.98,2.16
6756278569322993024,287.5699,-32.8650,-2.8405,-1.3234,-1.69,0.40,25.23,2.04
6756285784873239680,287.9464,-32.9411,-2.6242,-1.5244,-1.70,0.49,23.63,2.54
6756329593535152384,287.3172,-32.7134,-2.4119,-1.0793,-1.83,0.44,28.92,2.51
6756335610791945600,287.0918,-32.7742,-2.5820,-1.6403,-1.53,0.46,27.28,2.36
6756337461914771072,286.9441,-32.8090,-2.8724,-1.8994,-1.71,0.42,27.03,2.47
6756340249356704256,287.0750,-32.6660,-2.6493,-1.5288,-1.80,0.45,29.46,2.30
6756352928100359808,287.6373,-32.6198,-2.8364,-1.4887,-1.96,0.51,22.77,2.33
6756357291787170048,287.5658,-32.5343,-2.8815,-1.4026,-1.78,0.43,25.31,2.35
6756365297606585984,287.7416,-32.3747,-2.3406,-1.3115,-1.32,0.47,26.18,2.00
6756371791596857216,287.2898,-32.4811,-2.4022,-1.4674,-1.48,0.43,23.09,2.56
6756374845313430784,287.3846,-32.3672,-2.4218,-0.9790,-1.35,0.54,28.56,2.16
6756384878360878080,288.2619,-32.7668,-2.7710,-1.1785,-1.41,0.45,27.60,2.11
6756386905585500672,288.3690,-32.6666,-2.3017,-1.2069,-0.96,0.47,28.70,2.14
6756389727370427136,288.2746,-32.6201,-2.4316,-1.7380,-1.56,0.50,24.13,2.12
6756410064045375488,288.0991,-32.3592,-2.6578,-1.5753,-1.44,0.86,26.74,2.83
6756410854314600064,288.1028,-32.3016,-3.0414,-1.8760,-1.53,0.45,26.50,2.29
6756412331783298304,288.2556,-32.3392,-2.8804,-1.6076,-1.62,0.59,24.16,2.30
6756418177234181760,288.3396,-32.1967,-2.6277,-1.6914,-1.35,0.52,25.57,2.22
6756436555399585664,288.7443,-32.0145,-2.7078,-1.2365,-1.64,0.41,25.32,2.31
6756458511276613376,287.9933,-32.2541,-2.9797,-1.1782,-1.14,0.44,24.35,2.71
6756460607220616832,287.8178,-32.2768,-2.9370,-1.2573,-1.35,0.46,25.96,3.04
6756466070414455936,288.1910,-32.1489,-2.7957,-1.2930,-1.40,0.44,27.32,2.72
6756467242949784832,288.1779,-32.0902,-2.5713,-1.3645,-1.57,0.47,24.19,1.89
6756469746911406080,287.9673,-32.0731,-2.4034,-1.7681,-1.32,0.55,27.10,3.08
6717921487714138752,288.7182,-38.5755,-3.0440,-1.5151,-2.07,0.45,23.67,1.99
4141742551030867712,260.3005,-12.3036,-1.8802,-1.3690,-1.60,0.43,23.92,1.86
149930676873878272,64.5046,24.5365,0.0862,-1.5142,-1.52,0.43,45.04,3.97
6250984295537298048,241.5632,-14.7902,-1.9063,-0.4140,-1.49,0.44,45.50,4.14
152278443436902144,65.3846,26.6722,0.3986,-1.7140,-1.68,0.40,26.90,2.34
2367838731828264064,3.8949,-17.8223,-1.3909,-2.7989,-1.10,0.56,22.80,2.07
2368303653447846656,4.2457,-16.0767,-1.1887,-2.6404,-1.43,0.54,24.33,1.94
2368656807134526464,5.4591,-15.7921,-1.2541,-2.8188,-1.68,0.42,24.66,1.89
2368664568139376256,5.4496,-15.5949,-1.3842,-3.5317,-1.69,0.40,20.39,1.70
2371452693405566208,13.2179,-15.9101,-0.9968,-3.1925,-1.95,0.38,23.78,2.07
2372291311540018688,12.5724,-15.4354,-0.9590,-2.7495,-1.79,0.39,23.07,1.85
2372416690225140480,13.2883,-14.9613,-1.0944,-3.4702,-1.31,0.42,20.32,1.65
2372721289305806976,12.5998,-14.0785,-0.8201,-2.9555,-1.80,0.38,23.00,1.91
2373577357891260288,9.4088,-15.9259,-1.0707,-3.5075,-1.58,0.59,21.70,2.01
2373702878310892672,7.5661,-15.9914,-1.0170,-3.4089,-1.92,0.44,23.20,1.77
2374230742675820928,10.3543,-14.1294,-0.9534,-2.6722,-1.66,0.39,23.39,2.09
2375836549344775040,12.5901,-13.2636,-1.1326,-3.1940,-1.55,0.37,19.05,1.67
2376023019644065536,9.9191,-13.2778,-1.1143,-3.2622,-1.09,0.48,21.38,1.60
2376648057645331328,12.7525,-11.7149,-0.8551,-3.2636,-1.36,0.38,22.16,1.90
2377108409419499136,9.6726,-11.9398,-1.1382,-3.4502,-1.53,0.45,20.34,1.56
2377669057270867712,10.9540,-10.7885,-1.4672,-3.4583,-2.22,0.43,18.84,1.51
2385362129676405888,350.9683,-22.5460,-1.6377,-3.0065,-0.94,0.54,24.12,2.00
2385630685391486080,349.2756,-21.6250,-2.0256,-3.6781,-1.68,0.54,20.00,1.59
2389534673224707584,355.8462,-20.7574,-1.4934,-3.1853,-1.44,0.44,22.43,1.81
2390771181424291200,356.1513,-18.7152,-1.4470,-2.7108,-1.94,0.44,24.00,2.01
2390813306463474560,355.7975,-18.8234,-1.9921,-3.6179,-1.52,0.57,19.18,1.68
2391038770771402496,358.2823,-18.2235,-1.4685,-2.7562,-1.78,0.50,26.51,2.05
160518114858190976,74.1791,31.9611,0.3823,-1.4295,-1.19,0.44,24.03,2.28
3231528858025710464,74.0992,1.1651,0.1453,-1.8545,-1.67,0.40,29.84,2.44
3233063162079144960,73.3629,2.8721,-0.0211,-1.5692,-1.64,0.41,33.93,3.04
3233886726351620736,77.9814,0.9114,0.2539,-0.5135,-0.78,0.44,17.55,1.60
3235185455743030272,77.5280,2.8499,0.4912,-1.4389,-1.69,0.41,43.16,3.55
3237779822148024192,82.2639,6.2268,0.4561,-0.4295,-1.56,0.44,30.93,3.05
4048400404759813760,279.0294,-28.5336,-2.7383,-1.2649,-1.60,0.47,26.85,3.74
4048414045578514048,278.8546,-28.4780,-3.1085,-1.6865,-1.56,0.50,22.94,2.42
4048416695605417856,278.7160,-28.4458,-2.3233,-1.3462,-1.58,0.49,29.46,3.29
4048421707788841088,279.2249,-28.5171,-2.9342,-1.3884,-1.63,0.54,27.18,3.56
4048434631365964800,279.2067,-28.2434,-2.8966,-1.3543,-1.34,0.46,24.78,1.96
4048446721654013056,279.1616,-28.1873,-2.5985,-1.0755,-1.51,0.54,26.33,3.59
6049734802495726592,243.9670,-24.1853,-1.6409,-1.2612,-1.11,0.48,22.37,1.71
6049822832145872256,242.3793,-24.6657,-1.8050,-0.5533,-1.55,0.44,45.71,4.38
6050484639366002432,245.1544,-22.7815,-1.3097,-1.2854,-1.58,0.41,26.95,2.54
6050724161096376064,247.3986,-23.4591,-1.2984,-0.9459,-1.15,0.51,25.54,2.45
3275670749482547072,51.9089,4.9377,-0.0999,-2.3418,-1.57,0.62,28.48,2.46
3276406627703604992,56.6884,5.2259,0.2926,-1.9299,-1.68,0.43,29.18,2.30
3276551316561890944,57.2952,5.8450,0.3928,-1.6932,-1.48,0.41,30.42,2.41
3277957424430769792,55.1625,7.6494,0.0118,-2.1474,-1.50,0.57,26.06,2.74
3278708558375607680,66.9697,0.4643,0.1472,-1.1495,-1.74,0.44,39.53,3.25
3282129894963755776,68.7096,4.5880,0.0100,-1.6627,-1.96,0.40,36.58,2.98
3282430439595911808,69.0332,4.9986,-0.1518,-1.0034,-1.61,0.46,39.61,3.22
3282633299490725120,69.9641,5.1800,0.3438,-1.0414,-2.28,0.44,41.71,3.40
3282730400111303424,71.0223,5.8062,-0.1024,-1.2019,-1.55,0.47,39.06,4.40
3283886918841950080,66.8586,4.8071,0.3856,-1.8260,-1.53,0.43,37.53,3.65
3285126510826478976,63.8846,5.8311,0.3501,-1.7091,-2.06,0.46,30.75,2.67
3285505670539138688,67.3248,5.6942,-0.0288,-1.1876,-1.87,0.46,39.82,3.27
3286526601445132288,65.9784,6.3352,0.5700,-1.4681,-1.63,0.38,36.37,3.93
3287120719977718272,67.8083,7.7841,-0.1297,-1.3045,-1.53,0.39,46.39,4.55
3287314611981180928,68.2586,8.5462,0.3367,-1.6676,-1.67,0.37,38.02,3.30
3287581342334243968,66.8461,9.0224,0.3095,-1.3708,-1.94,0.51,35.11,3.27
3287755000749340288,73.0102,5.7034,0.3243,-0.6656,-1.50,0.94,40.83,4.53
3288065505407308544,73.3394,6.3144,-0.0477,-1.7243,-1.73,0.37,38.74,3.79
4072677900642575616,279.3588,-27.4974,-3.0587,-1.6787,-1.72,0.43,27.04,2.84
4072717002035991424,279.4563,-27.3054,-2.5325,-1.0863,-1.13,0.50,27.75,2.90
4072796166908555264,279.2905,-26.7969,-2.9488,-1.4792,-1.70,0.66,26.34,2.83
4181145336900824448,292.6861,-16.0828,-3.0142,-1.6171,-1.91,0.42,16.58,1.61
4181495123336643200,292.8901,-15.1317,-2.2694,-1.3646,-2.17,0.48,16.00,1.39
4329071986327496704,245.8503,-13.6129,-1.2679,-1.0926,-1.77,0.49,51.16,4.99
4329300920968692992,243.5220,-14.6846,-1.6257,-0.3342,-1.80,0.40,41.79,4.18
4329302570236162688,243.5236,-14.6018,-1.2197,-0.7311,-1.34,0.49,44.60,4.25
4329314493065393664,243.5083,-14.5665,-1.2931,-0.9693,-1.69,0.41,42.21,3.60
4329391802475652352,242.4644,-14.6926,-1.6221,-0.2135,-1.30,0.40,42.18,4.92
4329450488909119104,242.3063,-14.5103,-1.0603,-0.3552,-2.01,0.67,41.00,4.86
4329663210048515712,244.7455,-14.1408,-1.3893,-0.3893,-1.62,0.44,55.99,6.77
4329686127994253824,245.1708,-14.0268,-1.0838,-0.5314,-1.63,0.52,38.34,3.57
4329738320437124992,244.2342,-13.9127,-1.6361,-0.7321,-1.46,0.42,43.74,4.12
4329806765035785472,245.1777,-13.6708,-1.8339,-0.2574,-2.21,0.52,47.16,4.77
4329910806324814720,245.6019,-12.8390,-1.4648,-0.7419,-1.49,0.63,40.08,4.48
4329925757107114880,245.3595,-12.8085,-1.6867,-0.4579,-1.62,0.50,39.13,3.37
4329961418218521856,243.9429,-13.3742,-1.0068,-0.7545,-0.89,0.60,38.02,3.87
4330407373262182400,248.5012,-13.2675,-1.8682,-0.6570,-1.00,0.47,36.45,3.47
4330632399486515712,246.7731,-12.6975,-1.3133,-0.5345,-1.57,0.51,43.90,4.71
4330839760507240576,249.3135,-12.4362,-1.1241,-0.5858,-1.86,0.43,45.98,4.34
4330845597364926336,248.5390,-12.8746,-1.5570,-0.8749,-2.14,0.42,35.95,3.51
4330903253006214400,248.6295,-12.3132,-1.4832,-0.8028,-1.62,0.42,51.71,5.64
4331127484659731328,247.8525,-12.2457,-1.1364,-0.7199,-1.50,0.55,45.89,4.19
4331166212381134208,248.1801,-11.8593,-0.8783,-0.3661,-1.59,0.43,44.73,3.98
4331189370845228288,248.1922,-11.5995,-1.4368,-0.9320,-1.43,0.40,48.90,5.20
4331203488399850880,248.9692,-11.8010,-1.2156,-1.0616,-1.52,0.42,47.58,4.35
4331427307736124672,245.6593,-12.6731,-1.4715,-0.7523,-2.71,0.45,40.77,3.74
4331470948900765696,246.0950,-12.2122,-1.1871,-0.9437,-1.21,0.50,37.90,3.67
4331750426715833600,245.3880,-11.7018,-1.7442,-0.8770,-0.73,0.82,33.62,3.30
4331940779665767680,247.7263,-11.5692,-1.6578,-0.1898,-1.72,0.42,38.34,3.78
4331990773086788480,247.1408,-11.4165,-1.3682,-0.6128,-1.78,0.46,41.19,3.66
4332046474515851136,248.0471,-11.2645,-1.4001,-1.0022,-1.59,0.43,48.19,5.04
4332181675791737088,246.7912,-11.3730,-1.9408,-0.7611,-1.80,0.56,38.93,3.77
3673758653833340032,214.6367,7.6491,-0.6512,-0.8051,-1.25,0.50,56.54,5.89
3674096822374282752,211.7330,6.7585,-1.0812,-0.6216,-1.56,0.46,44.41,4.06
3674203925973739648,211.5174,7.3021,-0.7532,-0.3329,-1.75,0.46,67.39,8.10
3676193384890855424,189.6816,-7.4235,-0.9665,-0.9936,-1.91,0.47,30.50,2.47
3676598142608279680,189.8991,-6.3815,-0.6362,-0.7987,-1.85,0.40,34.54,3.06
3676649854014291072,190.9812,-6.8598,-1.0351,-1.2226,-1.69,0.39,29.49,2.81
3679088330286475392,195.0571,-3.3455,-1.1812,-0.3814,-1.79,0.45,52.85,5.98
3679933274908664064,188.7589,-5.1172,-1.0986,-0.1729,-1.85,0.43,16.64,1.24
3681681429677076480,188.1560,-2.6587,-1.7346,-0.9566,-1.40,0.48,29.43,2.30
3682600685822046976,192.2737,-2.2828,-1.2186,-0.6045,-1.88,0.38,50.68,4.72
3682722147497328640,193.1737,-1.9025,-1.1088,-0.5236,-1.82,0.43,52.53,4.77
3683168652297186560,189.4904,-2.1915,-0.7797,-0.9584,-1.70,0.47,45.91,4.20
3683409136105977344,191.1990,-2.0240,-0.7870,-0.5230,-1.40,0.48,58.04,5.77
3683434768470467328,191.4353,-1.8908,-1.2157,-0.4350,-1.59,0.49,45.93,3.73
3683510639068645376,190.9608,-1.4726,-1.9941,-0.8440,-2.00,0.43,27.64,2.07
3684235178575703808,196.3428,-3.9893,-0.5299,-0.3409,-1.49,0.68,50.29,5.64
3684352998118938240,196.0890,-3.2633,-0.6864,-0.8482,-1.59,0.41,47.16,5.32
3684544489236437504,198.6362,-3.1704,-1.2144,-0.4502,-1.86,0.42,41.22,3.43
3684598979485799936,197.7783,-3.0019,-1.3509,-0.4391,-1.64,0.40,41.29,4.80
3685005768723789312,197.8212,-1.9262,-0.9017,-0.3855,-1.85,0.44,52.80,5.07
3685345346018167040,196.2527,-1.9956,-1.1080,-1.2506,-1.48,0.52,23.92,1.85
3685670281768143104,197.2302,-1.9810,-1.3386,-0.7252,-1.92,0.53,37.14,3.21
3685909670361063168,197.5870,-0.7492,-1.1742,-0.2023,-1.87,0.44,46.08,4.62
3685974915208870656,196.4190,-1.1164,-1.0599,-0.0128,-1.82,0.46,51.63,4.40
3686036762738068608,196.4017,-0.8071,-1.4794,-0.9981,-1.54,0.49,31.06,2.50
3686540510862150016,199.2843,-1.1316,-1.5464,-0.6460,-1.69,0.42,42.50,4.47
3686599437813608832,199.2322,-0.8208,-0.9540,-1.0716,-1.64,0.62,51.84,6.04
3686613216068706432,199.0402,-0.7379,-0.9110,-1.3437,-1.94,0.51,17.43,1.71
3687029965335385856,201.6462,0.3430,-1.6148,-0.9226,-1.73,0.38,30.53,2.55
3687259698841380352,200.7395,0.5237,-0.9719,-0.7701,-1.38,0.61,41.97,3.86
3687426412291745152,197.9681,-0.3757,-1.0789,-0.6179,-1.98,0.46,45.07,4.13
3687815742487143296,197.9729,0.3790,-1.4962,-0.4868,-1.61,0.48,48.86,4.51
3688109690048968064,200.1541,1.1626,-0.9958,-0.5097,-1.84,0.42,42.31,3.80
3689124809864338176,195.4193,-0.3484,-0.6338,-0.5149,-1.32,0.66,38.88,3.67
3689435181380762752,195.4478,0.0952,-1.1313,-1.2131,-1.58,0.43,27.38,2.55
3689449784269151104,195.6140,0.3519,-1.1266,-0.5921,-2.15,0.61,40.90,3.52
3689658141723265536,192.4555,-0.6142,-0.6616,-0.5672,-1.60,0.36,41.26,3.84
3690307575137849600,194.8221,1.0446,-0.9693,-0.4757,-1.82,0.57,52.09,4.80
3690590733741719808,194.0330,1.6497,-1.0167,-1.4205,-1.79,0.42,25.22,2.06
3690836410166419840,196.8236,1.0042,-0.7597,-0.7808,-1.49,0.41,44.98,4.30
3691157360186789760,197.2092,1.5143,-0.7532,-0.6615,-1.30,0.49,50.54,4.36
3691179453498636544,196.9988,1.7503,-1.1345,-0.7177,-1.45,0.51,49.10,4.82
3691451616986285696,199.6056,2.4230,-1.4275,-0.3947,-0.99,0.57,41.73,4.83
3691615856535672704,197.1744,2.1513,-1.6259,-0.4954,-1.69,0.44,41.36,3.24
3691871046313034752,195.9757,1.7170,-1.3690,-0.6957,-1.36,0.45,49.86,4.53
3692293945972556160,195.9844,2.9454,-1.2411,-0.9398,-2.15,0.48,39.34,4.22
3692356789934287488,195.5872,3.1532,-1.4798,-0.4685,-1.75,0.45,42.68,4.15
3692548796447523968,197.3950,3.2234,-1.5276,-0.6083,-1.67,0.43,41.87,3.80
3692695336436096000,196.0236,3.3698,-0.6627,-0.4462,-1.68,0.46,55.95,5.28
3692802951136517888,196.2347,3.9725,-1.1491,-0.7073,-1.63,0.44,44.37,4.25
3692842258677372672,196.7925,4.0229,-0.6632,-0.6943,-2.32,0.47,60.62,6.24
3692933586861831936,197.0710,4.5738,-1.3938,-0.5576,-1.44,0.43,42.43,3.85
3693688405890974976,187.7451,-2.5179,-0.7658,-0.7885,-1.39,0.45,49.08,4.40
626269870287582336,149.4708,18.5156,-1.9963,-2.2772,-1.91,0.48,20.83,1.64
628119759946299648,149.0639,21.0073,-1.6423,-1.4183,-1.82,0.43,22.50,2.01
628200780209601792,148.4744,21.3001,-2.5648,-1.9920,-1.66,0.38,19.41,1.71
633675012381219840,143.6815,19.2524,-2.2882,-2.2284,-1.03,0.41,19.63,1.49
634268710005596416,141.3372,19.4935,-2.0799,-1.8622,-1.65,0.38,17.13,1.50
635392346464751232,136.6673,18.4308,-1.8226,-2.1196,-1.66,0.55,16.29,1.55
636892350907756288,138.7990,20.7169,-1.6817,-1.8065,-1.73,0.43,21.03,1.68
637635964365581952,139.4562,20.8000,-2.0261,-2.4540,-1.02,0.50,15.78,1.38
638293609758286336,142.5472,22.6739,-1.9418,-1.9663,-1.91,0.41,20.35,1.74
638583610244791424,140.0141,22.0048,-1.9173,-2.1652,-2.44,0.41,17.47,1.34
639171230490807936,141.2625,23.3250,-2.3455,-2.7397,-1.62,0.41,17.35,1.39
640293174732010240,147.9361,21.9381,-1.6921,-1.9137,-1.95,0.43,20.82,1.71
640523213180491008,147.6485,22.4169,-1.6946,-2.0324,-2.48,0.42,21.05,1.80
643214508407499008,147.4851,24.5022,-2.4111,-1.7742,-1.22,0.40,16.96,1.47
643360193698303744,148.1441,25.2863,-2.0621,-1.8790,-1.81,0.41,21.25,1.70
646239784586843776,143.4676,26.9025,-2.3635,-2.6484,-1.80,0.46,17.45,1.34
647883245232758784,145.1896,28.1772,-2.4942,-2.3491,-1.44,0.44,16.97,1.22
3741629273229298688,204.4403,14.6382,-1.0181,-0.5579,-1.74,0.39,44.08,3.66
3741740186464292096,202.6322,14.4889,-1.3354,-0.6388,-1.61,0.55,35.62,3.43
3741774619218384640,202.9514,14.7389,-1.6296,-0.7913,-1.72,0.40,41.27,3.38
3741929817860220288,205.2492,14.5629,-1.0685,-0.6008,-1.35,0.50,39.88,3.30
3742054303192638720,205.2601,15.3805,-0.8686,-0.1787,-1.58,0.37,39.48,3.37
3742691195303045760,200.4386,13.2885,-1.0586,-0.6206,-2.03,0.38,42.50,3.55
3743009813156750976,199.1665,13.9694,-0.8317,-0.8850,-1.01,0.57,41.12,3.30
3743158693903551232,200.6991,14.0697,-1.2243,-0.6439,-1.57,0.40,37.62,3.03
3743380245496062080,200.9670,14.3681,-1.0584,-0.8364,-1.59,0.40,64.55,5.97
3743456043079070592,200.4205,14.8029,-1.1265,-0.7437,-1.32,0.45,71.85,9.78
3743932681369528704,197.6080,14.4169,-1.4061,-0.6205,-1.54,0.41,34.52,2.82
3744017824801317632,197.6630,14.7534,-1.2673,-1.1623,-1.83,0.47,43.73,3.78
3744235974780053120,199.9860,15.0900,-1.3564,-0.1558,-1.56,0.42,39.70,3.21
3744637090366093568,199.6855,16.2890,-1.4375,-0.9342,-1.34,0.45,40.58,3.28
3744696876310932992,199.0760,16.4045,-0.7552,-0.7474,-1.55,0.52,43.15,3.97
3745143282326612608,202.0677,16.0907,-1.6296,-0.3673,-1.57,0.39,39.71,3.47
3745156231652940672,201.5962,16.1260,-1.3416,-0.5707,-2.22,0.40,43.57,3.61
3745159186590446208,201.8737,16.1627,-1.3143,-0.4239,-1.29,0.49,65.70,5.98
3745276907350329344,202.4167,16.4956,-0.9846,-0.7778,-1.60,0.46,44.78,3.66
3745282847288648960,202.8168,16.6583,-0.9231,-0.5416,-2.02,0.40,49.01,4.10
3745681768146959232,202.6107,16.9986,-1.7019,-0.5730,-1.59,0.43,35.76,2.76
3745905686266055552,201.4017,16.1121,-1.3946,-0.7146,-1.49,0.43,40.94,3.25
3745914005617975808,201.6533,16.2827,-1.2952,-1.2369,-1.80,0.39,27.20,2.14
4343586669388339328,241.7327,-10.6664,-1.2070,-0.3929,-1.51,0.41,45.62,4.06
4344140891968308352,243.8713,-10.3573,-0.9488,-0.4265,-1.68,0.58,49.47,5.91
4344295618168042112,246.2551,-10.5328,-0.9020,-0.5148,-1.76,0.57,38.86,3.95
4344452985769753600,246.8493,-9.7921,-1.0350,-0.4983,-1.46,0.59,50.25,5.44
4344576023694752896,245.6096,-9.9639,-0.8017,-0.4737,-1.63,0.46,41.39,4.34
4344898386760599808,243.8037,-10.1813,-1.8186,-0.2308,-1.50,0.53,47.01,4.20
4345074858376418944,243.8493,-9.5401,-1.5270,-0.8183,-1.24,0.61,39.48,5.03
4345077091760779264,243.5027,-9.6784,-1.3452,-1.1156,-2.32,0.47,51.25,6.11
4346045284768050560,238.7038,-11.6417,-1.2391,-0.1621,-1.58,0.42,54.09,7.02
4346057443814832512,238.8173,-11.4454,-0.8735,-0.6870,-1.29,0.47,43.25,3.89
4346155712666269056,240.0244,-10.9293,-1.4447,-1.0574,-1.73,0.42,54.79,5.55
4346177668539343616,240.1108,-10.7108,-0.8815,-0.6353,-1.32,0.51,47.69,3.96
4346379257124314496,238.2356,-10.5616,-1.6824,-0.4979,-1.74,0.41,36.19,3.06
4346523636745676800,238.8253,-9.9235,-1.7621,-0.4230,-1.20,0.54,45.72,4.18
4346811399554666112,241.1590,-9.1537,-1.3677,-1.2292,-1.70,0.44,25.15,1.94
4346925027208984320,239.7034,-9.5211,-1.7202,-0.4542,-1.47,0.47,53.59,5.76
4346979624833395968,240.4101,-9.2774,-1.2822,-0.9205,-1.07,0.43,44.57,4.15
4347036730719075456,240.1583,-9.0572,-1.0326,-0.7618,-1.25,0.47,58.63,6.52
4347058995829363328,240.1804,-8.8490,-0.7654,-0.4363,-1.49,0.46,45.32,4.08
4347106588366809728,237.6680,-10.5991,-0.8662,-0.5660,-1.30,0.67,49.92,5.51
4347369337280760448,238.0575,-9.2827,-1.7389,-0.5817,-1.04,0.55,47.18,4.17
4347468190252485888,236.7137,-9.5184,-1.4819,-0.1395,-2.39,0.39,28.23,2.44
4347475886833926144,236.4120,-9.5508,-1.1925,-0.5683,-1.44,0.43,43.93,3.94
4347491413136387200,236.8746,-9.4676,-1.2233,-0.2028,-1.61,0.40,43.79,3.97
4347554016579919232,237.4990,-9.1249,-1.4708,-0.4060,-1.44,0.48,46.88,4.30
4347582711261688704,237.7765,-8.8915,-1.6366,-0.3856,-1.54,0.43,50.58,4.80
4347659917593361664,237.5998,-8.5050,-1.2456,-0.7530,-2.47,0.46,50.36,4.48
4347774674819292288,239.0775,-8.8234,-0.7090,-0.4708,-1.47,0.44,45.40,4.95
4347940288758136448,239.7515,-7.9278,-1.2099,-0.4867,-1.46,0.45,49.46,4.11
4347958263200760320,238.4002,-8.7159,-1.2868,-0.5548,-1.56,0.47,49.40,5.37
4348131019665350272,239.6924,-7.8276,-1.5253,-0.3913,-1.68,0.44,48.20,4.55
4348293747386620032,242.2520,-8.8139,-1.4038,-0.6162,-1.35,0.48,50.21,4.37
4348435245088088960,242.9408,-8.1584,-1.5798,-0.2545,-0.61,0.65,47.70,4.33
4348490869206716032,242.3684,-8.1348,-1.2546,-0.7217,-1.88,0.51,45.71,3.90
4348501589444297728,242.6635,-7.9349,-1.6384,-0.5501,-2.31,0.51,51.67,5.17
4348639891691891456,241.2021,-7.9956,-1.2490,-0.8035,-1.23,0.54,46.03,4.33
6248882746564295552,241.7646,-18.3331,-1.0520,-1.0139,-1.04,0.49,44.09,3.64
6249049047697791744,240.8668,-18.5577,-1.5330,-0.6681,-1.26,0.44,37.42,3.08
6249128732227152384,240.6889,-18.0207,-1.5053,-0.7789,-1.71,0.49,32.49,3.63
6249230226603032576,242.2171,-17.4615,-1.4174,-0.6143,-1.89,0.40,52.15,6.62
6249263383747773312,241.3312,-17.4439,-1.4488,-0.3704,-1.31,0.48,41.44,3.62
6249539361164986752,243.5765,-16.9301,-1.5159,-0.6229,-2.02,0.43,36.96,3.62
6249650209978200576,242.7372,-16.8476,-1.0720,-0.4816,-1.37,0.69,44.26,4.81
6249686730083760640,242.2678,-16.8527,-1.8543,-0.8314,-1.42,0.53,36.18,3.50
6250140347349731712,240.9228,-16.6329,-1.4747,-0.5792,-1.60,0.39,40.76,3.62
6250333345999253120,240.6814,-16.5112,-1.3385,-0.3862,-2.06,0.46,49.86,4.10
6250437078049391360,241.9295,-16.7832,-1.7920,-0.1948,-1.61,0.47,42.13,3.84
6250446561337225984,241.9738,-16.7102,-1.8493,-1.0537,-1.46,0.70,47.16,5.65
6250473877328334592,242.1812,-16.4752,-1.9082,-0.9462,-1.54,0.57,44.66,4.18
6250479168728190592,242.4130,-16.3722,-1.2369,-1.0835,-1.21,0.47,34.01,3.14
6250539744947114112,241.9001,-16.2589,-1.4259,-0.2373,-1.44,0.53,41.89,4.13
6250599908850055808,242.4023,-15.9302,-1.0786,-0.7687,-1.32,0.54,47.42,4.75
6250767412573644928,241.6773,-15.5902,-1.8505,-0.6431,-1.62,0.46,37.44,3.90
6250910692682506496,242.1717,-15.1289,-1.4415,-0.7107,-1.26,0.62,45.66,5.45
6252203241624234112,229.0575,-22.7015,-0.9950,-1.0297,-1.66,0.37,45.95,4.80
4133282564956737536,251.4069,-17.3547,-1.5892,-0.3827,-1.65,0.44,31.90,3.42
4133284699551067008,251.7807,-17.5240,-1.2457,-0.5856,-1.46,0.51,28.64,2.76
4133495389170840576,251.4020,-17.2322,-2.0387,-0.7306,-1.91,0.42,35.42,3.82
4133567853856370176,251.0863,-16.8565,-1.2791,-1.0033,-1.92,0.43,34.30,3.26
4133586957871553408,250.8701,-16.6238,-1.3959,-0.5279,-1.05,0.53,37.18,3.64
4134117854482661888,251.8845,-15.6789,-1.6312,-0.5997,-1.99,0.41,41.17,3.57
4134176330463998848,253.3479,-15.3747,-1.3526,-0.6172,-1.16,0.48,36.59,3.29
4138850805374806144,256.3321,-16.3978,-1.8191,-1.1506,-1.65,0.40,28.84,2.84
4139115233616845056,255.0158,-15.9447,-1.6497,-0.2944,-1.38,0.73,46.30,5.68
4175755771416473728,267.6067,-4.8975,-1.3029,-0.6250,-1.68,0.44,27.21,2.52
4175984675993027328,265.6752,-5.6229,-1.5149,-1.4092,-1.15,0.50,15.43,1.36
4073526032125756288,283.9549,-26.9804,-2.9830,-1.2104,-1.39,0.44,25.63,2.21
4073540703738616448,284.0673,-26.6524,-2.9056,-1.6911,-1.10,0.44,26.03,2.53
4073551801934094464,284.5790,-26.6591,-2.5025,-1.9464,-0.62,0.57,30.01,2.68
4073797817657858560,283.5431,-26.3432,-2.8205,-1.2761,-1.82,0.48,26.91,2.13
4073809156374095744,283.2427,-26.2214,-3.0144,-1.3319,-1.02,0.40,25.52,2.36
4073877154296776320,282.8421,-25.9914,-2.5375,-1.2533,-1.80,0.46,22.20,1.84
4046652082452264192,279.2042,-31.6560,-2.9804,-1.2823,-1.41,0.56,23.27,2.17
4046683654761052160,279.1543,-31.3762,-2.6854,-1.3050,-1.25,0.62,25.48,2.57
6763922752118136320,286.5360,-26.6371,-2.4527,-1.5215,-1.14,0.49,28.39,2.48
6764180931190157440,286.5078,-25.9384,-2.5188,-1.3716,-1.31,0.50,27.99,2.41
6764229034827848832,285.8100,-25.7059,-2.7358,-1.3100,-2.01,0.45,27.98,2.29
6764310158168842496,287.3754,-25.4187,-2.7583,-1.7436,-1.44,0.45,27.26,2.91
6764426946916459904,292.4105,-29.6700,-2.5560,-1.6497,-0.83,0.71,25.90,3.03
6764524739031130880,292.7344,-28.9495,-2.7026,-1.7449,-1.43,0.54,29.15,2.45
6764566791053577216,293.0565,-29.0110,-2.4694,-1.5140,-1.88,0.49,28.17,2.49
6764620946294104704,292.9945,-28.7882,-2.6459,-2.1292,-1.34,0.45,25.95,3.04
6764622591269242112,292.7666,-28.8235,-2.5923,-1.4237,-1.67,0.76,24.19,2.75
6764637469036611584,292.6667,-28.6527,-2.5008,-1.3207,-1.21,0.63,27.06,2.45
6764668049201332480,293.2659,-28.2571,-2.7697,-1.5736,-1.31,0.49,27.81,2.65
6764680418707182976,293.1640,-28.2391,-2.9285,-2.0501,-1.52,0.57,24.94,2.53
6764706291588925440,291.6767,-29.0864,-2.8913,-1.9093,-1.45,0.47,25.80,2.47
6764712682500488064,291.5915,-28.9200,-2.6353,-1.5866,-2.00,0.50,28.69,2.37
6764726151522804480,292.2817,-28.8059,-2.6219,-1.5724,-1.01,0.48,24.02,2.03
6764733126549781504,292.3598,-28.7029,-2.4934,-1.2404,-1.51,0.48,26.01,2.30
6764739895415430016,292.2738,-28.5540,-2.8958,-1.9574,-1.35,0.52,24.44,2.05
6764752337938067200,292.2427,-28.4863,-2.7138,-1.9201,-1.32,0.46,25.38,2.23
6764795970507899008,291.8835,-28.5108,-2.7675,-1.4211,-1.68,0.48,28.74,2.54
6764803598370646912,291.9296,-28.3974,-2.5501,-1.7271,-1.40,0.51,27.01,2.50
6024888073092816640,247.0546,-32.7480,-1.6027,-1.3289,-1.51,0.44,23.77,2.43
6025155185708262912,246.5077,-32.1692,-1.5319,-1.3771,-1.56,0.47,27.16,2.22
2641882006367182848,356.8412,-0.4846,-1.5207,-2.7721,-1.38,0.45,24.15,1.93
3395914406250082432,85.2865,15.7538,0.0966,-1.2575,-1.52,0.43,48.75,5.99
3397351291853135488,82.3912,17.4759,-0.3900,-0.7548,-1.82,0.56,50.06,4.75
6750870449583399936,301.1653,-27.6813,-2.3621,-1.8833,-1.78,0.38,26.50,2.60
6750871720893722112,301.1840,-27.6773,-2.9123,-2.1434,-1.49,0.57,24.96,2.12
6750903297494577536,295.3441,-32.5407,-2.4150,-1.6051,-1.91,0.54,30.99,2.79
6750914120812165504,295.2084,-32.5406,-2.8164,-1.7972,-2.10,0.48,26.42,3.16
6750916800871875968,295.1618,-32.4641,-2.8491,-1.7781,-1.51,0.54,27.33,2.54
6750938791105087872,295.6074,-32.1930,-2.6144,-1.9509,-1.08,0.48,27.98,2.44
6750962228741432192,295.5684,-31.9468,-2.2775,-1.6422,-1.50,0.66,22.83,2.28
6750986516781961344,294.8709,-32.1095,-2.6175,-1.7242,-1.40,0.51,26.89,2.32
6750999710918233600,294.9644,-31.8400,-2.4546,-1.7719,-1.54,0.38,29.49,2.84
6751005758232183680,295.3932,-31.8392,-2.3466,-1.4123,-1.54,0.48,27.59,2.84
6751012290880315008,295.5003,-31.7661,-2.8878,-1.5534,-1.91,0.51,25.60,2.17
6751032833706952576,295.2719,-31.5675,-2.2605,-1.3117,-1.29,0.53,28.55,3.45
6751051491044092032,296.0909,-31.7255,-2.6750,-1.3136,-1.79,0.50,27.30,2.66
6751057332200466176,295.9723,-31.7260,-2.4687,-1.6492,-1.17,0.47,24.75,2.16
6751073034600113792,296.3590,-31.6590,-2.4673,-1.5636,-1.33,0.44,28.46,2.14
6751150000415913856,296.0093,-31.1227,-2.7402,-1.7514,-1.36,0.41,24.24,2.14
6751123783935272832,295.7692,-31.3015,-2.3571,-1.7130,-1.93,0.50,28.55,2.74
6751131033841160576,295.4053,-31.3189,-2.3027,-1.5392,-1.50,0.46,25.16,2.94
6751146942399005824,295.9282,-31.2493,-2.9706,-2.0733,-1.48,0.46,23.77,2.15
6751185322224237952,294.5590,-31.8260,-2.6427,-1.2201,-0.84,0.70,26.44,2.74
6751210301754459648,294.6056,-31.5545,-2.6238,-1.4024,-1.58,0.45,26.60,2.36
6751255828408069248,294.2265,-31.4584,-2.7861,-1.7138,-2.00,0.46,25.82,2.21
6751406530224501504,294.7814,-30.7855,-2.7070,-1.1669,-1.60,0.48,23.62,2.07
6751479136647133696,296.6815,-31.0749,-2.4613,-1.7088,-1.75,0.38,29.09,2.66
6751480820274393216,296.4734,-31.1053,-2.5541,-1.7801,-1.59,0.37,23.54,1.95
6751500194867377920,297.0170,-30.8162,-2.6597,-1.5778,-1.44,0.42,26.96,2.52
6751552803926583936,296.1062,-30.6739,-2.4647,-1.9259,-1.09,0.44,25.26,2.26
6751566204219755008,296.7352,-30.5576,-2.2722,-1.8045,-1.67,0.44,28.53,2.77
6751587812201405056,296.3910,-30.3408,-2.2994,-1.7619,-1.58,0.44,25.82,2.33
6751593241040266880,296.7868,-30.2170,-2.7782,-1.7845,-1.95,0.44,26.39,2.16
6751640520039450496,297.6262,-30.1738,-2.6614,-1.7367,-1.38,0.42,27.76,2.24
6751663747223425536,297.8645,-29.8493,-2.6263,-1.6767,-1.12,0.47,26.30,2.21
6751705601682688768,297.4252,-29.9316,-2.4777,-1.6840,-1.42,0.48,26.66,2.03
6751754250772127744,296.1708,-30.3384,-2.8085,-1.7426,-1.56,0.58,21.18,2.43
6751787476639463552,296.6619,-29.9801,-2.5983,-1.8324,-1.54,0.46,27.36,2.44
6751825066194997888,295.7263,-30.0124,-2.6838,-1.6762,-2.01,0.51,26.42,2.41
6751844311945865728,295.7288,-29.7442,-2.7369,-1.7478,-1.04,0.54,21.89,2.23
6751880488453928832,296.0231,-29.3709,-2.4863,-1.7649,-1.81,0.49,27.62,2.58
6751888047593944448,296.7332,-29.7579,-2.4113,-1.7002,-1.75,0.41,27.23,2.26
6751895370517273472,296.7470,-29.6746,-2.6243,-1.5994,-1.20,0.48,27.21,2.32
6751956595272629504,296.3030,-29.4901,-3.2153,-1.7041,-1.76,0.47,24.02,2.09
6751974019958619776,296.1408,-29.3254,-2.2607,-1.6832,-0.79,0.96,26.96,3.53
6751984289223604352,296.2748,-29.0788,-2.7261,-1.7969,-1.57,0.43,27.39,2.36
6752035760110580992,294.0117,-31.0553,-2.2598,-1.4630,-1.62,0.43,29.09,2.82
6752044728002364288,293.6959,-31.0259,-2.7664,-1.9682,-2.11,0.48,21.89,2.04
6752044728002387328,293.7025,-31.0167,-2.5661,-1.5412,-1.43,0.43,25.95,2.22
6752052974339983360,293.8260,-30.8834,-2.4384,-1.5508,-2.09,0.37,28.30,2.59
6752079229472834176,293.9794,-30.7420,-2.5285,-1.5917,-1.25,0.52,27.98,2.37
6752104204710460032,293.7706,-30.7264,-2.6423,-1.5520,-1.90,0.67,28.50,2.87
6752116986533462912,293.4472,-30.6218,-2.5313,-1.7757,-1.65,0.43,26.77,2.24
6752128737564030464,293.8309,-30.6025,-2.8584,-1.8933,-1.40,0.54,25.84,2.06
6752139457799635200,294.1155,-30.3682,-2.4224,-1.9978,-1.24,0.51,27.22,2.16
6752163612695008512,294.5793,-30.6343,-2.7264,-1.7226,-1.57,0.48,30.28,3.03
6752200102737912320,295.0714,-30.2024,-2.6007,-2.0512,-2.33,0.47,27.94,2.52
6752245113995899520,294.5141,-29.9965,-2.6683,-1.4779,-1.59,0.45,24.84,2.05
6752258445574654592,294.0326,-29.9194,-2.3029,-1.9605,-1.90,0.51,25.85,2.49
6752298478966936960,294.7072,-29.4388,-2.2558,-1.3080,-1.67,0.42,27.81,2.66
6752329913828731264,293.1931,-30.2958,-2.4846,-2.0389,-1.52,0.48,26.37,2.39
6752354554060530688,293.7873,-29.9219,-2.7987,-1.9358,-1.57,0.45,27.03,2.30
6752378464139227904,292.7524,-30.1850,-2.4440,-1.5693,-1.48,0.45,21.27,2.36
6752520782177022336,293.4700,-29.4331,-2.8033,-1.4297,-1.48,0.65,24.79,2.24
6752528547478381824,293.6661,-29.2907,-2.3795,-1.9129,-1.41,0.62,26.48,2.27
6752547307896151808,293.5511,-29.1289,-2.1032,-1.4097,-1.86,0.43,26.59,2.54
6752555829111307136,293.7971,-29.1175,-2.4445,-1.7345,-1.25,0.51,26.34,2.09
6752568095538152832,293.7924,-29.0387,-2.6776,-1.8795,-1.94,0.54,25.89,2.46
6752576925991318912,293.9425,-28.8635,-2.7759,-1.8210,-1.44,0.46,30.81,2.72
6752662894054407936,294.9339,-29.4130,-2.7196,-2.0188,-1.29,0.49,24.91,1.99
6752682380320787328,294.9818,-29.2089,-2.7334,-1.8846,-1.73,0.43,25.33,2.08
6752711483022879360,295.1562,-28.9729,-2.5254,-1.5818,-1.47,0.52,28.83,2.22
6752741199897825280,296.1713,-28.9208,-2.3566,-1.5536,-1.00,0.60,25.96,2.72
6752789853286601856,296.5066,-28.4729,-2.5210,-1.6623,-1.67,0.54,27.69,2.57
6752874245103249536,294.5442,-29.0391,-2.4767,-1.9250,-2.21,0.53,29.46,3.06
6752895303325421952,294.7359,-28.8349,-2.6353,-1.7822,-1.70,0.44,28.07,2.25
6747361122001899136,298.6202,-32.5404,-2.5114,-1.4916,-1.50,0.39,24.24,2.39
6747364454896553472,298.5890,-32.4750,-2.7586,-1.6954,-1.98,0.46,25.22,2.02
6747406923530658688,299.6442,-32.2481,-2.5331,-1.7594,-1.34,0.44,28.16,2.39
6747408637224310144,299.4613,-32.2881,-2.9408,-1.7277,-1.43,0.45,28.15,2.34
6747441416415169920,299.9947,-31.9445,-2.2397,-1.7681,-1.43,0.51,27.97,2.18
6747454958444185600,299.2393,-32.2023,-2.7672,-2.2080,-1.50,0.50,23.50,2.11
6747460902682628736,299.4296,-32.0320,-2.4741,-1.4314,-1.78,0.47,31.37,2.42
6747484881483041280,299.5033,-31.9688,-2.8471,-2.0296,-1.92,0.47,26.19,2.45
6747508589700877184,299.2763,-31.6552,-2.2488,-1.5812,-1.54,0.52,26.84,2.09
6747553704038552192,297.0445,-33.8071,-3.0359,-1.7631,-1.79,0.44,25.55,2.05
6747591293593071232,296.5122,-33.7107,-2.7145,-1.5177,-1.14,0.56,26.53,2.03
6747598646575490688,296.5228,-33.5808,-3.0832,-1.6585,-0.74,0.53,26.86,2.66
6747622354795594752,296.3985,-33.2476,-2.4949,-1.8744,-1.33,0.51,28.04,2.47
6747625069214590720,296.6536,-33.4265,-2.8900,-1.7385,-1.68,0.38,22.70,1.90
6747658707399339392,296.6949,-32.8355,-2.5619,-1.7986,-1.56,0.43,29.70,2.65
6747661524896108288,297.5278,-33.3537,-2.2402,-1.7644,-1.17,0.51,28.20,2.21
6747670046113065600,297.7123,-33.1984,-2.2488,-1.8750,-1.36,0.44,26.88,2.05
6747675234433782656,297.6472,-33.0485,-2.5214,-1.7581,-1.42,0.60,26.89,2.55
6747721967974987008,297.7324,-32.6964,-2.3941,-1.7286,-1.91,0.48,29.25,2.30
6747748729912679936,296.9153,-32.8306,-2.3579,-1.6140,-1.40,0.45,28.31,2.25
6747761103716848384,297.0338,-32.5882,-2.2535,-1.6495,-1.68,0.39,29.37,2.58
6747777184074655744,297.6835,-32.4103,-2.3869,-1.6485,-1.58,0.42,29.43,2.84
6747790476995882880,297.2590,-32.3151,-2.1606,-1.7645,-1.60,0.36,28.38,2.65
6747800308178620160,296.0769,-33.4280,-2.8407,-2.0090,-1.43,0.40,24.96,2.26
6747813085704505216,296.0816,-33.2167,-2.3887,-1.4533,-1.77,0.41,33.15,2.86
6747821469480918912,295.9283,-33.0999,-2.7039,-1.4153,-1.63,0.48,27.46,2.25
6747831708683136512,295.8944,-32.9697,-2.1010,-1.6880,-1.82,0.48,28.92,2.25
6747883385728427008,295.7700,-32.8402,-2.1307,-1.6148,-1.98,0.48,29.21,2.37
6747938984083323008,296.0337,-32.1906,-2.8348,-1.5414,-1.43,0.45,25.37,2.10
6747941625485948032,296.7086,-32.7043,-2.4044,-1.4590,-1.88,0.50,27.71,2.40
6747951108773880832,296.8810,-32.4942,-2.8091,-1.5633,-1.45,0.54,26.34,2.25
6747963821874333696,296.3855,-32.4366,-2.2608,-1.7542,-1.55,0.43,31.30,2.63
6747979425494775424,297.1790,-32.2434,-2.3696,-1.3780,-1.88,0.50,26.11,2.48
6747996394906939392,297.0278,-32.0579,-2.5527,-2.1784,-1.48,0.52,25.73,2.05
6747998834448290944,296.7707,-32.0843,-2.5979,-1.6575,-1.81,0.38,26.90,2.91
6748038451226820608,296.3406,-31.9909,-2.9068,-1.9328,-1.48,0.44,23.13,1.83
6748041784121511936,296.2547,-31.9609,-2.5825,-1.5878,-1.99,0.46,28.17,2.56
6748078583402029440,296.6533,-31.5164,-2.7455,-1.8422,-1.82,0.41,26.76,2.28
6748092022356674688,298.2868,-32.4590,-2.5527,-1.5526,-1.65,0.41,29.88,2.87
6748099409700254976,298.0260,-32.5216,-3.0253,-1.8263,-1.48,0.42,25.53,1.93
6748105628812956416,297.9110,-32.3949,-2.4607,-1.8505,-1.99,0.47,29.13,2.27
6748117512986333952,298.4582,-32.3724,-2.3988,-1.6376,-1.57,0.38,27.29,2.58
6748146379459838336,298.5109,-31.9020,-2.5003,-1.9255,-1.75,0.40,24.85,2.22
6748155892814412160,297.6892,-32.3324,-2.4897,-1.7168,-1.45,0.44,29.64,2.50
6748166716129842176,297.8580,-32.0370,-2.7176,-1.7552,-1.26,0.46,24.54,1.93
6748198778061027456,298.3528,-31.7551,-2.6814,-1.7779,-0.67,0.51,24.08,2.27
6748233442741271680,299.1281,-31.7557,-2.5448,-1.4120,-0.75,0.40,22.40,2.21
6748255780870081536,298.8707,-31.4701,-2.4345,-1.7753,-1.67,0.47,27.88,2.32
6748288933722869504,299.0517,-31.2370,-2.8339,-1.8906,-1.58,0.44,26.04,2.05
6748304773558963840,298.6887,-31.3640,-3.0654,-2.0248,-1.43,0.55,24.02,2.49
6748317555381750272,298.2430,-31.3184,-2.3011,-1.5841,-1.62,0.50,28.57,2.89
6748357176458356480,298.8756,-30.8802,-2.6708,-1.8322,-1.47,0.80,26.53,2.41
6748385381506369152,297.1754,-31.7536,-2.2653,-1.7107,-1.64,0.52,29.04,2.37
6748403695246844032,297.6472,-31.5463,-2.4492,-1.7326,-1.96,0.42,28.80,2.27
6748410154875746816,297.9840,-31.3951,-2.4125,-1.7522,-1.69,0.50,29.28,2.49
6748417679658400000,297.7025,-31.4452,-2.4219,-1.6695,-1.52,0.49,29.04,2.25
6748423452095652480,297.5539,-31.2910,-2.4354,-1.7071,-1.87,0.49,29.39,2.84
6748438329863439872,297.0420,-31.5362,-3.0318,-1.9648,-1.42,0.43,26.45,2.39
6748460904209755392,297.0126,-31.2741,-2.6712,-1.6120,-1.66,0.40,25.78,2.14
6748465061738210048,296.9574,-31.1986,-2.4948,-1.5266,-1.65,0.42,27.77,2.30
6748483757734884864,297.6184,-30.9836,-2.2319,-1.7426,-1.76,0.39,29.13,2.68
6748570516074414720,298.3623,-30.5251,-2.5474,-1.7095,-1.86,0.42,26.58,2.13
6748578002198996992,297.8590,-30.7995,-2.6829,-1.6390,-1.58,0.43,29.17,2.58
6748582022288495232,297.7773,-30.7389,-2.7144,-1.9982,-1.21,0.52,25.93,2.49
6748626037114335104,298.3299,-30.2298,-2.5097,-1.5893,-1.47,0.45,27.89,2.10
6748696302778519936,301.4836,-31.9829,-2.2161,-1.5827,-1.60,0.45,27.96,2.42
6748704587772111616,301.0563,-32.0169,-2.3886,-1.8402,-1.70,0.43,26.45,2.07
6748804952567388544,301.5272,-31.7752,-2.2332,-1.7741,-1.45,0.45,25.72,2.20
6748997916858318592,299.8567,-31.5962,-2.8971,-1.9941,-1.74,0.42,25.78,2.13
6749043271713394176,300.4465,-31.0480,-3.1276,-2.3089,-1.75,0.44,22.65,1.86
6749083988002959104,300.7912,-31.1836,-2.1930,-1.6242,-1.62,0.51,29.52,2.75
6749130923405953792,301.3876,-30.5287,-2.6739,-2.0942,-1.47,0.52,26.35,2.33
6749154975222627072,300.4640,-30.7831,-3.0919,-2.0337,-1.95,0.53,21.31,2.01
6749216474856361472,302.5812,-31.1315,-2.2167,-1.6031,-1.47,0.50,27.88,2.16
6749240702769036416,302.4260,-30.7805,-2.3647,-1.7359,-2.04,0.42,29.75,3.08
6749257259866658944,302.8023,-30.6317,-3.3294,-1.9642,-1.85,0.41,18.68,1.74
6749312991362326400,302.3510,-30.6281,-2.3827,-1.8451,-2.00,0.61,26.75,2.55
6749415967497277696,303.3975,-29.8059,-2.5613,-2.0357,-1.83,0.40,24.67,2.19
6749558667788784768,301.9684,-29.6934,-2.2678,-1.7517,-1.39,0.61,26.08,3.24
6749566398729662080,301.3378,-30.0735,-2.2497,-1.7567,-1.52,0.65,29.00,2.79
6749662464261332992,302.3289,-29.4533,-2.6282,-2.1166,-1.84,0.39,25.65,2.14
6749750017171247744,302.4377,-28.9178,-3.1612,-2.2388,-2.15,0.50,22.29,2.35
6749765783993870592,302.2768,-28.8253,-2.3158,-1.9281,-1.77,0.39,28.39,2.64
6749771900027425152,299.5209,-31.2514,-2.2236,-1.5281,-1.96,0.48,27.77,2.47
6749794513033269760,299.3309,-30.9873,-2.9353,-1.7490,-1.57,0.48,25.44,2.70
6749824951464013952,299.8108,-30.7539,-2.3654,-2.0246,-1.93,0.44,27.11,2.36
6749836912950802176,299.8574,-30.4957,-2.8576,-1.6681,-0.63,0.48,27.45,2.70
6749872440920128896,299.0711,-30.5105,-2.6819,-1.7347,-2.41,0.42,25.15,2.16
6749894083258266624,299.4107,-30.4193,-2.4676,-1.8127,-1.66,0.46,25.27,2.20
6749959401120185472,300.6351,-30.0411,-2.4566,-1.8221,-1.62,0.39,26.16,2.46
6749996990674280576,300.1014,-29.9426,-2.6520,-1.7075,-1.51,0.53,26.92,2.44
6750005614968591232,299.6792,-29.9497,-2.3864,-1.7088,-2.21,0.44,27.76,2.34
6750050321285690368,300.1821,-29.4306,-2.2817,-1.8598,-1.85,0.51,27.49,2.23
6750058361464119936,298.8020,-30.4770,-2.5699,-1.8720,-1.53,0.41,28.27,2.33
6750143466239154304,298.4064,-29.9400,-2.1970,-1.4385,-1.24,0.40,28.60,2.80
6750282352598552704,299.1102,-29.3751,-2.5902,-1.5676,-1.55,0.37,27.73,2.47
6750330211416583552,299.4299,-28.7801,-2.4414,-1.7001,-1.76,0.46,28.71,2.45
6750347150768127360,301.0645,-29.6272,-2.7485,-2.0948,-1.17,0.58,25.19,2.36
6750478473686512384,301.5715,-29.1654,-2.6122,-2.0318,-2.43,0.47,26.83,2.37
6750541631183840384,301.8870,-28.4132,-2.8620,-2.3618,-1.74,0.43,23.68,2.28
6750690919949160832,299.8144,-28.7743,-3.2607,-1.9368,-1.86,0.39,22.97,2.13
6739384371300462080,291.8890,-37.3915,-3.0838,-1.6993,-1.74,0.52,26.59,3.21
6739385260358059648,291.8527,-37.3533,-2.4880,-1.4458,-1.52,0.71,27.32,2.61
6740114202205816832,295.6070,-36.4773,-2.6510,-1.5886,-1.92,0.51,28.89,2.49
6740164951539973248,295.2832,-36.3807,-2.5157,-1.5031,-1.65,0.47,28.88,2.25
6740166669527444480,295.3057,-36.2762,-2.6453,-1.3761,-1.47,0.41,25.53,2.10
6740168765471589504,295.3795,-36.1919,-2.5459,-1.7219,-1.48,0.40,25.11,2.14
6740196081463837312,295.2935,-35.8885,-2.7021,-1.3266,-1.26,0.44,28.25,2.39
6740241745554141056,297.1063,-36.5552,-2.1637,-1.5807,-1.41,0.46,27.18,2.39
6740310361952274944,296.6601,-36.2650,-2.4251,-1.6503,-1.29,0.49,27.23,2.31
6740334482489310464,296.8485,-35.9124,-2.4561,-1.3682,-1.79,0.43,28.57,2.51
6740341285716027904,297.4800,-36.3265,-2.4986,-1.3369,-0.89,0.86,25.09,2.85
6740475116899107456,297.5221,-35.1622,-2.0899,-1.4124,-2.26,0.46,28.97,2.43
6740481232930357760,297.4180,-34.9613,-2.4764,-1.6778,-1.50,0.42,27.16,2.41
6740504464408701312,295.7100,-36.0638,-2.6792,-1.2388,-1.99,0.45,23.52,2.00
6740536620829677056,296.2554,-35.7170,-2.3487,-1.7026,-1.40,0.43,28.13,2.78
6740576753004364416,295.5135,-35.5864,-2.8219,-1.6307,-1.28,0.50,23.83,2.21
6740578303490393472,295.6501,-35.6539,-2.5879,-1.5828,-1.51,0.52,25.86,2.09
6740579879740634240,295.6714,-35.5466,-2.2728,-1.2408,-1.29,0.51,26.61,2.13
6740616442800815616,296.1348,-35.1128,-2.6715,-1.7591,-1.46,0.42,23.90,2.17
6740648534795480448,296.7384,-35.2873,-2.3892,-1.4024,-1.86,0.49,29.66,2.36
6740657567108031744,297.0408,-35.2612,-2.4038,-1.8613,-1.97,0.55,26.63,2.37
6740718834820546176,296.3517,-34.9277,-2.5828,-1.3164,-1.36,0.44,28.32,2.27
6740720926467185536,296.3665,-34.7924,-2.8483,-1.5243,-1.82,0.62,28.47,2.44
6740742607462419584,296.8153,-34.5383,-3.2589,-1.8392,-1.81,0.40,23.68,1.95
6740761986354995328,296.6359,-34.3232,-2.4811,-1.7788,-1.66,0.43,26.33,2.26
6741000099340955392,294.0741,-35.5341,-2.6379,-1.5391,-1.39,0.42,23.75,2.46
6741015256282471424,294.5500,-35.4517,-3.0256,-1.6317,-1.14,0.92,24.71,2.49
6741022918504102144,294.7687,-35.3246,-2.9499,-1.5021,-1.70,0.48,24.19,2.00
6741188734305490816,293.9396,-35.4789,-2.7164,-1.5326,-1.34,0.43,25.23,2.01
6741200798866396544,294.0855,-35.2494,-2.6275,-1.3880,-1.68,0.44,25.64,2.69
6741283601541823488,293.5842,-34.8080,-3.0143,-1.4715,-1.26,0.64,23.16,2.03
6741284151297646976,293.6707,-34.8045,-2.4797,-1.5951,-1.28,0.53,22.27,2.19
6741313735032872064,293.6198,-34.6053,-2.1958,-1.1968,-1.43,0.53,27.17,2.37
6741373143020556032,295.9157,-34.9496,-3.1186,-1.7388,-1.70,0.43,24.00,2.27
6741390563407406464,295.7077,-34.8034,-2.1201,-1.5416,-1.47,0.43,27.23,2.31
6741408950165700352,295.2459,-34.8893,-2.6020,-1.3186,-1.73,0.40,28.64,2.41
6741413275195004032,295.1699,-34.8123,-2.3619,-1.3942,-1.30,0.47,29.03,2.82
6741427259609002112,294.8737,-34.8116,-2.2492,-1.5283,-1.41,0.52,27.77,2.34
6741427500126204416,294.9121,-34.7838,-2.2384,-1.4665,-1.20,0.42,29.56,3.17
6741441793777627904,295.4793,-34.6452,-3.1010,-1.7993,-1.21,0.45,23.67,2.10
6741488729179147008,295.7445,-34.6409,-2.5823,-1.7007,-1.85,0.42,25.91,2.16
6741504053622788352,296.4762,-34.4360,-2.3419,-1.6967,-1.80,0.47,26.41,2.31
6741525665898974848,296.1007,-34.1733,-2.6609,-1.7479,-1.39,0.41,25.48,2.44
6741556314785252480,295.4674,-34.2917,-2.6713,-1.5744,-1.17,0.47,25.89,2.29
6741562430819156096,295.4027,-34.1376,-2.4686,-1.3930,-1.54,0.49,26.21,2.04
6741566416549068288,295.7801,-34.0293,-2.6521,-1.5661,-1.42,0.48,23.97,2.06
6741650048152499328,294.9218,-34.3583,-2.8378,-1.5621,-1.82,0.41,24.48,2.27
6741650082512255872,294.9301,-34.3382,-2.5330,-1.4845,-1.41,0.43,26.16,2.04
6741650155528621696,294.9235,-34.3268,-2.3932,-1.3690,-1.71,0.52,28.24,2.53
6741693139557825408,294.4480,-34.1884,-2.6137,-1.5843,-1.72,0.51,27.59,2.33
6741694269135257472,294.4152,-34.1238,-2.9190,-1.6149,-1.40,0.44,26.59,2.13
6741695235501973120,294.0850,-34.3787,-3.0259,-1.7325,-1.26,0.43,25.10,2.74
6741699113858240128,294.1874,-34.1894,-2.3744,-1.4266,-1.35,0.52,26.16,2.24
6741770410314787456,295.0507,-33.8788,-2.2515,-1.6480,-2.07,0.74,30.53,3.83
6741775293696204288,295.3736,-33.7560,-2.7550,-1.6403,-1.32,0.60,25.24,2.52
6741793126400682752,295.8133,-33.6102,-2.9728,-2.0451,-1.77,0.54,24.31,2.39
6741811852458138112,295.7798,-33.3749,-2.3051,-1.7417,-1.16,0.51,28.90,2.64
6741833666593851776,295.1349,-33.4921,-2.3708,-1.5794,-1.18,0.54,28.25,2.60
6741835281501826560,295.0954,-33.3945,-2.3306,-2.0001,-1.58,0.44,28.92,2.42
6741846207898623616,294.9378,-33.3986,-2.6039,-1.5122,-1.73,0.59,22.39,2.28
6741881117393504000,295.2977,-33.0685,-2.8655,-2.0048,-1.35,0.43,22.95,1.84
4326939105570254720,248.9156,-15.0552,-1.6505,-0.7670,-1.74,0.42,31.28,3.36
4326985658716418688,249.9208,-14.8030,-1.3490,-0.8911,-1.42,0.41,36.61,3.36
4327351108893766784,248.4336,-13.7747,-1.7550,-0.7937,-1.55,0.40,39.61,3.90
4327655742334159488,251.2729,-12.8728,-1.6744,-0.8401,-1.76,0.42,37.13,3.13
4327693542342184576,249.7708,-13.5085,-0.9928,-0.7025,-1.85,0.46,44.72,3.90
4327759272521149056,249.5397,-13.3014,-1.9531,-1.0182,-1.90,0.45,40.55,3.71
4327996006825088128,244.9865,-16.5554,-1.3567,-0.9404,-1.84,0.39,45.64,4.85
4328021574767171200,245.0871,-16.2582,-1.7769,-0.8236,-1.27,0.52,35.71,4.26
4328023838213642496,245.1546,-16.1874,-1.3991,-0.6761,-1.37,0.40,38.37,4.00
4328047580791709696,244.1364,-16.4360,-1.0802,-0.6647,-1.65,0.79,39.87,3.83
4328084620589021824,244.6113,-16.0871,-1.1820,-0.4832,-1.28,0.46,37.92,3.44
4328098501923662336,244.7659,-15.7967,-1.3526,-0.5768,-1.78,0.52,37.24,3.62
4328103793323899520,245.4278,-16.1481,-1.4330,-0.5166,-1.79,0.53,39.96,4.63
4328167599358537472,245.6542,-15.5471,-1.8567,-0.9353,-1.79,0.58,32.54,3.31
4328411587859471488,244.7456,-15.2284,-1.7451,-0.4045,-1.42,0.66,39.35,4.22
4328807966095696384,245.4901,-14.8783,-1.0971,-1.2201,-1.07,0.57,36.22,4.09
4048109072845574528,276.5704,-29.4481,-2.7735,-1.1288,-1.69,0.55,29.80,3.60
4048154595174727936,277.1951,-28.8834,-2.5905,-1.2914,-1.69,0.45,24.83,2.41
6263153514139767424,239.9720,-14.5310,-1.5460,-0.6470,-2.02,0.39,43.21,3.79
6263264874052098688,240.3086,-14.1243,-0.9829,-0.5083,-1.41,0.45,38.77,3.92
6263274322980453888,240.4855,-13.9388,-1.1405,-0.5336,-1.68,0.46,41.69,4.13
6263355824278798592,240.6836,-13.6155,-1.5903,-0.3186,-1.48,0.41,42.17,3.56
6263400732456929408,237.4664,-15.4484,-0.6917,-0.5644,-1.45,0.49,47.26,4.27
6263411216479553024,237.6674,-15.2448,-1.5238,-0.8010,-1.50,0.52,37.78,3.09
6263508244079802752,237.5514,-14.7674,-1.1779,-0.9452,-1.70,0.45,46.51,4.34
6263523366663708032,238.2891,-15.0159,-1.2283,-0.9516,-1.42,0.38,28.77,2.56
6263735778565226240,236.7320,-14.6645,-0.8505,-0.4624,-1.57,0.42,46.44,4.36
6263863867371509504,237.7963,-13.8164,-1.3806,-0.9391,-1.54,0.40,41.61,3.85
6263971138473684096,239.0992,-14.1082,-1.5941,-0.5668,-1.57,0.63,41.13,4.79
6264044668314649472,238.7500,-13.6909,-1.3871,-0.8177,-1.40,0.43,41.74,3.77
6264152454813880320,239.9883,-13.0665,-1.6978,-0.7397,-1.62,0.43,45.89,4.51
6264160254473301376,239.3607,-13.4128,-1.2055,-0.7018,-1.75,0.50,42.56,3.93
6264176678428325888,239.3229,-13.2331,-1.3414,-0.7111,-1.44,0.50,41.83,4.05
6264512136855970176,233.3941,-16.8208,-0.8789,-1.0844,-1.72,0.55,36.00,3.95
6264830582910854912,233.1071,-15.8194,-1.2522,-0.4428,-1.45,0.48,46.13,3.73
6264967811405234944,233.8397,-15.2722,-1.5606,-0.7445,-1.87,0.42,44.91,4.76
6265037153658127872,233.5273,-14.9902,-1.5735,-0.7820,-1.72,0.43,45.11,4.06
6265243685744941952,235.4487,-14.5656,-1.2802,-0.8755,-2.28,0.55,55.86,5.01
6265311580588255360,235.2921,-14.2843,-1.4129,-0.2802,-1.68,0.46,45.60,4.42
6265394490635399424,234.4451,-14.5694,-1.4226,-0.3950,-2.13,0.44,51.06,5.50
6265559520458995200,235.0818,-13.7081,-1.6407,-0.4945,-1.76,0.41,51.92,4.81
6265714414160303616,231.9313,-15.1484,-0.5503,-0.4613,-1.93,0.44,56.06,5.96
6265836910924310528,233.0444,-14.3653,-1.0171,-0.7526,-1.15,0.71,38.34,3.68
6266054266331748992,231.3164,-13.9300,-1.2045,-0.9582,-1.51,0.45,47.54,5.06
6266137829215902080,231.9329,-13.8621,-1.1498,-0.6515,-1.50,0.85,44.58,5.07
6266138310252296704,231.9479,-13.8294,-0.9470,-0.2177,-1.61,0.80,45.81,6.84
6266182290717841792,231.9530,-13.5271,-1.1051,-0.8269,-1.18,0.60,51.99,5.68
6266190159098018048,232.1435,-13.4050,-0.6540,-0.7736,-1.76,0.71,48.96,5.38
6266221185941380608,233.3079,-14.0578,-1.2541,-0.5880,-1.69,0.44,53.49,4.84
6266384119819697920,234.7533,-13.2492,-0.9009,-0.8199,-1.53,0.47,28.85,2.17
6266543995687430656,233.0272,-13.1137,-1.4907,-0.5246,-2.55,0.47,48.31,4.95
6266773969706301440,236.3637,-14.1260,-1.4254,-0.5536,-2.18,0.45,45.66,4.21
6266789908330058112,236.1855,-14.0370,-1.2370,-0.6403,-1.61,0.47,45.38,5.53
6266906594001571840,236.9285,-13.6634,-0.9472,-0.4471,-1.81,0.52,45.22,4.00
6266950166449997056,237.3966,-13.1804,-1.1624,-0.4825,-1.53,0.40,44.31,3.77
6266962913912926464,237.2906,-13.1527,-1.9394,-0.8144,-1.52,0.38,44.75,4.18
6266967135861535872,237.1747,-13.0745,-1.1919,-0.5817,-1.69,0.42,47.34,3.90
6267034309150360576,237.0930,-12.8189,-1.1233,-0.8359,-1.81,0.46,43.40,3.66
6267234458924876160,236.4715,-12.7304,-1.3594,-0.2334,-1.79,0.42,45.20,4.42
6267546922086910080,238.1583,-12.0207,-1.0515,-0.4554,-1.82,0.39,42.60,3.74
6267597710079597440,238.4978,-11.5449,-1.7695,-0.7487,-2.12,0.40,30.85,2.92
6267678588603367680,236.5089,-12.1824,-0.9542,-0.4854,-1.62,0.48,48.24,5.87
6267763182279062400,237.4528,-11.7747,-0.9233,-0.6396,-1.71,0.42,39.51,3.37
6267849700100911488,237.6584,-11.3819,-1.5852,-0.6817,-1.55,0.51,49.12,5.01
6267852311441430528,237.7490,-11.2755,-1.1380,-1.3107,-0.90,0.47,40.21,3.78
6267965080101931392,234.6392,-12.7303,-1.2467,0.0020,-1.47,0.55,51.96,4.91
6268146190283558528,235.6123,-11.6860,-1.3961,-0.3300,-1.07,0.69,43.11,4.28
6268154574060035328,235.2397,-11.7061,-1.4589,-0.7598,-1.76,0.49,44.08,3.64
6268219204726975616,234.3436,-12.1393,-0.6278,-0.6655,-1.62,0.36,40.38,4.32
6268248410504716800,234.1108,-12.0152,-1.3984,-0.4326,-1.68,0.42,55.40,5.06
6268284110273294208,234.3736,-11.7161,-1.1403,-0.1752,-1.76,0.42,53.41,5.09
6268317306080555776,234.9690,-11.7848,-1.3556,-1.1249,-1.58,0.66,28.05,2.29
6268391106497778688,234.6218,-11.4489,-1.5413,-0.8786,-1.88,0.44,52.75,4.83
6545827787453408384,339.5378,-39.7929,-2.4077,-3.1590,-1.68,0.44,21.11,1.62
6549779084350894336,346.5017,-38.1028,-1.7597,-2.5737,-1.30,0.51,22.01,1.82
6555514519253873920,348.3292,-33.2795,-1.7962,-2.9029,-2.98,0.49,20.85,2.03
6556405123672378240,346.6679,-33.1894,-1.8306,-2.9986,-2.29,0.41,22.41,1.80
603398516602484480,129.6164,13.8830,-1.6525,-2.4439,-1.49,0.45,17.83,1.82
6700070542775103104,304.7023,-32.3486,-2.7252,-2.1126,-1.74,0.39,23.55,1.90
6700172007080542976,305.1014,-32.0700,-2.3345,-1.9933,-1.36,0.45,27.34,2.09
6700290926137870848,302.4760,-33.4271,-2.3287,-1.5920,-1.93,0.47,29.13,2.49
6700327961638137472,302.0237,-33.4300,-3.2282,-1.7183,-1.83,0.44,23.69,2.03
6700332187886093824,301.9726,-33.3380,-2.2913,-1.6462,-1.81,0.54,28.64,2.59
6700393554379839488,302.7687,-33.1823,-3.0037,-1.8172,-1.73,0.61,21.29,1.96
6700412177356241792,303.2601,-32.9601,-2.9312,-2.0408,-1.35,0.56,21.50,2.15
6700445781180432256,302.7630,-32.9070,-2.6767,-1.9185,-1.23,0.56,25.04,2.27
6700612185393473408,301.3183,-32.6174,-2.9580,-2.0311,-1.08,0.49,23.52,1.77
6700618237005569152,301.6673,-32.7042,-2.3785,-2.2909,-1.56,0.70,25.93,2.43
6700634656662734208,301.8396,-32.3053,-3.0285,-1.9002,-1.30,0.44,23.09,1.92
6700784327684471040,302.1419,-31.5961,-2.4411,-1.6152,-1.24,0.65,30.44,3.22
6700952656040543104,304.3047,-31.8062,-2.5453,-2.1249,-1.65,0.42,26.30,2.17
6701107828916591104,303.0454,-31.5401,-2.3328,-2.0289,-1.55,0.44,25.64,2.14
6701214099291658112,303.1122,-30.7689,-2.3039,-2.0374,-1.76,0.60,29.60,2.82
6687825174399950080,301.0136,-39.0525,-2.6063,-1.4516,-1.49,0.56,23.20,2.10
6760043949971764096,284.7945,-32.0474,-2.6520,-1.2955,-1.64,0.54,21.94,2.22
6760084116504875136,285.0874,-31.5634,-2.4735,-1.5808,-1.59,0.51,30.07,2.80
6760089820221706496,285.2901,-31.4216,-2.7752,-1.4103,-1.98,0.41,25.96,2.17
6760134109928684160,284.3588,-31.4384,-2.8780,-1.4266,-1.56,0.49,22.95,2.70
6760145792239853952,284.3578,-31.2066,-2.3042,-1.4189,-1.58,0.42,29.52,2.70
6760187784132591232,283.4936,-31.8801,-2.6330,-1.6644,-1.35,0.47,25.90,2.56
6760189605196334208,283.3323,-31.9287,-2.2777,-1.2076,-1.49,0.42,28.16,2.39
6760190288096488576,283.2060,-31.9285,-2.8377,-1.6029,-1.75,0.55,26.18,2.56
6760191391902779264,283.3344,-31.8751,-2.7888,-1.5800,-1.41,0.57,28.79,3.28
6760195991813101184,283.6173,-31.7614,-2.6274,-1.3912,-1.91,0.46,26.08,2.52
6760211900373331072,283.4165,-31.6224,-2.5146,-1.1026,-1.56,0.69,23.78,2.13
6760234818319335552,283.7800,-31.3595,-2.8948,-1.4069,-1.63,0.50,26.38,2.40
6760241449750415616,283.6161,-31.3394,-2.9514,-1.2920,-1.65,0.50,27.07,2.14
6760242068223971968,283.4226,-31.4265,-2.7949,-1.5604,-0.78,0.76,27.90,2.69
6760247982399126016,283.7311,-31.2373,-2.5568,-1.2663,-1.50,0.43,25.41,2.55
6760249322428775168,283.8216,-31.1915,-2.6767,-1.1486,-1.64,0.54,27.71,2.50
6760249764809078784,283.7319,-31.1947,-2.7922,-1.3485,-1.58,0.45,26.55,2.22
6760261520143362432,283.0250,-31.5393,-2.8245,-1.1075,-1.95,0.57,26.87,2.67
6760270488047138688,283.1927,-31.3460,-2.8096,-1.2998,-1.30,0.47,27.73,2.18
6760275332756325760,282.9590,-31.3999,-2.6470,-1.3997,-1.23,0.48,24.38,2.42
6760277939794163968,282.7893,-31.3624,-2.4358,-1.1921,-1.39,0.50,30.92,2.36
6760279039305925888,282.7470,-31.3171,-2.6581,-1.2732,-1.57,0.43,28.92,2.29
6760284158905520384,283.1646,-31.2197,-3.0317,-1.3976,-1.57,0.46,24.87,1.98
6760287324305776000,282.9303,-31.2029,-2.6450,-1.0823,-1.64,0.46,27.60,3.18
6760287354362872960,282.9275,-31.1928,-2.8967,-1.2696,-1.38,0.44,28.22,2.41
6760312162091047424,283.0909,-31.0981,-2.6982,-1.6427,-1.98,0.59,29.30,2.62
6760379026139335168,284.3006,-30.7578,-2.4645,-1.5329,-0.78,0.61,26.04,3.08
6760379713334603648,284.2517,-30.7491,-2.9299,-1.4806,-1.37,0.49,26.92,2.36
6760462623387546112,284.0174,-30.1516,-2.8747,-1.3774,-1.41,0.51,30.70,3.09
6760462627701457920,284.0081,-30.1522,-2.7251,-1.5106,-1.28,0.48,25.65,2.17
6760466574752109056,285.5179,-31.3181,-2.3467,-1.7125,-1.57,0.54,26.92,2.94
6760468365772520448,285.5929,-31.2609,-2.9776,-1.6023,-1.66,0.42,28.02,2.86
6760468537571096320,285.5225,-31.2543,-2.8262,-1.4232,-0.82,0.66,26.01,2.18
6760481933557407744,285.6914,-30.9796,-2.8637,-1.2456,-1.51,0.43,28.21,2.35
6797249774186959616,306.4722,-29.9122,-3.2008,-2.1204,-1.73,0.42,22.16,1.89
6797354644405851392,304.6396,-30.3281,-2.9682,-2.2333,-1.45,0.43,22.97,2.14
6797757817279624704,306.5389,-28.7876,-2.7075,-1.9054,-1.24,0.49,24.15,1.83
6797919101891519488,305.9986,-28.8614,-3.1020,-2.3735,-2.09,0.43,21.67,1.76
6798333175395138176,310.2533,-29.1225,-2.5541,-1.9370,-1.45,0.49,27.57,1.96
6798566993415794944,308.3143,-28.4589,-2.5367,-2.3117,-2.00,0.46,25.48,1.92
6798678864425446144,309.1201,-28.1518,-2.6794,-1.9559,-1.74,0.42,24.25,1.97
6798777137574732672,310.8541,-28.0802,-3.0867,-2.7013,-1.62,0.37,19.70,1.79
6799646885632168704,307.5374,-27.2823,-2.3682,-2.4284,-1.73,0.45,27.91,2.19
6799972512873021056,309.1537,-26.4130,-3.0630,-2.7260,-1.48,0.45,21.48,1.71
6800110840881209600,309.7636,-25.8560,-2.6466,-2.5208,-1.70,0.39,23.74,1.86
6800792473669187584,313.9252,-28.7881,-2.7639,-2.4082,-1.57,0.42,23.65,1.80
6801817695244368256,314.4605,-27.0300,-2.5207,-2.5246,-1.34,0.40,24.48,2.01
6802138855719029632,315.0221,-26.9455,-2.7450,-2.8038,-1.37,0.39,22.60,1.99
6802749359551005312,318.2097,-26.5609,-2.5845,-2.1760,-1.68,0.41,24.27,1.88
6802834399902663680,318.4028,-26.3895,-2.4479,-2.0920,-1.62,0.48,24.27,1.94
6803054267868517248,316.8145,-25.9086,-2.7425,-2.2977,-1.38,0.41,23.20,2.20
6803386560898399360,319.1415,-24.8584,-2.4737,-2.8987,-1.52,0.43,22.50,1.81
6803443598064201216,320.4520,-24.4820,-2.7905,-2.9229,-1.94,0.47,23.58,2.45
3229345502810782976,70.9135,-0.9782,0.0230,-1.3832,-2.09,0.40,42.24,3.68
162537505399282816,61.0395,26.2547,-0.1786,-0.8503,-1.45,0.48,46.43,4.13
163364784820741888,60.5259,26.8030,-0.3397,-1.3018,-1.37,0.47,43.34,4.19
163927081938883840,61.9646,28.1228,0.8873,-1.5356,-1.40,0.39,33.72,3.01
6040140086074707584,241.2197,-29.8060,-1.1055,-0.8236,-1.56,0.37,33.65,3.05
6040167298990308224,241.1096,-29.5288,-1.3902,-1.2329,-1.25,0.40,21.82,1.88
6040721109250736896,238.2480,-29.6055,-1.5516,-0.9787,-1.88,0.41,47.09,4.14
610860313608754048,136.6026,16.3838,-1.6608,-2.2452,-2.03,0.39,20.30,1.73
616411477234185088,147.8852,15.5099,-1.6889,-1.5251,-1.34,0.49,26.39,2.36
616672572590866688,149.3142,15.8578,-1.7217,-1.6394,-0.93,0.48,20.61,1.88
619368815620899584,146.1539,15.3296,-1.7013,-1.9082,-1.59,0.43,23.48,1.77
619842846866121600,147.6442,16.2971,-1.8536,-1.8655,-1.25,0.53,21.01,2.03
6752902969844848000,294.9111,-28.8532,-2.7781,-1.5415,-1.74,0.53,25.40,2.28
6753091772307688320,295.0227,-27.9566,-2.1854,-1.5501,-0.96,0.69,27.08,2.24
6753102870503080320,294.7352,-27.8704,-2.9854,-2.1767,-1.68,0.45,26.05,2.26
6753136135026808960,295.0645,-27.5914,-2.4384,-1.6565,-1.55,0.55,27.37,2.78
6753264399932371328,298.3928,-29.0136,-2.2027,-1.6220,-1.60,0.39,30.14,2.57
6753279513920061312,297.9395,-28.8205,-2.7211,-1.8733,-1.20,0.59,25.76,2.26
6753302294425053952,298.9952,-28.9652,-2.4231,-1.5511,-1.15,0.48,27.58,2.60
6753361393175306240,298.5787,-28.8264,-2.7298,-1.7856,-1.71,0.44,27.61,2.43
6753480037351804032,297.9155,-28.5812,-2.6780,-1.9116,-1.64,0.39,26.41,2.15
6753520959801224320,296.9880,-28.6128,-2.8165,-1.8110,-1.56,0.42,25.33,1.99
6753590984947086848,298.0093,-28.2765,-2.4851,-1.5383,-1.51,0.41,27.06,2.51
6753591981379435264,297.8778,-28.3466,-2.3438,-1.7113,-1.51,0.46,28.35,2.75
6753715401558915456,299.4416,-28.4846,-2.3973,-1.7258,-0.57,0.54,26.41,2.18
6753733887098392960,299.2280,-28.2929,-2.7508,-1.5716,-1.50,0.49,23.98,1.90
6754012377076414592,298.7426,-27.6288,-2.7635,-2.1025,-1.79,0.45,25.85,2.18
6754021065793352064,298.9147,-27.4762,-2.8930,-1.7595,-1.70,0.42,26.73,2.45
6755449610569381632,287.3373,-34.9127,-2.3676,-1.0983,-1.40,0.54,27.69,2.07
6224847392326782592,225.7242,-27.4778,-1.9374,-0.7286,-1.56,0.40,22.91,2.01
6225222905603138560,223.7044,-27.5360,-0.6337,-0.3054,-1.67,0.52,51.82,6.04
6225951881812217216,224.2734,-26.4126,-1.0350,-1.2718,-1.73,0.50,27.31,3.21
6046362123594716928,250.9785,-25.4116,-1.3688,-1.3352,-1.64,0.44,28.74,2.16
6046464064641373696,249.3118,-25.8084,-1.7379,-0.9092,-1.40,0.44,46.65,5.01
4395524025272518912,236.3833,-9.3286,-1.5321,-1.1308,-1.71,0.44,55.66,5.12
4395723419133972480,237.2953,-8.1570,-1.2943,-0.3451,-1.55,0.43,57.28,5.49
4395757912011145984,236.6622,-8.1759,-1.0558,-0.9658,-1.13,0.51,46.72,3.96
4395952972245499392,236.4120,-7.9592,-1.4614,-0.3794,-2.13,0.46,66.89,7.27
4395998120942549888,236.5550,-7.7312,-1.7639,-0.6921,-1.82,0.43,54.44,4.82
4396026227208030080,235.8486,-7.8058,-1.0548,-0.7392,-1.82,0.37,45.90,4.49
4396116941212081024,237.8573,-7.9528,-1.0927,-0.6245,-1.59,0.43,45.90,6.20
4396138553493133184,238.0813,-7.6959,-0.7392,-0.3342,-1.34,0.52,47.85,4.00
4396349006889796608,238.3849,-6.8485,-1.2574,-0.1270,-1.83,0.43,50.05,4.48
4396402088385517568,237.4925,-7.2729,-1.0708,-0.6594,-1.44,0.50,46.14,4.88
4396409578808546560,237.4563,-7.0902,-1.6623,-0.5411,-1.43,0.42,48.79,5.48
4396639239300653824,234.8408,-8.3540,-1.4070,-0.5047,-1.93,0.43,44.41,4.59
4396840518647479552,235.7069,-7.1036,-1.0913,-0.4393,-1.54,0.45,48.55,5.64
4397218407050716160,236.4543,-6.7978,-1.5251,-0.0768,-1.51,0.46,52.39,4.56
4397225691314280448,235.9463,-6.8524,-1.0911,-0.8559,-1.42,0.43,48.95,4.09
4397325098338769280,236.4227,-6.1556,-1.2973,-0.5287,-1.61,0.51,44.35,3.62
4397338636075601920,236.1807,-6.1669,-1.2456,-0.0957,-1.67,0.39,49.81,4.49
4397453844277854976,236.9130,-5.8049,-1.3424,-0.0178,-1.91,0.48,51.74,4.47
4397512938728210432,235.7094,-6.1178,-1.5174,-0.5673,-1.75,0.72,53.60,6.49
4397546340690516992,235.8565,-5.9194,-0.6526,-0.8250,-1.20,0.47,51.93,5.21
4397825749785775104,239.2167,-6.5030,-1.3784,-0.4532,-1.78,0.43,55.39,5.89
4397981502480317824,239.3677,-6.1198,-1.1166,-0.4227,-1.33,0.46,52.58,5.43
4398086608919918976,238.6260,-6.1395,-0.8047,-0.6753,-1.23,0.52,46.20,4.30
4398116089574613120,238.6660,-5.7543,-1.0571,-0.6216,-1.67,0.48,55.73,7.04
4398308675908884736,239.2264,-5.0229,-1.4414,-0.4220,-1.31,0.43,51.10,5.57
4398818681803762688,240.8120,-3.9888,-1.6781,-0.4110,-2.38,0.54,47.91,4.26
4399003979574359424,237.6619,-5.1523,-0.9412,-0.2519,-1.38,0.45,48.69,4.31
4399223778820603904,237.5556,-4.6960,-1.5178,-0.7808,-1.45,0.59,51.34,5.26
4399312633104407424,236.9638,-4.2362,-1.5131,-0.3878,-1.79,0.39,44.89,4.43
4399668840511068544,239.5124,-3.7235,-1.3126,-0.7641,-2.00,0.49,50.35,5.02
4400053669581416448,233.7830,-6.7960,-1.0923,-0.6944,-1.78,0.51,59.22,7.17
4047485649753098752,280.0479,-29.5790,-2.3586,-1.7103,-1.48,0.74,27.03,2.96
110904508079294976,49.2549,23.4648,-0.0796,-1.5563,-1.69,0.37,28.42,2.71
115206931437821440,44.0325,25.9009,0.0128,-1.6665,-1.20,0.54,25.99,2.99
118080917393701504,52.0256,27.4351,-0.0701,-1.6617,-1.71,0.44,29.77,2.66
3583727480651435776,186.7583,-6.2832,-0.7465,-0.8694,-1.50,0.52,28.50,2.26
1441452975146578560,201.5991,20.3860,-0.7024,-0.3600,-1.97,0.40,75.05,7.92
1443008410438299008,203.2480,23.0497,-0.9903,-0.1118,-2.05,0.49,40.29,3.36
1443201542231710592,201.6487,23.1925,-1.1075,-0.9794,-1.63,0.45,40.29,3.09
1443310600041625600,203.0529,23.9752,-0.9076,-0.3734,-1.79,0.42,64.34,5.48
1444938117768996224,203.0974,24.9766,-1.2620,-0.3086,-1.95,0.49,36.45,3.03
6536411221980418432,350.1122,-40.3164,-2.3440,-3.1556,-1.78,0.40,19.05,1.75
4138037334267990272,259.1495,-14.6519,-1.7158,-1.2832,-1.46,0.46,23.34,2.07
1459438305317044096,197.3697,26.3904,-1.1284,-1.2374,-1.60,0.41,56.45,5.07
1464164251106784896,193.7410,29.0908,-1.3187,-1.2380,-1.80,0.40,28.78,2.28
1464201286609328384,194.0765,29.4775,-1.3842,-0.5422,-1.81,0.47,46.47,4.56
6757197108214173440,287.0059,-31.8768,-2.6701,-1.6764,-1.63,0.45,27.20,2.36
6757197451811427968,286.9088,-31.9133,-2.5476,-1.3486,-1.73,0.45,28.07,2.26
6757198963639931776,286.8670,-31.9073,-2.2103,-1.3992,-0.95,0.59,24.19,2.37
6757199960072422912,286.7731,-31.8843,-2.9115,-1.5733,-1.33,0.55,23.96,2.07
6757202232117337728,286.8951,-31.7997,-2.8822,-1.4861,-1.65,0.42,28.67,2.29
6757206217846924800,287.0749,-31.7474,-2.5920,-1.3299,-1.36,0.48,20.82,1.73
6757215043998097920,286.7325,-31.7450,-2.7188,-1.5003,-0.51,0.57,26.16,2.11
6757225626798127744,286.8441,-31.5493,-2.2519,-1.4437,-1.42,0.40,26.84,2.56
6757232812283202560,287.6150,-31.8934,-2.7497,-1.3839,-1.60,0.45,25.77,2.18
6757236385696014592,287.6256,-31.8296,-2.4558,-1.5030,-1.70,0.46,24.84,2.14
6757238820934915328,287.8041,-31.8075,-2.5435,-1.3293,-1.30,0.50,26.13,2.19
6757250056568076416,287.4688,-31.7442,-1.9953,-1.1330,-1.63,0.50,28.86,2.37
6757257031595419904,287.5387,-31.6230,-2.8047,-1.9222,-1.17,0.52,25.47,2.45
6757266721037526016,288.0001,-31.6034,-2.4116,-1.3297,-1.66,0.62,26.01,2.68
6757282286003503616,287.7334,-31.4989,-2.6406,-1.7616,-2.06,0.49,29.33,2.49
6757290158676903808,287.7593,-31.2726,-2.7126,-1.8069,-1.37,0.55,27.73,2.21
6757297954040830464,287.9888,-31.1302,-2.5350,-1.2809,-1.71,0.49,24.56,2.66
6757302081503970176,287.2977,-31.5847,-2.4037,-1.3477,-1.30,0.63,21.71,2.18
6757302180294020992,287.3643,-31.5897,-2.6526,-1.5026,-1.66,0.39,25.52,2.38
6757319330092913536,287.1544,-31.4425,-2.3911,-1.3699,-1.53,0.60,27.15,2.18
6757320841921485056,287.1429,-31.3734,-2.8926,-1.4295,-1.75,0.69,23.54,2.70
6757323277174207488,286.9855,-31.3279,-2.9432,-1.4792,-1.59,0.44,26.53,2.10
6757331351713113856,287.0760,-31.2363,-2.9403,-1.8208,-1.90,0.53,26.13,2.30
6757344820724146304,287.6782,-31.1169,-2.9687,-1.6823,-1.17,0.46,25.98,2.15
6757350356949269504,287.7345,-30.9930,-2.7729,-1.2992,-1.68,0.38,26.82,2.59
6757358259689293696,287.3201,-31.0206,-3.0648,-1.7037,-1.21,0.47,25.30,2.27
6757370693610244480,286.1924,-31.9976,-3.0175,-1.2083,-1.52,0.43,24.86,1.95
6757380108180376064,286.3132,-31.8076,-2.9677,-1.7853,-1.54,0.49,24.69,2.03
6757380417418047232,286.3603,-31.7915,-2.7994,-1.6841,-1.81,0.58,26.90,2.44
6757381757447996416,286.4926,-31.7161,-3.1310,-1.7089,-1.60,0.55,25.31,2.50
6757381929246598528,286.3806,-31.7609,-2.3734,-1.3655,-1.63,0.44,27.92,2.42
6757382547721986944,286.4626,-31.7080,-2.9336,-1.4621,-1.66,0.49,28.66,2.68
6757386636540177408,286.2899,-31.6407,-2.8905,-1.5025,-1.70,0.41,27.54,2.57
6757390798363226240,286.0706,-31.7489,-2.9056,-1.7517,-1.88,0.63,28.17,3.13
6757399113420203264,286.3142,-31.5538,-2.7799,-1.6574,-1.86,0.95,26.17,2.95
6757399383994208512,286.2920,-31.5481,-2.7902,-1.2875,-1.20,0.42,28.59,2.60
6757400689660338944,286.1134,-31.6149,-2.5763,-1.2558,-1.78,0.51,28.20,2.46
6757403953843096832,286.1308,-31.4820,-2.5235,-1.3194,-2.10,0.46,26.97,2.29
6757416838741975424,286.8063,-31.3858,-2.0690,-1.2849,-1.80,0.57,29.25,2.53
6757420725682273664,286.6754,-31.3342,-2.8963,-1.7347,-1.55,0.46,27.15,2.17
6757430135961160320,286.3979,-31.2778,-2.6033,-1.4978,-1.84,0.74,27.84,2.93
6757433778093559552,286.6428,-31.2470,-2.3865,-1.0515,-1.39,0.48,27.55,2.29
6757441685137513856,285.7873,-31.6306,-2.9679,-1.2793,-1.95,0.47,26.19,2.52
6757441788216709120,285.8217,-31.6419,-3.0457,-1.5446,-1.53,0.46,25.78,2.43
6757441955708157824,285.8564,-31.6007,-3.0255,-1.2440,-1.77,0.59,25.89,2.50
6757455566462771840,286.0055,-31.3668,-2.7059,-1.4151,-1.21,0.40,27.42,3.20
6757457761187915264,285.6566,-31.5502,-2.8052,-1.7444,-1.53,0.50,25.72,2.16
6757457864267150208,285.6642,-31.5342,-2.4634,-1.5801,-1.83,0.50,26.15,2.59
6757465011087538304,285.7077,-31.3175,-2.8553,-1.4844,-1.40,0.54,26.65,2.14
6757478033436649216,286.2646,-31.2233,-2.7485,-1.4346,-1.85,0.61,27.61,2.57
6757478342676699392,286.2753,-31.2221,-2.2776,-1.3992,-1.67,0.46,28.32,2.25
6757483015598955392,286.1282,-31.1517,-2.8209,-1.5438,-1.56,0.46,26.92,2.10
6757494633495729024,285.9891,-31.1045,-2.6570,-1.3779,-1.58,0.46,26.67,2.42
6757510881347590400,286.8577,-31.3377,-2.6955,-1.3087,-2.38,0.48,27.42,2.65
6757513252169649920,287.0062,-31.2460,-2.9688,-1.7045,-2.01,0.43,25.39,2.01
6757520948744205184,287.0555,-31.1143,-2.4843,-1.3016,-1.75,0.45,28.32,2.33
6757529401246958208,286.6572,-31.1279,-2.7052,-1.3039,-1.43,0.50,26.54,2.35
6757532463562898816,286.7844,-30.9551,-2.8823,-1.7797,-1.62,0.54,26.52,2.90
6757534211603541376,286.6014,-31.0252,-2.6278,-1.3694,-0.93,0.72,27.05,2.40
6757535963950542336,286.6897,-30.9544,-2.7675,-1.5234,-1.24,0.78,26.61,2.30
6757549776566288000,287.3389,-30.8158,-2.6095,-1.6184,-1.37,0.56,28.64,2.77
6757551464499013248,287.0744,-30.8675,-2.6929,-1.5004,-1.18,0.58,24.70,2.55
6757559088055926016,287.3286,-30.7319,-2.3978,-1.3820,-1.59,0.46,30.02,2.75
6757567574911965696,287.1495,-30.6232,-2.8349,-1.4043,-1.77,0.45,27.24,2.20
6757567918508726272,286.9824,-30.7224,-2.6001,-1.6087,-1.54,0.47,29.25,2.15
6757575993048451712,287.3034,-30.5064,-3.0562,-1.7206,-2.13,0.44,28.10,2.56
6757578226431521408,287.1369,-30.4848,-2.2899,-1.5276,-1.09,0.54,26.44,2.23
6757578643052265344,287.1419,-30.4407,-2.5620,-1.2446,-2.02,0.50,25.88,2.01
6757599739932047488,286.3280,-30.7793,-2.2523,-1.7556,-1.13,0.52,27.60,2.28
6757612895403004928,286.4129,-30.5351,-3.0072,-1.1738,-1.75,0.42,21.94,2.12
6757614304151411712,286.5268,-30.4550,-2.5721,-1.4015,-1.80,0.41,27.74,2.28
6757626570583658880,287.0341,-30.4099,-2.4308,-1.4413,-1.17,0.53,27.21,2.55
6757628013692826240,287.1815,-30.3429,-2.6575,-1.5286,-1.29,0.55,26.85,2.79
6757628975765553024,287.1080,-30.3124,-2.8073,-1.5668,-1.89,0.48,25.98,2.38
6757647770547354752,286.8116,-30.1692,-2.6074,-1.5199,-1.78,0.51,28.27,2.28
6757649351085297664,286.8624,-30.1248,-2.7331,-1.6058,-1.53,0.59,25.52,2.04
6757665916780237952,289.7044,-32.4275,-2.4947,-1.1019,-1.40,0.51,28.64,2.46
6757678075825855104,289.7086,-32.3760,-2.8551,-1.8657,-1.85,0.45,26.76,2.08
6757678625581801216,289.7349,-32.3330,-2.9982,-1.7541,-1.94,0.48,25.25,2.13
6757681614879364864,289.8025,-32.2387,-2.4074,-1.4305,-1.65,0.97,24.15,3.12
6757694602865708416,289.9825,-32.1494,-2.4894,-1.3052,-1.51,0.58,27.57,2.52
6757713191484346240,290.0156,-32.0431,-2.7493,-1.4373,-0.77,0.66,25.41,2.42
6757719719834882944,290.0255,-31.8745,-2.5148,-1.4732,-1.30,0.69,25.67,2.42
6757725251747046528,289.3477,-32.2564,-2.4174,-1.1129,-2.04,0.48,27.80,2.52
6757725938942019840,289.4062,-32.1969,-2.3278,-1.3055,-1.16,0.53,25.68,2.70
6757760543493959808,289.7334,-31.8931,-2.6201,-1.6547,-1.25,0.78,26.60,2.60
6757763253619058176,289.5996,-31.8699,-2.8049,-1.8930,-1.24,0.55,27.33,2.20
6757776275960151808,289.5340,-31.7751,-2.7717,-1.6738,-1.50,0.47,24.93,2.58
6757776928795158912,289.5711,-31.7851,-2.8452,-1.3745,-1.79,0.45,28.49,2.63
6757779265257406336,289.4142,-31.7687,-2.3305,-1.3334,-1.70,0.87,26.45,3.26
6757786485097000064,289.7308,-31.6031,-2.3183,-1.2253,-1.47,0.49,29.69,3.73
6757797338480835456,290.3465,-31.9110,-2.4292,-1.2690,-1.28,0.63,27.12,2.47
6757807096646973056,290.4529,-31.7109,-2.4948,-1.3624,-1.01,0.66,25.97,2.26
6757815720941317376,290.1251,-31.7106,-2.6846,-1.5699,-2.09,0.39,26.81,2.37
6757841422021698176,290.8678,-31.3599,-3.0076,-1.6718,-1.74,0.42,25.86,2.32
6757846786442619648,290.5454,-31.4256,-2.9071,-1.2304,-1.79,0.44,24.62,2.16
6757852077843290752,290.6366,-31.2984,-2.7465,-1.4910,-1.57,0.53,24.03,2.28
6757870799602882176,290.0473,-31.4366,-2.9109,-1.7801,-1.53,0.54,25.85,2.14
6757885784746012416,289.6924,-31.3849,-2.4093,-1.4039,-1.69,0.45,28.63,2.90
6757905777812619008,290.3912,-31.1225,-2.7999,-1.9020,-1.52,0.56,26.27,2.27
6757918353477180160,290.3350,-31.0213,-2.3337,-1.3849,-1.11,0.66,28.21,2.33
6757932101673791616,290.3399,-30.7563,-2.6323,-1.5075,-2.00,0.45,28.93,2.74
6757939626457578752,288.9721,-31.8642,-2.3398,-1.2650,-1.61,0.51,26.93,2.21
6757946597187221120,289.1318,-31.7515,-2.2776,-1.3891,-1.62,0.47,28.19,2.36
6757952717509209728,288.9124,-31.7824,-2.2253,-1.4313,-1.73,0.44,29.54,2.42
6757957390434858112,288.7945,-31.6802,-2.9785,-1.7796,-1.66,0.42,26.11,2.46
6757973810094013312,289.1947,-31.5513,-3.0714,-1.8591,-2.49,0.60,25.26,2.31
6757976833757264896,289.5307,-31.5277,-2.4639,-1.6703,-1.74,0.55,27.38,2.64
6757979582536480768,289.6593,-31.3954,-2.9676,-1.5812,-1.55,0.47,24.34,2.26
6757995765968175360,289.2677,-31.2832,-2.9331,-1.6977,-1.60,0.49,27.95,2.15
6757999652921287296,289.2876,-31.2043,-2.1866,-1.2233,-1.45,0.50,26.44,2.31
2448323296514724992,1.5303,-3.0743,-1.5291,-3.3994,-1.84,0.42,21.15,1.75
2450509091271202816,22.2028,-17.2935,-0.9362,-3.1157,-1.69,0.44,20.94,1.52
2451777549732634880,22.3777,-15.9403,-0.9037,-3.0273,-1.68,0.39,24.59,2.07
2452157156121693952,22.3187,-14.9572,-0.6703,-2.5717,-1.99,0.42,24.62,2.04
2452420282998245888,26.2987,-15.4945,-0.7268,-2.9026,-1.58,0.59,24.10,1.86
2453025078817143680,27.2559,-14.3192,-0.5776,-2.9486,-1.73,0.42,22.69,1.90
2453073908300937088,25.8615,-14.8155,-0.4844,-2.6959,-2.10,0.43,25.05,2.03
2456172568290567168,19.5910,-14.1149,-0.5583,-2.7774,-1.54,0.44,26.38,1.85
2457509647444654976,23.9996,-12.0888,-0.8030,-2.5669,-1.70,0.52,26.86,2.18
2458730208431273344,22.4155,-10.8579,-0.7864,-2.5818,-1.38,0.43,25.32,1.95
2458832669170683136,22.4491,-10.5791,-0.9787,-3.1613,-1.43,0.38,19.94,2.15
2458915746722887936,22.0901,-10.1921,-0.7881,-3.1994,-1.66,0.43,20.25,1.63
2458935641011465472,22.4393,-10.0289,-0.6736,-2.8361,-1.74,0.37,19.62,2.01
2459724849842094208,30.5677,-12.0109,-0.4609,-2.6862,-1.18,0.47,25.00,2.02
2460228529246462336,26.6357,-12.1807,-0.4406,-2.5228,-2.03,0.44,27.60,2.27
2460843263621016832,29.4511,-10.7484,-0.5481,-2.6592,-1.51,0.43,22.55,2.05
2462747372946915328,29.0224,-9.1792,-0.7543,-3.2245,-1.73,0.39,21.12,1.74
2465296281418189824,25.2390,-8.4828,-0.4339,-2.8241,-1.51,0.49,24.95,1.93
2465539617085028608,24.3251,-8.2285,-0.5380,-3.2329,-2.05,0.49,20.35,1.79
2466153591250385792,28.3280,-8.1344,-0.4933,-2.2767,-1.00,0.53,28.81,2.52
2466739600883298432,29.5700,-6.6614,-0.7146,-3.0800,-1.58,0.40,21.63,1.97
2469158423385739648,15.6868,-12.5812,-1.2203,-3.4598,-1.88,0.42,20.69,1.78
2469271909305671936,16.1051,-12.1367,-0.9707,-3.1250,-1.37,0.46,22.01,1.93
2470998211281162624,22.1298,-9.3277,-0.8097,-2.5323,-1.76,0.44,25.16,2.14
2471446953760000768,17.7653,-10.0717,-0.6586,-2.6195,-2.35,0.43,25.05,2.05
2473341476717907456,14.7244,-9.8701,-0.7278,-2.9668,-1.50,0.41,24.16,1.88
2474400959250493312,14.2687,-8.3314,-0.6105,-2.8865,-1.39,0.42,22.14,2.15
2474967418193084672,17.2071,-8.2823,-0.8738,-2.7088,-2.08,0.43,21.85,1.92
2475040089040066304,16.2380,-8.4828,-0.8286,-2.9513,-1.60,0.40,20.67,1.59
2475148287856191232,16.1504,-7.9014,-0.6920,-2.5716,-1.46,0.42,24.31,1.77
2475651000891879296,17.1759,-7.2291,-1.1349,-3.5354,-1.33,0.42,20.24,1.70
6042707381309845376,240.5339,-28.4967,-1.8145,-0.8562,-2.10,0.39,17.37,1.44
6042997205701265408,239.9339,-27.6334,-1.8835,-0.9471,-1.54,0.43,39.19,3.37
6043297642952367744,241.9366,-26.7781,-1.6283,-1.0915,-1.82,0.40,27.02,2.10
6691193360771246592,299.4890,-37.7085,-2.9504,-1.6828,-1.54,0.50,22.84,2.02
6691908932386365696,298.3253,-37.3898,-2.4181,-1.3864,-1.72,0.46,26.78,2.27
6691922646217688960,298.0482,-37.3989,-2.4443,-1.5149,-1.37,0.48,26.31,2.97
6692054514597476864,298.5857,-36.8486,-2.6529,-1.4763,-1.73,0.59,27.21,2.59
6692253221260528512,298.6788,-36.5099,-2.5558,-1.8834,-1.10,0.51,24.15,1.88
6692259710955402368,298.6787,-36.3477,-2.9093,-1.5813,-1.37,0.48,24.95,2.31
6692310151049662464,297.7424,-36.2494,-2.6756,-1.9629,-1.62,0.41,21.58,2.49
6692923407956200064,305.4180,-39.8787,-3.0275,-1.5597,-2.18,0.45,24.04,1.85
6693074449069155456,305.7584,-39.0291,-2.5047,-2.0318,-2.08,0.55,27.45,2.40
6693150697625426432,305.4668,-38.5933,-3.1165,-1.9779,-1.18,0.47,24.78,1.94
6693497864126553088,302.1064,-39.8331,-3.0427,-1.4243,-1.33,0.49,18.85,1.94
6693891248771525376,301.7842,-38.1229,-2.9669,-2.2714,-1.74,0.48,23.12,2.11
6693991785365497728,301.7988,-37.8970,-2.8901,-1.5589,-1.07,0.55,26.15,2.45
6694450114211885312,302.9326,-36.6788,-2.6358,-1.6053,-1.36,0.42,24.81,2.53
6694660872549620864,306.7770,-37.8398,-2.5998,-2.0176,-1.39,0.52,27.72,3.10
6695272617628440320,308.1017,-36.2019,-2.6574,-2.0955,-1.42,0.43,25.15,2.00
6695371504955390208,308.9946,-35.4826,-2.9091,-2.1712,-1.89,0.43,22.08,1.73
202698164038956032,70.7180,39.1899,0.6440,-1.3015,-1.38,0.56,34.19,3.51
6678819937947840384,312.2946,-38.9526,-3.0901,-2.0767,-1.22,0.40,21.79,1.78
6680879422008048512,305.4945,-40.5428,-2.9327,-1.6144,-1.96,0.55,23.55,2.06
6680923539913501312,306.0647,-39.9540,-2.3462,-1.6381,-1.58,0.49,27.69,2.65
6681603038098696576,308.9703,-39.4758,-3.3115,-2.0846,-1.38,0.47,21.47,1.52
6681780815385485440,310.4996,-39.1243,-3.3213,-2.2799,-1.76,0.68,21.79,1.84
6681814560945400960,311.4361,-39.0386,-2.4912,-2.1862,-1.72,0.41,25.75,2.02
6682768284202092544,307.7691,-37.4837,-2.9435,-2.2501,-1.68,0.44,22.25,1.90
6682775671545846528,307.8257,-37.3816,-2.4729,-2.0536,-1.73,0.46,26.33,2.55
6683051339727493504,309.8888,-36.6554,-2.8439,-2.2516,-1.28,0.42,22.14,1.85
6683105284515946624,309.2291,-37.2537,-2.8917,-2.3116,-2.20,0.46,22.37,1.81
6683110678994932224,309.0889,-37.1262,-2.9886,-1.9216,-1.87,0.39,22.51,2.07
6683170288844888064,308.7513,-36.9022,-3.0658,-2.0855,-1.48,0.36,21.08,1.95
6683304704140814848,309.0494,-36.1849,-2.9168,-2.2852,-1.51,0.44,23.55,1.80
3400528914816441984,80.9107,18.0376,0.5407,-0.6487,-1.78,0.43,46.14,5.70
6306692903290171264,223.2318,-16.0565,-1.0500,-0.2341,-1.80,0.74,51.96,6.24
6308381684429631872,228.8918,-13.5894,-1.5091,-0.2834,-1.57,0.47,49.42,5.32
6309041292623602688,228.0117,-13.7632,-1.2788,-1.0480,-1.70,0.46,31.01,2.86
6309267719003573632,227.0182,-13.6912,-1.2488,-0.1193,-1.30,0.53,56.46,5.40
6309376433215472384,227.2676,-13.0394,-1.0945,-0.4308,-1.47,0.49,48.45,5.56
6311204646174383360,220.7538,-13.6298,-0.5058,-0.6063,-1.57,0.55,42.93,5.53
6312130228807619968,224.4345,-13.3570,-1.4216,-0.2534,-0.77,0.70,48.88,4.91
6312664591457401088,225.4899,-12.2820,-1.1404,-0.6643,-1.50,0.68,55.12,6.44
6313221356659190528,222.6795,-12.3967,-1.2038,-1.1208,-1.42,0.56,37.39,3.48
6313234516438329984,222.7309,-12.1653,-0.8579,-0.4974,-2.02,0.69,58.80,7.08
6313874122968212352,224.3280,-10.6786,-1.3537,-0.5778,-1.84,0.46,51.84,4.72
6314037606603431680,224.8127,-9.7924,-0.6342,-0.5642,-1.98,0.60,42.83,5.54
6804157013608104320,316.0763,-24.5615,-2.5252,-2.5394,-1.45,0.39,24.04,2.60
6804315510785081600,316.2864,-24.0334,-2.8144,-2.9090,-1.60,0.37,21.16,1.77
6804650999270823168,318.6163,-22.8929,-2.6701,-2.6152,-1.53,0.40,24.28,2.23
6807902328169370880,317.0609,-22.4373,-2.7290,-2.9239,-1.58,0.46,21.65,1.89
6810387391950994688,326.6164,-27.1260,-2.6621,-3.0732,-1.49,0.43,22.47,1.85
6810899730009838080,324.5603,-27.2639,-2.2788,-2.5334,-1.39,0.46,28.60,2.85
6811000610201965824,325.0628,-27.0026,-2.4055,-3.0777,-1.47,0.41,23.47,1.71
6811433164947423872,325.4530,-26.3060,-2.1201,-2.2431,-1.63,0.42,25.58,1.94
6761460640637899520,282.8925,-29.7481,-2.9136,-1.4175,-1.46,0.59,22.30,1.99
6761467473937401344,282.8505,-29.5586,-2.9070,-1.4417,-1.65,0.62,23.87,2.04
6761474040967257472,282.4077,-29.6574,-2.7656,-1.3140,-1.82,0.42,24.78,2.15
6761480122611867136,282.7200,-29.5113,-2.7213,-1.3840,-1.86,0.52,25.55,2.68
6761481634469303168,282.7645,-29.4383,-2.3802,-1.3572,-1.92,0.56,27.19,2.86
6761489739042130816,283.0523,-29.5047,-2.6068,-1.4118,-1.36,0.58,22.56,1.82
6761490563676903808,283.0682,-29.4301,-2.9271,-1.4274,-1.61,0.75,26.47,2.34
6761508946142669440,282.7744,-29.3405,-2.8040,-1.2231,-1.42,0.43,30.77,3.43
6761515611924929408,283.1614,-29.1560,-2.8050,-1.7615,-2.00,0.56,27.72,2.48
6761517643476192640,282.9210,-29.1471,-2.5053,-1.7414,-1.47,0.47,24.30,2.09
6761531898441344896,282.4252,-29.3754,-2.9871,-1.5267,-1.54,0.55,26.77,2.29
6761532349427989632,282.4558,-29.3382,-2.8461,-1.4796,-1.59,0.45,26.08,2.17
6761559768507921408,282.7834,-29.1461,-2.4075,-1.6566,-1.42,0.44,31.69,3.71
6761560180824875136,282.7395,-29.1386,-2.5327,-0.8679,-1.68,0.51,28.12,2.85
6761562242408396032,282.5362,-29.1603,-2.7440,-1.5256,-1.73,0.45,26.36,2.48
6761566842295858048,282.8077,-29.0476,-2.6635,-1.5539,-1.52,0.46,27.14,2.30
6761570003394336512,282.7386,-29.0296,-2.4573,-1.5287,-1.48,0.85,29.42,3.12
6761572687770795392,282.8881,-28.8983,-2.4339,-1.7232,-1.55,0.48,28.76,2.27
6761586569105374464,282.7372,-28.7980,-2.8091,-1.1694,-1.79,0.53,26.55,2.26
6761608898616244992,284.1886,-29.5361,-2.6940,-1.6253,-2.27,0.51,31.33,2.98
6761644495306072064,284.5684,-29.1836,-2.4315,-1.4923,-1.78,0.44,27.88,2.24
6761660403862611456,284.3814,-29.1098,-2.9077,-1.6868,-1.36,0.57,23.61,2.50
6761672292334592384,283.8587,-29.4094,-2.4337,-1.1251,-2.01,0.65,29.85,2.74
6761683081293312640,283.6639,-29.2915,-2.6731,-1.5102,-1.40,0.55,28.36,2.54
6761694557446782336,283.5783,-29.1282,-2.9177,-1.6031,-1.86,0.48,27.53,2.38
6761704624845926784,284.1215,-29.0778,-2.7299,-1.8242,-1.09,0.58,26.61,2.60
6761706514632021888,284.2123,-29.1152,-2.6335,-1.4932,-1.81,0.58,24.21,2.59
6761725584287062656,284.0653,-28.8517,-2.4136,-1.5282,-2.07,1.00,22.69,3.13
6761735548615033856,284.9253,-29.1461,-2.9402,-1.3831,-1.52,0.55,26.70,2.55
6761736923004672640,284.8647,-29.0748,-2.6527,-1.1099,-0.97,0.67,26.57,2.38
6761739843582427136,284.7979,-29.0735,-2.9302,-1.7073,-1.12,0.61,25.85,2.56
6761741973886198144,284.9807,-29.0833,-2.5915,-1.4281,-1.50,0.49,29.51,2.48
6761744241638981376,285.0684,-28.9896,-2.3947,-1.2996,-1.53,0.44,27.01,2.36
6761744344708350720,285.1008,-28.9706,-2.7136,-1.5513,-1.53,0.45,25.75,2.17
6761772111684479616,285.2155,-28.7307,-2.5635,-1.0412,-2.00,0.44,28.61,2.32
6761773279915639808,285.0697,-28.7650,-2.6753,-1.5412,-1.53,0.71,27.21,2.83
6761774924883378304,285.1174,-28.7199,-2.6891,-1.4642,-1.74,0.43,28.97,2.26
2598971228631009280,334.0181,-15.5010,-2.3354,-3.4384,-1.55,0.38,21.95,1.85
144747647780923264,69.2336,21.6266,0.4262,-1.5677,-1.71,0.41,33.85,3.21
145342758449632000,65.6509,21.5266,0.6625,-1.4905,-1.60,0.46,32.66,3.26
148944758542329984,64.5191,23.2291,0.2917,-1.3773,-1.45,0.48,45.83,4.09
148997019703619200,63.6384,23.3253,-0.2292,-1.4444,-1.62,0.39,33.41,3.11
149192251737075968,66.2527,23.5833,0.1860,-1.0692,-2.15,0.52,54.10,6.31
4363801362465348352,260.3461,-3.5349,-1.4508,-1.5038,-1.18,0.42,19.26,1.90
4363870803497300352,261.2607,-3.2736,-1.5376,-0.6821,-1.90,0.44,40.69,4.01
4363952614033423744,261.1993,-2.7211,-1.3256,-1.0286,-1.38,0.41,25.28,2.24
4364494677563301504,255.7122,-5.3769,-1.3663,-1.1177,-1.83,0.45,28.46,2.55
4365485608119582336,253.4051,-4.8386,-2.1822,-1.0199,-1.29,0.42,16.26,1.50
4365553434243907712,254.7293,-4.3552,-1.2626,-1.0725,-1.54,0.43,23.50,1.81
6027360157522766592,250.9516,-32.3306,-1.5717,-1.2459,-1.67,0.47,31.81,2.68
6745582490142684544,290.4047,-32.8660,-2.4575,-1.6109,-2.26,0.47,29.45,3.63
3385436331020592768,101.8746,27.7674,0.3853,-1.1460,-2.29,0.48,54.23,6.25
4135495576916442880,257.6976,-17.4253,-1.5085,-0.8610,-2.12,0.47,39.35,3.57
3448595543092365696,85.3919,33.7901,0.0403,-1.0654,-1.51,0.60,33.25,3.11
3717262755528012800,199.3671,5.6041,-1.6986,-0.6764,-1.58,0.49,39.37,3.33
3717393219454341376,199.7231,5.9933,-1.1136,-0.9974,-1.57,0.53,50.47,4.64
3717416893314365696,200.7046,6.3085,-0.6821,-0.3683,-1.80,0.54,51.54,5.66
3717512413386394496,198.6064,5.8058,-1.0227,-0.7862,-1.88,0.40,38.73,3.10
3717522893106977024,198.8514,5.9907,-1.5499,-0.6380,-2.10,0.43,33.93,2.81
3717575257348471552,199.0298,6.3999,-1.2582,-1.1434,-2.09,0.41,26.49,2.69
3717576700457478912,198.8670,6.3888,-0.9919,-0.8704,-2.17,0.42,53.64,5.32
3717768290358101888,203.1558,5.3591,-0.8606,-0.4355,-1.69,0.39,40.37,4.27
3717833436422317824,202.3774,5.5607,-0.8716,-0.5517,-1.11,0.51,57.44,4.64
3717854498941806592,202.5412,5.7824,-1.2639,-1.1364,-1.92,0.41,29.29,2.76
3717875733260117120,203.2774,5.6418,-0.6089,-0.4574,-1.56,0.57,50.68,5.78
3718017157943329664,201.9396,5.6992,-1.4909,-0.4475,-1.29,0.44,40.84,3.67
3718069079803444352,202.0838,6.0851,-1.2050,-0.4379,-1.84,0.40,50.69,4.42
3718082720619540864,201.6832,5.8851,-1.8223,-0.8210,-1.95,0.39,19.56,1.68
3718180302276759296,202.7991,6.3522,-0.9678,-0.6459,-1.60,0.50,51.25,4.20
3718205865921881728,202.9072,6.6377,-0.9554,-0.5548,-2.08,0.42,67.94,6.63
3718703772890484992,203.0791,7.6393,-1.1312,-0.4535,-1.59,0.45,46.56,3.71
3718785476053329536,203.5665,7.7456,-0.9399,-0.6552,-1.58,0.59,49.81,4.74
3719342035094835200,200.7444,7.5988,-0.9659,-0.4080,-1.84,0.48,42.68,3.63
3719754283236000512,202.1577,8.4652,-1.5256,-0.5029,-2.06,0.44,44.14,3.79
3720022774527324032,208.5178,5.3449,-1.2748,-0.7248,-1.27,0.42,49.04,4.44
3720131347005025920,208.9782,5.7875,-1.2667,-0.4200,-1.25,0.50,47.90,4.06
3720144644225145216,208.9037,5.8755,-0.7921,-0.4508,-1.49,0.46,51.81,4.50
3720277375893115136,207.1909,5.6693,-1.2649,-0.8389,-1.85,0.43,45.37,3.90
3720321257574394624,207.6906,6.1152,-1.2455,-0.6183,-1.87,0.41,45.31,4.10
3720375271082918400,207.5045,6.3050,-1.5425,-0.8124,-1.33,0.46,44.68,3.69
3720414849205857536,207.9501,6.2242,-1.4377,-0.3499,-1.71,0.39,52.18,4.74
3720464224150214016,208.5232,6.7808,-1.0906,-0.2450,-1.74,0.41,48.97,4.33
3720768170395878656,209.8264,7.2046,-0.5059,-0.2965,-1.55,0.48,48.19,4.69
3720880354941747328,209.2184,7.2873,-1.5857,-0.5842,-1.56,0.47,44.22,3.75
3720900146151004032,208.7907,7.2076,-0.6295,-0.6970,-1.94,0.39,46.26,4.05
3720974809862834944,209.7533,7.5672,-1.0522,-0.5547,-1.70,0.38,46.10,4.68
3721051981834642560,208.8684,7.7650,-1.3211,-0.4247,-1.92,0.42,47.59,4.18
3721797107121438976,208.2327,8.2252,-0.9215,-0.5212,-1.80,0.39,46.60,4.10
3721817658539952128,208.8570,8.0972,-0.9962,-0.7041,-1.81,0.40,46.97,3.87
3722003544724584960,207.6321,8.4337,-0.6791,-0.4242,-1.57,0.49,43.25,3.47
3722671012706595456,210.6645,8.7076,-0.9459,-0.5659,-1.90,0.49,50.03,4.52
3722758801837805952,210.8116,9.1583,-1.6169,-0.8320,-1.98,0.49,34.07,2.67
3723034229500638592,212.6988,9.8749,-1.2149,-0.2994,-1.77,0.47,46.86,4.51
3723068181217778432,213.0754,10.1290,-1.1178,-0.4752,-1.77,0.45,54.25,5.68
3723234100098964992,212.0882,9.9373,-1.0223,-0.8390,-2.19,0.44,45.27,4.50
3723359169546343168,209.4749,8.6360,-0.8138,-0.6167,-2.09,0.52,48.58,4.69
3723607315577366272,210.3865,9.8158,-0.8098,-0.6427,-1.89,0.40,45.76,4.09
3724027195875613056,210.8967,10.3933,-0.9105,-0.5019,-1.56,0.47,45.26,4.08
3724148039075138048,211.0827,10.8197,-1.5060,-0.7763,-1.72,0.39,38.03,3.27
3724648724887538176,205.9151,8.1948,-1.7233,-0.7558,-1.68,0.43,42.89,4.21
3724749776877824512,206.0220,8.7269,-1.4804,-0.4516,-1.75,0.43,42.88,3.61
3724776027717664384,204.4200,7.9493,-0.8752,-0.4396,-2.05,0.43,51.88,4.57
3724807707396865408,205.0987,8.3980,-0.4021,-0.3686,-1.47,0.39,46.41,4.18
3724880756200844288,204.7066,8.7687,-1.5630,-0.6817,-1.63,0.44,49.48,4.29
3724929203431995520,205.3591,8.8418,-1.3740,-0.3971,-1.65,0.46,47.86,3.93
3725267646854604544,207.2064,9.6733,-0.9116,-0.6856,-1.51,0.40,48.24,4.30
3725277611178690048,207.0522,9.6226,-1.4444,-0.4769,-1.76,0.37,45.35,4.37
3725421063086398080,205.8157,9.7621,-0.8650,-0.6587,-2.06,0.41,50.24,5.57
3725427213479485568,205.9825,9.6345,-1.1330,-0.6028,-1.39,0.42,50.42,4.94
3725879250197893888,204.6379,10.0639,-0.7470,-0.3646,-2.00,0.45,52.77,4.63
3726090700027251968,204.3304,10.3821,-1.1029,-0.4676,-1.07,0.66,51.36,5.12
3726151654203345024,203.7951,10.5041,-1.3338,-0.5988,-1.65,0.42,40.62,3.24
3726168799712617088,205.4427,9.7450,-1.0816,-0.0093,-1.30,0.56,47.67,3.86
3726411310745870720,205.5998,11.0523,-1.1846,-0.2381,-1.61,0.43,48.96,4.08
3726458314868601984,204.8691,10.4600,-0.7462,-0.9019,-2.04,0.44,56.38,5.23
3726962956346100352,208.1631,10.7906,-1.2106,-0.7496,-2.60,0.44,50.43,4.42
3727425197905600768,209.4875,11.8188,-1.4690,-0.8756,-1.90,0.46,51.13,4.26
3727758079346460928,210.0782,12.5246,-1.1479,-0.7259,-1.34,0.61,39.66,3.43
3728245193061799808,206.0410,12.1634,-0.7444,-0.7243,-1.94,0.43,57.81,5.76
3728506155274667776,207.6420,12.5434,-1.5443,-0.6407,-1.52,0.43,43.19,4.35
3728687334175665920,208.5196,13.5715,-0.9282,-0.6308,-1.75,0.49,52.09,4.71
3729162293134320128,197.7704,5.8391,-0.7874,-0.9896,-1.35,0.49,39.35,3.73
3729517156216466688,197.0453,6.7570,-1.4184,-0.4773,-2.19,0.47,47.69,4.38
3729617521012232192,197.9743,6.4437,-0.7689,-0.6071,-1.50,0.58,44.85,4.54
3729692219083374080,198.9042,6.8098,-0.8952,-0.6696,-1.73,0.42,44.99,3.94
3729959056813169792,197.6653,7.5580,-0.9632,-0.1891,-1.47,0.42,42.25,3.87
3729970017568062720,198.3622,7.3948,-1.2995,-1.0445,-1.33,0.44,47.24,4.37
3730065434561864320,198.0462,7.9267,-1.0199,-0.5310,-2.23,0.42,43.45,5.02
3730384670891438848,196.0335,7.6219,-1.6541,-1.0511,-1.65,0.41,39.71,3.04
3730491018577098624,194.2919,7.3656,-0.9420,-0.6526,-1.71,0.40,44.09,3.89
3730549533211643264,195.3488,7.4694,-1.6069,-0.2446,-1.62,0.39,37.62,3.08
3730567464699190912,195.8454,7.6376,-0.9008,-1.1008,-1.74,0.41,48.09,3.93
3731039395705617920,195.6723,8.2960,-1.2949,-0.6261,-1.82,0.41,40.68,3.27
3731212946744416896,197.0626,9.3425,-1.2069,-0.6698,-1.40,0.39,48.29,4.53
3731305992915518208,199.3867,7.6135,-1.2848,-0.6405,-1.54,0.46,45.24,3.62
3731457416282598656,200.1479,8.3846,-1.7338,-0.4400,-1.83,0.42,47.27,4.25
3731744457536964992,199.1307,8.9530,-1.2366,-0.8128,-1.50,0.43,45.70,4.36
3731975698576105984,202.0825,9.4011,-1.3505,-0.6418,-2.30,0.45,46.32,4.49
3731980921256381824,202.3743,9.5313,-0.9121,-0.6293,-1.87,0.40,49.28,4.76
3732001708898203136,202.2258,9.7861,-0.8900,-0.7038,-2.01,0.50,48.44,4.14
3732010573710374912,201.5097,9.4842,-1.2530,-1.1754,-1.57,0.47,28.63,2.30
3732301085298200448,200.8200,10.1356,-1.2398,-0.4980,-1.16,0.48,49.57,4.88
3732655059323380608,197.7480,9.3039,-1.3960,0.0052,-1.76,0.44,47.05,3.80
3732710893897727616,197.2552,9.3684,-1.0482,-0.4106,-1.10,0.56,50.01,3.98
3732744330219475328,197.2009,9.8186,-1.3025,-0.2277,-1.62,0.41,39.98,3.27
3732820948140235136,198.5784,10.0575,-1.1159,-1.0802,-1.33,0.42,40.55,3.33
3733080364164550400,200.2316,10.4251,-1.5617,-0.6627,-1.63,0.42,34.62,2.96
3733105481133129984,200.7807,10.7659,-1.5278,-0.5887,-1.41,0.44,52.15,5.42
3733218593392316928,199.2219,10.5584,-1.0968,-0.9410,-1.36,0.39,46.79,4.46
3733571055588262912,193.8416,7.8543,-0.7357,-0.7978,-1.98,0.42,46.09,3.98
3733727323678454272,194.3085,8.5504,-1.0704,-0.9488,-1.13,0.45,40.94,3.32
3733805152781755264,193.6221,8.1623,-1.3107,-0.9235,-1.52,0.39,40.90,3.48
3733863255099243776,193.0321,8.4683,-1.1118,-0.6132,-1.48,0.39,40.98,3.39
3734004744205703424,193.7273,9.0833,-0.8080,-0.4035,-1.36,0.46,41.94,3.49
3734014605451124096,194.2042,9.1115,-1.1077,-0.6450,-1.45,0.46,48.94,4.23
3734391875378767104,195.1309,9.6978,-1.2706,-0.1415,-1.18,0.51,45.77,4.35
3734502960412623616,195.5513,10.1261,-1.6941,-0.4729,-1.87,0.50,40.30,3.23
3734889266951171456,193.3612,10.0591,-1.5231,-0.6456,-2.21,0.47,39.70,3.21
3735178575947558656,193.9504,9.7394,-0.7247,-0.4936,-1.66,0.44,49.23,4.24
3735191254691041792,193.9633,9.8172,-1.3150,-0.6581,-1.49,0.42,37.18,3.15
3735227263697288064,194.2041,10.1499,-1.4472,-0.3661,-2.22,0.40,43.11,3.98
3735457095987053824,193.4452,10.3332,-1.1922,-0.8383,-1.56,0.42,41.10,3.63
3735514030073707648,193.5633,10.8520,-1.4200,-0.8613,-1.55,0.43,38.29,3.53
3735576118121049344,193.5906,11.1934,-0.8943,-0.7591,-2.04,0.45,42.37,3.56
3735831239178395520,196.4145,10.2935,-1.4539,-1.0212,-1.10,0.51,37.60,2.89
3735873299793643776,196.8345,10.6893,-0.7442,-0.5811,-1.61,0.38,49.55,4.58
3736071860426265728,196.3411,10.7548,-1.3053,-0.1892,-1.61,0.72,80.40,9.22
3736457995165433600,198.8311,11.6371,-1.5517,-0.3986,-1.83,0.43,37.67,3.21
3736653364637983744,197.3061,11.8574,-0.8543,-0.6661,-1.55,0.46,30.09,2.25
3736911406273265536,195.8797,11.4096,-1.5668,-0.6488,-1.75,0.42,42.08,3.37
3737014902100921728,196.3687,11.7185,-1.3299,-0.7104,-2.06,0.44,39.01,3.17
3737058740831640064,196.4161,12.0189,-1.5758,-0.7193,-1.31,0.38,37.12,3.84
3737138146187151104,196.1999,12.4941,-1.6194,-0.0444,-2.14,0.45,36.55,3.11
3737280159281081216,194.7241,12.4602,-1.1842,-0.2374,-1.63,0.44,46.96,3.98
3737369318506314752,195.2015,12.6610,-1.4913,-0.8803,-1.94,0.41,37.86,3.16
3737725251036186112,195.9204,12.8590,-1.7693,-0.7047,-1.42,0.44,41.45,3.34
3737946252873169792,196.5813,13.9828,-1.1418,-0.4535,-1.36,0.48,41.22,3.78
3738037550993817600,202.8804,10.2059,-1.2790,-0.8995,-1.72,0.40,40.80,3.91
3738095064900535936,202.5338,10.3178,-1.7501,-0.6587,-1.69,0.42,35.99,3.90
3738141420482610560,203.4343,10.5398,-1.3853,-0.4113,-1.70,0.45,45.33,4.17
3738183197629137920,203.3458,10.7648,-1.0386,-0.4038,-1.67,0.48,44.11,3.89
3738399286023948800,201.5929,11.1589,-1.1830,-1.1027,-1.69,0.41,35.94,3.05
3738508137674844288,202.0919,11.5004,-1.0247,-0.5981,-2.55,0.45,55.35,4.85
3738610117378459904,204.0833,11.4473,-1.2278,-0.5372,-1.64,0.49,40.78,3.41
3739173410929428864,201.2868,11.4739,-1.1322,-1.2819,-1.42,0.39,30.84,2.38
3739223644866568960,201.0042,11.5224,-0.8131,-0.7115,-1.82,0.39,82.90,8.31
3739315969483728256,202.1402,12.0441,-0.6117,-0.6928,-1.23,0.47,47.57,5.00
3739349264070631808,201.2434,12.0706,-1.5689,-0.7427,-1.61,0.40,40.30,3.22
3739919944965121408,202.7178,13.4052,-1.2746,-0.6542,-1.65,0.44,42.07,3.37
3739970526795522176,202.0176,12.9434,-1.0941,-0.4636,-1.57,0.37,15.18,1.30
3740023573935828608,202.2602,13.4328,-1.2947,-0.4332,-1.57,0.44,36.13,2.62
3740414690837548928,205.9548,13.1816,-1.0330,-0.8559,-1.42,0.42,40.75,3.81
3740608892078985472,204.4343,13.3927,-1.4866,-0.3096,-1.60,0.38,40.99,4.08
3740879582392844928,206.3994,13.7379,-0.9780,-0.5396,-1.56,0.51,45.33,4.11
3740971284239135360,207.4166,14.2646,-1.5538,-0.4348,-1.57,0.44,43.55,3.59
3741047597218556416,207.1174,14.7385,-1.8645,-0.6425,-1.78,0.53,35.01,3.08
3741331825269715584,206.6791,15.1977,-1.5288,-0.7920,-1.62,0.45,47.18,3.74
3741502176557195776,203.8289,14.3053,-1.3870,-0.5700,-1.96,0.39,58.18,4.94
4071278218044921728,280.9813,-29.5821,-2.4846,-1.4759,-1.63,0.45,26.96,2.39
6051908571343465472,247.0931,-22.0299,-1.6790,-0.9759,-1.45,0.43,40.25,3.18
6051957602690772992,246.4011,-21.7742,-1.4723,-1.1149,-1.66,0.44,44.24,4.40
6051979008807994496,246.7383,-21.6916,-1.1837,-0.4923,-1.71,0.48,46.53,4.26
6051993439898455168,246.7942,-21.3847,-2.2591,-0.8104,-1.21,0.46,35.50,3.96
6052023985706370560,245.4557,-22.1548,-1.3460,-0.7392,-1.74,0.48,47.62,5.83
6052157683746286208,245.7578,-21.6946,-2.1085,-0.9243,-1.79,0.41,38.34,3.85
6052176130625724800,246.4599,-21.5136,-1.3495,-0.8552,-1.59,0.41,37.44,3.59
6052248045562201600,246.1153,-21.1223,-1.5718,-0.6591,-1.55,0.39,45.88,4.71
6052353804833593728,247.1681,-21.4099,-1.7927,-1.1330,-1.58,0.44,34.95,3.56
3418322247063099008,75.4138,22.6539,0.5984,-1.3916,-1.99,0.56,31.69,3.50
3418346058361991680,75.9534,22.9388,0.5242,-1.3389,-1.67,0.45,60.76,7.23
3418545477991387264,75.0995,23.1255,0.6381,-0.7519,-0.88,0.79,45.83,6.45
3418927283402328832,77.3254,24.3258,0.1305,-0.7061,-2.19,0.42,51.78,5.05
3418933399435863936,77.2176,24.4983,0.1925,-1.1242,-1.74,0.50,55.37,7.46
4323903143508478848,247.2766,-17.8433,-1.7428,-1.1587,-1.19,0.49,36.47,3.26
4324145310946961664,248.7475,-17.2751,-1.9374,-0.6591,-1.28,0.47,35.19,2.91
4324166377765881600,249.6284,-17.3658,-1.1655,-1.2025,-1.44,0.38,26.25,2.41
4324406994712017408,248.1317,-16.8872,-1.7026,-0.5474,-0.65,0.38,22.56,2.07
4324658409218361088,245.6655,-17.6825,-1.3939,-0.5812,-1.68,0.38,38.27,3.64
4324668815920070912,245.8708,-17.4911,-1.7326,-0.9767,-1.87,0.39,41.21,3.80
4324702866421385856,246.2503,-17.2175,-1.3145,-0.7853,-1.39,0.37,38.50,4.35
4324897102021289984,245.3398,-17.0641,-2.0617,-0.7904,-1.53,0.52,34.39,3.17
4324988533286083584,245.3331,-16.6884,-0.8877,-0.5780,-1.50,0.52,43.85,4.23
4325021969605098496,245.9549,-16.7481,-1.7022,-0.4130,-1.06,0.51,31.00,3.65
4325028940335951616,245.9760,-16.5556,-1.0886,-0.3331,-1.24,0.44,38.62,3.60
4325045673530499712,246.4711,-16.4576,-1.6177,-0.6575,-1.82,0.48,42.17,4.48
4325140781287266432,246.0760,-15.8768,-1.2060,-1.1526,-1.66,0.44,24.00,1.87
4325213181549234432,247.8541,-16.1041,-1.6510,-0.6054,-1.21,0.48,41.41,4.62
4325382536405179392,247.8944,-15.6658,-1.5516,-1.0927,-1.37,0.43,25.41,2.56
4325632301636974592,247.9702,-14.9062,-1.2317,-0.1837,-1.00,0.45,45.95,5.53
4325871750361159680,250.6953,-16.0085,-1.4280,-0.3793,-1.54,0.38,35.98,3.11
4326077084155417088,249.0912,-15.8222,-1.3014,-1.3126,-1.43,0.39,24.61,2.18
4326097837438007808,249.6515,-15.5781,-1.0088,-0.9218,-1.97,0.41,23.27,1.95
4326121442578673408,249.6559,-15.3446,-1.7043,-0.6291,-1.13,0.50,31.67,2.81
4326132334614035584,250.3922,-15.5844,-1.6144,-0.8676,-1.60,0.45,34.68,2.69
6745363992276492672,290.7567,-33.4253,-2.2532,-1.4317,-1.80,0.46,27.98,2.68
6745367600049112960,290.6485,-33.3915,-2.6324,-1.4150,-1.45,0.57,29.05,2.91
6745392858751957888,290.9548,-33.1792,-2.6008,-1.3082,-1.86,0.55,28.83,2.44
6745393404208002432,290.9915,-33.1362,-2.5047,-1.3622,-1.54,0.50,28.01,2.20
6745403540330875776,291.0377,-32.9710,-2.8571,-1.4353,-1.73,0.43,24.86,2.02
6745407869656612992,291.8726,-33.4095,-2.4076,-1.6908,-1.72,0.44,29.00,2.63
6745436903636499584,291.8675,-32.9892,-2.4393,-1.3499,-1.40,0.50,27.67,2.78
6745453190157843072,292.3085,-32.8193,-2.4964,-1.2847,-1.97,0.44,28.91,2.37
6745457897442107776,292.3438,-32.7395,-2.2955,-1.2748,-1.82,0.83,34.42,3.51
6745465971975940608,291.8779,-32.7783,-2.6809,-1.5879,-1.75,0.43,28.84,2.41
6745470541825933568,292.1732,-32.6522,-2.0655,-1.6015,-1.77,0.45,31.01,2.47
6745474630630264832,291.9995,-32.6022,-2.1830,-1.4414,-1.21,0.59,28.39,2.38
6745508547991486464,291.3555,-32.6639,-2.5610,-1.3483,-0.95,0.48,24.70,2.55
6745518645455134080,291.6656,-32.5829,-3.1242,-1.6541,-1.39,0.47,25.48,2.86
6745527991313661440,291.8885,-32.3648,-2.5994,-1.3704,-1.46,0.47,27.74,2.83
6745541082366406400,291.7952,-32.2906,-2.4768,-1.3120,-1.70,0.46,27.80,2.32
6745543075231284480,291.8980,-32.2270,-2.3440,-1.2188,-1.62,0.45,28.59,2.26
6745543899864964224,291.6986,-32.2797,-2.6035,-1.2442,-2.36,0.58,26.57,2.18
6745564863602435968,290.5607,-33.0524,-2.3704,-1.6199,-1.95,0.45,26.95,2.18
6745578573138188288,290.4801,-32.9017,-2.4504,-1.4739,-1.52,0.60,28.29,3.00
6745582627581636992,290.4285,-32.8417,-3.0073,-1.4146,-1.91,0.42,24.40,1.99
6745632925943269376,290.0912,-32.7688,-2.7581,-1.3444,-2.14,0.44,25.33,2.08
6745633888018911872,290.2000,-32.7593,-2.3258,-1.4422,-1.82,0.69,29.77,3.06
6745639454293532288,289.8779,-32.7836,-2.8468,-1.4511,-1.71,0.47,26.94,2.50
6745656878982131456,290.4460,-32.6269,-2.5196,-1.4368,-1.08,0.53,29.00,2.99
6745673470438260352,290.2928,-32.4890,-2.8122,-1.6962,-1.81,0.44,27.55,2.49
6745674398151278336,290.2865,-32.4577,-2.4294,-1.3489,-1.18,0.80,26.45,2.76
6745676017356705152,290.1765,-32.4568,-2.8155,-1.8782,-1.78,0.45,28.66,2.60
6745681785495357952,290.3712,-32.2958,-2.7675,-1.5708,-1.01,0.55,25.28,2.25
6745732844062740096,291.6090,-32.2256,-2.4157,-1.4699,-1.46,0.41,26.39,2.23
6745758893046533504,291.4501,-31.7531,-2.5193,-1.4392,-1.33,0.65,29.93,2.47
6745778095848206720,290.5028,-32.1576,-2.5194,-1.3045,-2.04,0.53,25.29,2.25
6745789125317935360,290.7869,-31.8797,-2.6044,-1.6838,-1.96,0.43,26.47,2.77
6745826341212917120,290.9317,-31.5622,-2.3199,-1.7308,-1.45,0.47,27.19,2.64
6745848189704008704,292.2928,-32.5250,-2.6414,-1.5057,-1.13,0.52,29.87,2.55
6745850388735486720,292.3842,-32.4392,-2.1861,-1.5013,-1.72,0.43,28.76,2.49
6745883442796383488,292.6000,-32.1881,-2.3321,-1.6032,-1.20,0.62,23.48,2.63
6745932439786611712,292.0249,-31.8676,-2.3935,-1.4587,-1.24,0.64,26.61,2.39
6745954326940528512,292.3439,-31.7675,-2.5109,-1.8351,-1.84,0.53,27.20,2.66
6745958106511818624,292.2233,-31.7421,-2.3096,-1.3468,-1.70,0.47,26.72,2.77
6745961164528882816,292.3154,-31.5808,-2.5578,-1.6952,-1.25,0.43,24.73,2.43
6745974702260976512,293.0933,-31.9707,-2.4918,-1.2668,-1.44,0.55,26.38,2.22
6746001880815126016,293.1668,-31.5333,-2.4636,-1.5513,-1.79,0.56,26.97,2.42
6746027307021848320,293.2876,-31.4479,-2.4707,-1.4575,-1.82,0.45,26.52,2.93
6746037305706621952,293.4302,-31.2071,-2.5899,-1.5668,-1.64,0.73,27.26,2.44
6746058196426384896,292.6872,-31.5109,-2.7695,-1.6002,-1.49,0.49,27.24,2.70
6746068092031841792,292.8244,-31.3059,-2.4237,-1.6282,-2.03,0.61,25.92,2.22
6746069535141078016,292.9862,-31.2449,-2.1326,-1.9189,-1.81,0.45,27.61,2.49
6746105990824443264,293.3212,-30.8245,-2.4909,-1.6040,-1.75,0.50,28.33,2.60
6746111900697593600,291.7632,-32.0276,-2.6793,-1.2368,-1.53,0.75,25.12,2.71
6746114065364608256,291.8429,-31.9484,-2.5340,-1.4373,-1.56,0.52,25.05,2.51
6746120834233225728,291.9672,-31.8297,-2.8936,-1.6313,-1.52,0.50,25.97,2.53
6746133409891953152,291.5835,-31.7448,-2.1937,-1.4890,-1.53,0.61,27.00,2.46
6746150005651408768,292.2467,-31.5181,-2.4350,-1.8071,-1.91,0.54,26.73,2.71
6746156465282286208,292.3070,-31.4511,-2.8295,-1.4414,-1.67,0.67,25.89,2.68
6746160180430057856,292.2632,-31.3644,-2.6213,-1.3957,-1.77,0.67,26.76,3.13
6746185194318925184,291.5496,-31.5175,-2.5954,-1.6112,-2.02,0.49,26.17,2.09
6746186908004825344,291.2888,-31.5697,-2.7607,-1.3487,-1.44,0.54,24.92,2.30
6746191963181854848,291.6048,-31.4232,-2.9618,-1.8317,-1.79,0.40,25.75,2.27
6746195742758695808,291.4751,-31.3812,-2.7098,-1.4112,-1.58,0.48,23.07,2.11
6746197525166441472,291.6736,-31.2824,-2.6260,-1.6614,-1.12,0.65,27.03,2.80
6746204259672983552,291.1478,-31.4105,-2.6546,-1.5334,-1.03,0.66,23.90,3.23
6746209864611176576,291.5588,-31.2687,-2.4371,-1.5061,-1.53,0.43,27.89,3.04
6746236489110025600,291.6807,-31.0708,-2.2926,-1.6133,-1.70,0.46,27.13,3.27
6746251504317240448,292.4924,-31.3767,-2.5668,-1.5661,-2.00,0.49,27.95,2.21
6746252161447238016,292.5421,-31.3177,-2.4878,-1.4643,-1.56,0.54,27.53,2.72
6746258548063779456,292.5140,-31.1432,-2.5245,-1.7292,-1.36,0.42,27.11,2.12
6746336647746057984,292.1872,-30.6680,-2.2384,-1.2375,-1.74,0.55,30.22,2.87
6746386194487079040,292.6291,-30.2043,-2.5918,-1.3609,-1.12,0.55,26.47,2.54
6746423341662683776,298.0290,-35.1852,-3.0643,-1.9214,-1.83,0.54,28.17,3.76
6746447079943872640,298.3021,-34.9887,-2.3834,-1.6153,-1.35,0.47,27.08,2.03
6746478965781400832,298.0017,-34.8529,-2.5684,-1.6068,-1.89,0.52,25.30,2.17
6746650459530940800,299.1189,-33.8613,-2.3445,-1.6154,-1.81,0.39,26.55,2.39
6746702991275354496,297.5734,-34.4210,-2.8151,-1.7888,-1.64,0.44,24.19,2.56
6746717216206911744,297.7682,-34.2953,-2.5613,-1.7555,-1.66,0.45,29.02,2.41
6746747388355943040,297.1204,-34.4478,-2.3764,-1.6716,-1.70,0.40,24.14,2.18
6746804593023369856,297.2102,-33.8067,-2.9009,-1.8128,-1.72,0.44,24.25,2.19
6746854723879875584,298.4560,-33.7061,-2.7737,-1.7074,-1.61,0.44,24.35,1.96
6746859671682510720,298.6269,-33.6183,-2.9760,-1.7117,-1.45,0.44,25.15,2.09
6746866032531820544,298.7132,-33.3978,-2.3615,-1.8999,-1.65,0.39,27.80,2.91
6746921519212570752,298.0746,-33.4070,-2.3219,-1.7013,-1.65,0.44,28.55,2.33
6746952339898383232,298.0016,-32.9608,-2.7250,-1.8286,-1.69,0.46,24.67,1.98
6746972238483320448,299.7139,-33.7647,-2.4083,-1.5128,-1.26,0.51,25.63,2.03
6746972960037026304,299.3799,-34.0061,-2.7031,-1.8351,-2.27,0.52,16.10,1.47
6746989895090506752,299.5184,-33.5744,-2.7746,-1.6213,-1.53,0.54,26.83,2.32
6747002230236731776,300.1738,-33.5142,-2.4601,-1.5849,-1.56,0.43,27.70,2.20
6747048169206867456,298.9501,-33.5263,-2.2510,-1.8580,-1.42,0.48,28.69,2.94
6747055904445624960,299.2684,-33.2877,-2.3758,-1.6603,-1.53,0.44,26.11,2.42
6747079062909386368,299.4335,-33.2355,-2.2890,-1.8939,-1.57,0.58,26.80,2.26
6747097990827664896,300.2341,-33.3595,-2.3369,-1.7247,-1.01,0.47,28.69,2.20
6747163312988726400,300.4456,-32.6221,-2.3803,-1.8559,-1.38,0.45,30.71,3.03
6747188395597499136,299.6202,-32.8623,-2.6755,-1.6376,-1.49,0.41,25.79,2.40
6747216222688920320,300.2934,-32.4234,-2.4515,-1.5709,-1.36,0.49,27.94,2.80
6747312945352331520,298.3440,-32.9637,-2.4030,-1.6597,-1.82,0.56,26.35,2.41
4046521854776029056,278.8907,-32.3061,-2.7355,-1.0223,-1.38,0.41,25.49,2.52
4046536182801235968,278.9453,-31.9891,-2.7899,-1.4815,-1.34,0.57,23.09,2.40
198235383779245824,72.7816,36.2624,0.1849,-0.9032,-1.00,0.99,36.48,4.24
6737054265670561024,281.4995,-31.3872,-2.6956,-1.6129,-1.52,0.46,29.76,3.57
6737056838331997568,281.3338,-31.3837,-2.7763,-1.2739,-1.54,0.41,25.56,2.24
6737087659016718976,281.7913,-31.1078,-2.7922,-1.3600,-2.06,0.44,23.77,2.23
6737153251752408448,280.9499,-31.3896,-2.7969,-1.3054,-1.58,0.44,27.55,2.24
6737173528302748800,280.9217,-31.0967,-2.9356,-1.2453,-1.95,0.48,26.16,2.33
6732592683681596544,284.7182,-33.7720,-2.8404,-1.2812,-1.46,0.55,29.00,2.92
6732661819770045184,283.6858,-34.2030,-2.6360,-1.3285,-1.57,0.48,27.51,2.26
6732698138024151808,282.9477,-34.1385,-2.9717,-1.4111,-1.65,0.49,23.74,2.28
6732710193986175104,283.2458,-34.1036,-2.7694,-1.2558,-1.52,0.60,26.68,2.57
6732744862962696832,284.1407,-34.0044,-2.2459,-1.1938,-2.03,0.51,27.03,2.85
6732801178572576256,284.1849,-33.4530,-2.6025,-1.4612,-2.13,0.49,24.21,2.55
6732840352974290048,283.8598,-33.3380,-2.0160,-1.4052,-1.60,0.46,28.66,2.30
6732851313738675072,284.0152,-33.3365,-2.6814,-1.6247,-2.36,0.61,25.01,2.60
6253039759510559744,229.7106,-20.9277,-1.1810,-0.3468,-2.14,0.44,47.44,5.15
6253203105706647168,230.0596,-20.0393,-1.1485,-0.9528,-1.43,0.59,43.63,4.20
6253661606357557120,232.7299,-20.3934,-0.9529,-0.7888,-1.49,0.41,26.83,2.50
6253730287172735616,233.6485,-20.0477,-0.8188,-0.3876,-1.29,0.50,49.71,4.59
6253911229854804608,234.5561,-19.9555,-1.0850,-0.5557,-1.76,0.44,56.28,5.82
6253944696239752832,234.8297,-19.6931,-1.0340,-0.6992,-1.90,0.49,42.83,3.95
6254298494167161472,235.2180,-18.6666,-1.4601,-0.1170,-1.78,0.59,45.85,4.88
6254524482466207360,232.9503,-19.8582,-1.4863,-0.9267,-1.40,0.44,53.56,5.03
6255434637576204800,233.0667,-17.7389,-0.8272,-0.4719,-1.79,0.39,56.45,6.37
6256861421410305536,226.5485,-19.4353,-1.4234,-0.8869,-1.25,0.71,21.93,2.15
1169332883883271168,231.8391,11.4322,-1.6135,-0.6555,-1.09,0.68,36.30,3.42
1170938445737306112,219.4248,4.8920,-1.6035,-0.4011,-1.76,0.51,51.02,6.56
1171179857258829312,219.6392,6.1835,-1.1718,-0.5241,-1.71,0.45,47.94,4.80
1171219199159511680,218.7066,5.4899,-0.9261,-0.9137,-0.85,0.66,52.91,6.84
1171718549236956160,221.1021,7.1492,-1.3020,0.0921,-2.26,0.54,47.97,4.22
1171955459633374080,220.7271,7.7119,-1.2248,-0.0304,-2.01,0.43,48.52,4.94
1172565757306738304,217.8502,7.7542,-0.9148,-0.1101,-0.48,0.95,42.16,4.69
1172673165848956928,219.8287,7.7244,-1.1086,-0.3334,-2.89,0.63,56.74,6.52
1175540623453920896,216.3027,7.9977,-0.9432,-0.5289,-2.18,0.45,50.16,4.14
1176400372827401600,217.4539,9.8723,-1.1508,-0.6117,-2.11,0.51,57.92,5.10
1176788951403991680,215.6944,9.6015,-0.8026,-0.5681,-1.60,0.41,58.04,6.76
1176876843614738560,214.4751,9.4284,-1.5084,-0.9661,-1.25,0.52,47.72,4.75
1179557689186171136,220.3849,13.0512,-0.9401,-0.4967,-1.35,0.48,53.78,5.25
1181514888602911872,223.3386,12.3521,-1.2554,-0.4606,-1.09,0.42,49.89,6.03
1181674528242959616,225.4206,12.5624,-0.8161,-1.1909,-1.62,0.45,46.64,5.04
1181716550202961536,224.7663,12.6485,-0.6598,-0.8594,-1.23,0.68,57.21,6.28
6660071306190074496,289.5918,-48.1096,-2.1890,-1.9412,-2.61,0.50,15.84,1.29
6761786710260294272,284.9065,-28.7132,-2.8663,-1.4343,-2.00,0.44,26.74,2.75
6761831171765122048,284.4326,-28.5125,-2.5943,-1.3834,-1.66,0.53,27.07,2.59
6761831858959887104,284.4878,-28.5139,-2.5727,-1.2415,-1.47,0.42,25.57,2.46
6761832619170302720,284.5317,-28.4377,-2.5789,-1.2058,-1.18,0.53,25.88,2.06
6761834161062381440,284.2945,-28.4938,-2.4745,-1.3115,-1.19,0.64,24.95,2.51
6761854471974008576,284.9511,-28.2075,-2.5768,-1.3861,-1.55,0.47,28.14,2.94
6761881444379507584,283.2894,-29.0475,-2.6806,-1.2828,-1.36,0.44,22.25,2.38
6761891988498632576,283.2182,-29.0402,-2.7425,-1.4768,-1.40,0.55,25.06,2.94
6761896420907605248,283.1444,-28.9348,-2.4262,-1.0757,-1.97,0.62,27.01,2.23
6761897864016631168,283.1740,-28.9220,-2.8760,-1.3078,-2.13,0.67,32.18,3.31
6761925111289600768,283.8346,-28.5642,-2.5027,-1.1893,-1.93,0.43,26.28,2.14
6761929406255891328,283.6621,-28.6022,-2.9734,-1.5294,-1.01,0.67,25.79,3.00
6761929990372390912,283.6267,-28.6215,-2.8085,-1.3905,-1.61,0.62,26.65,2.32
6761937515154288128,283.7806,-28.4989,-2.5956,-1.7375,-1.39,0.55,27.42,2.50
6761949472346597888,282.8982,-28.7958,-2.6999,-1.4086,-1.78,0.50,25.26,2.43
6761952118045449600,283.0218,-28.6844,-2.7164,-1.4131,-1.13,0.69,25.73,2.91
6761955107346600064,283.2550,-28.6618,-2.8756,-1.5060,-1.05,0.80,27.52,3.04
6761959677189719424,283.2282,-28.5780,-2.4834,-1.2940,-1.10,0.70,24.39,2.11
6761966862678861056,282.7158,-28.6470,-2.5532,-1.4457,-1.36,0.51,26.35,2.21
6761968855543564544,282.8564,-28.5307,-2.9216,-1.5937,-1.35,0.60,26.09,2.28
6761979124798294272,283.3694,-28.5882,-2.7765,-1.3164,-1.26,0.46,28.84,2.33
6761979163469202304,283.3729,-28.5787,-2.8059,-1.3749,-1.64,0.47,24.58,2.51
6761980464829867648,283.3271,-28.5303,-2.4465,-1.3718,-1.80,0.48,26.82,2.48
6761982290205514880,283.3885,-28.4862,-2.5361,-1.7006,-1.78,0.84,27.73,2.92
6761998881658460160,283.3025,-28.3309,-2.7515,-1.1423,-1.92,0.52,26.65,2.25
6762020154636507520,283.9681,-28.4508,-2.7911,-1.4767,-2.34,0.52,28.19,2.91
6762021627792018432,284.0801,-28.3661,-3.1131,-1.5173,-1.66,0.55,24.42,2.40
6762022383705906560,284.0789,-28.3528,-2.5834,-1.2477,-1.17,0.51,26.09,2.15
6762034791867538944,283.9790,-28.2901,-2.6522,-1.4870,-1.54,0.45,25.62,1.99
6762041384658024192,284.0728,-28.2138,-2.7048,-1.3596,-1.29,0.60,25.67,2.70
6762046779137294208,283.9869,-28.0696,-2.7868,-1.0605,-1.89,0.48,28.52,2.41
6762051456358861056,284.4155,-28.1370,-3.0234,-1.8527,-1.43,0.45,26.24,2.11
6762054063390717696,284.3057,-28.1629,-2.5998,-1.7756,-1.35,0.55,27.80,2.43
6762074163836246272,284.2953,-27.8800,-2.6821,-1.2271,-1.36,0.48,29.55,2.42
6762102407544357120,283.4944,-28.0794,-2.9202,-1.0347,-1.80,0.52,26.47,2.63
6762146151800090368,284.0593,-27.5822,-2.8894,-1.4065,-1.43,0.45,24.87,2.00
6762157520565482624,286.9467,-29.8551,-2.3907,-1.4811,-1.49,0.51,25.15,2.49
6762173016798740480,286.7489,-29.7670,-2.6520,-1.3842,-1.67,0.50,27.36,2.86
6762173326036435584,286.7091,-29.7490,-2.7858,-1.6552,-1.66,0.62,26.60,2.07
6762181950331983616,286.9499,-29.5616,-2.8043,-1.6161,-1.52,0.54,27.18,2.27
6762182465727964416,286.8580,-29.5801,-2.7122,-1.7326,-1.05,0.48,24.37,2.49
6762182500087736064,286.8622,-29.5714,-2.6813,-1.7001,-1.41,0.46,27.29,2.65
6762188306884417280,286.8633,-29.4263,-2.7701,-1.5052,-1.80,0.48,25.04,2.67
6762192498771848192,287.2965,-29.5334,-2.4190,-1.2713,-1.41,0.51,29.27,3.06
6762193185966962048,287.3619,-29.4762,-2.7423,-1.4477,-1.60,0.46,26.36,2.00
6762198683526054272,287.2341,-29.3451,-2.7420,-1.9258,-1.35,0.52,21.28,2.69
6762216108207420032,287.0748,-29.1659,-2.7570,-1.5390,-1.36,0.87,27.19,2.90
6762225209251351808,286.5229,-29.6546,-2.6579,-1.1859,-1.60,0.62,25.90,2.15
6762229332411829248,286.5947,-29.4513,-2.3649,-1.4772,-1.53,0.59,25.55,2.68
6762277779646434944,287.0127,-28.8456,-2.3829,-1.6689,-1.10,0.51,23.53,2.49
6762279669431381760,286.7075,-29.0313,-2.8442,-1.4662,-1.70,0.42,26.30,2.72
6762283071045677440,286.6769,-28.9867,-2.7062,-1.4074,-1.15,0.69,24.98,2.78
6762294203601562368,286.8973,-28.7224,-2.4688,-1.5717,-1.49,0.49,30.15,3.00
6762312001943257984,287.7919,-28.8659,-2.3304,-1.4151,-1.08,0.47,28.38,2.48
4052368748567431424,274.9289,-26.9624,-2.3013,-0.7221,-2.02,0.35,15.11,1.58
4047168711183947136,280.0695,-30.2959,-2.7404,-1.1711,-1.68,0.35,27.83,2.49
4047261791734110464,280.2707,-30.1795,-2.2164,-1.2761,-1.83,0.33,29.87,2.62
4047262169691270528,280.2792,-30.1609,-2.6660,-1.3531,-1.44,0.33,29.43,2.56
4047091676655017088,280.3563,-30.8011,-2.3891,-1.3111,-1.58,0.36,21.51,1.82
6737334808613477248,280.7789,-30.7257,-3.0101,-1.2424,-1.48,0.34,23.82,2.17
6737268563037168768,281.0623,-31.0201,-2.0904,-0.9816,-1.13,0.32,27.58,2.22
6737384565832726656,281.2450,-30.0621,-2.8295,-1.2562,-1.71,0.36,26.94,2.31
6761382158705830400,281.5451,-30.2690,-2.6512,-1.3344,-1.73,0.35,27.41,2.24
6761385770784562432,281.5739,-30.1892,-2.5639,-1.3985,-1.40,0.35,28.47,2.24
4071305160380930048,281.7724,-29.2390,-2.9279,-1.5947,-1.59,0.35,27.40,2.47
6761422943716574976,281.9383,-29.7741,-2.1592,-1.5675,-1.50,0.39,30.12,2.73
6736989871195792896,282.0076,-31.6621,-2.7325,-1.5571,-1.88,0.35,27.53,2.46
6761370205840444416,282.1355,-29.9432,-2.9112,-1.6480,-1.39,0.36,26.76,2.35
6737029698435162880,282.2320,-31.2132,-2.7479,-1.6018,-1.58,0.37,27.56,2.45
6761477064596334592,282.4677,-29.5575,-2.8334,-1.4391,-1.72,0.33,28.41,2.37
6761356358841416192,282.4736,-30.0459,-2.7665,-1.6356,-1.63,0.34,29.67,2.54
6761357557127968256,282.6168,-29.9838,-2.6910,-1.2158,-1.76,0.34,29.97,2.54
6761147825290206080,282.7676,-30.4077,-2.2892,-1.5797,-1.66,0.33,27.75,2.28
6761089722972285440,282.7777,-30.6140,-2.6145,-1.1302,-1.51,0.34,26.49,2.18
6761068729168246272,282.9212,-30.9084,-2.7203,-1.3014,-1.52,0.41,26.59,2.26
6761078899651193984,283.0375,-30.6726,-2.7135,-1.0413,-1.62,0.36,26.00,2.22
6761066495784022784,283.1308,-30.9012,-2.7179,-1.3870,-1.61,0.38,26.61,2.05
6761251145021284352,283.2720,-30.0609,-2.6260,-1.0186,-1.60,0.36,26.30,2.42
6760236433230400000,283.8616,-31.2856,-2.7002,-1.2339,-1.52,0.35,26.60,2.28
6761597078869356416,284.0363,-29.8185,-2.9800,-1.8555,-1.51,0.35,28.46,2.41
6760843127443370368,284.1926,-29.9530,-3.1073,-1.8311,-1.60,0.36,25.78,2.11
6760134934558354304,284.3764,-31.3609,-2.8359,-1.1448,-1.52,0.35,26.43,2.06
6760129269518593152,284.4817,-31.3570,-2.9158,-1.6709,-1.66,0.35,25.81,2.15
6761636352047689984,284.5876,-29.4214,-2.6703,-1.2992,-1.77,0.36,26.78,2.09
6760124837112284800,284.6085,-31.4215,-2.4150,-1.4475,-1.44,0.36,25.99,2.25
6760175822653222144,284.7644,-31.0050,-2.3291,-1.5127,-1.60,0.37,30.09,2.75
6760163010774665216,284.8344,-31.0616,-2.5110,-1.7127,-1.23,0.36,26.72,2.31
6760092569003055232,285.1980,-31.4194,-2.5179,-1.3161,-1.69,0.41,27.62,2.24
6760486262882374912,285.3653,-31.0584,-2.0278,-1.2595,-1.46,0.34,28.68,2.52
6760482693783694720,285.6116,-30.9450,-3.0236,-1.6149,-1.46,0.35,25.81,2.06
6760520760062798336,285.6136,-30.7434,-2.9850,-1.8903,-1.61,0.33,26.70,2.22
6757496660720314496,286.0456,-31.0196,-2.7698,-1.5179,-1.58,0.34,26.52,2.41
6757638149809953152,286.6126,-30.4067,-2.6175,-1.6020,-1.51,0.37,28.49,2.49
4128951760445434112,255.2957,-18.9662,-1.3729,-1.2482,-1.42,0.34,24.03,2.22
4132821732141605632,255.6236,-16.7742,-1.8000,-1.1637,-1.14,0.40,26.28,2.18
6725221527696509568,271.7875,-41.8962,-2.1592,-1.5096,-2.03,0.35,19.10,1.52
4046066351990897536,276.4325,-31.8480,-2.3318,-0.9428,-2.25,0.33,29.92,2.64
4046184412126711808,276.4479,-30.9577,-2.2464,-1.0890,-1.42,0.35,28.88,2.68
4048113608335568768,276.8531,-29.3416,-2.8637,-1.2301,-1.46,0.38,25.49,2.30
4047717848540564352,277.0162,-30.5462,-2.6060,-1.5021,-1.36,0.46,24.44,2.29
4048560422386311808,277.7024,-28.5985,-2.7538,-1.0904,-0.99,0.44,22.97,2.06
4046828927760626688,278.0384,-31.2694,-3.0282,-1.2878,-1.93,0.36,24.89,2.08
4046763201880996608,279.0654,-30.8217,-2.5271,-1.1071,-1.75,0.36,28.08,3.10
4047388068065662464,279.3174,-29.9929,-2.8435,-1.1740,-1.39,0.37,25.77,2.25
6736752758972487424,279.5323,-32.3352,-2.6848,-1.1546,-1.45,0.36,26.90,2.42
4047374491662896640,279.7075,-30.0389,-2.8518,-1.5756,-1.46,0.34,27.24,2.21
4047512720889874816,280.1505,-29.3944,-2.9333,-1.3414,-1.46,0.36,27.28,2.35
4047507017174690688,280.2970,-29.5304,-2.8171,-1.1783,-1.52,0.33,23.74,1.90
6736459567316329856,280.7130,-32.7597,-2.8513,-1.2786,-1.51,0.33,27.04,2.32
4047309139435814400,280.7385,-29.6014,-2.6404,-1.5218,-1.16,0.33,25.87,2.20
4047256470290909568,280.8637,-29.7790,-2.6971,-1.4046,-1.93,0.36,26.29,2.17
4071678032250461952,281.2462,-28.5164,-2.4489,-1.3561,-1.59,0.36,30.23,2.64
4105089128309170944,281.3574,-13.8625,-2.3724,-1.6869,-1.68,0.35,18.24,1.62
4071432836884416896,282.4295,-28.8101,-2.7565,-1.6800,-1.72,0.36,25.36,2.17
6736123043735600256,282.5935,-32.6490,-2.4692,-1.3961,-1.84,0.34,27.87,2.30
6741757010016180864,295.4797,-34.0040,-2.4614,-1.6536,-2.17,0.36,26.20,2.13
4071799837552793472,281.0753,-27.7352,-2.1445,-1.4769,-1.31,0.34,28.27,2.48
3289716696994556800,72.6996,8.7438,0.5681,-0.8955,-1.53,0.33,47.76,5.01
3293699063687057792,68.7128,9.8686,0.3985,-0.9814,-2.30,0.35,32.59,2.76
6736182108110281216,282.9956,-31.9446,-2.7090,-1.1046,-1.33,0.36,26.84,2.11
6736183280654852096,283.0513,-31.9508,-2.8159,-1.2165,-1.60,0.34,27.12,2.20
6736244028674574720,282.5473,-31.7857,-2.8114,-1.1993,-1.41,0.33,27.22,2.40
2320893502333069824,0.6857,-29.6006,-1.4235,-3.0300,-1.55,0.34,24.87,1.97
3602506967455033728,181.0973,-1.2233,-1.2391,-1.3125,-2.01,0.34,31.17,2.60
4048240155218636544,278.7398,-29.1083,-2.2492,-0.9581,-1.55,0.34,26.14,2.36
4383558212026233856,248.9508,0.2542,-1.5347,-0.4801,-2.17,0.34,49.38,4.08
5041110425074060544,18.2593,-24.0378,-0.8208,-2.6173,-1.67,0.33,27.41,2.21
5043119576415316096,21.5842,-22.1996,-0.9093,-3.2834,-1.62,0.33,23.03,1.84
6241325837507811456,235.1451,-21.5383,-1.8082,-0.5318,-1.91,0.36,41.35,4.24
6241421563738803200,234.9047,-20.8481,-1.0717,-1.0583,-2.05,0.36,27.97,2.26
1235542317306763520,217.9359,17.1972,-0.9772,-0.8026,-2.41,0.35,44.06,4.67
3894221558516263424,183.6127,4.5288,-1.5977,-0.7455,-1.33,0.38,38.88,3.46
6247544675272919296,240.7650,-18.6876,-1.4156,-0.3166,-1.66,0.37,39.47,3.30
3997192746602684288,169.4724,26.0626,-1.7538,-1.1270,-1.49,0.35,29.64,2.41
3656422241677751680,219.8109,3.0616,-1.2767,-0.3426,-1.40,0.35,46.87,5.49
3658303579087449344,207.4479,-2.1137,-1.7670,-0.7136,-1.41,0.36,33.26,2.97
3663652389623410176,205.4765,2.0017,-1.2372,-0.4864,-1.68,0.33,45.68,4.36
3664062683554619264,206.9884,1.3696,-0.9811,-0.4713,-1.83,0.34,49.08,4.32
3665290936827364992,207.2189,3.1315,-1.1277,-0.4585,-1.80,0.35,45.57,3.83
3665808708019517696,207.9442,3.8308,-1.0595,-0.4804,-2.37,0.34,58.82,5.32
4132758445803209728,255.2416,-17.4480,-1.6814,-0.5096,-1.68,0.35,38.16,3.56
6743946760443522816,288.7867,-34.0810,-2.6836,-1.5763,-1.60,0.36,25.45,2.02
6743958614553266048,288.7918,-34.0615,-2.6979,-1.3226,-1.60,0.34,25.92,2.17
6744319593664236544,293.6770,-34.3861,-2.5126,-1.8703,-1.36,0.38,26.35,2.21
6744338491520650112,293.3051,-34.2875,-2.8342,-1.7113,-1.52,0.36,28.40,2.21
6744998095420991616,293.3053,-33.2172,-2.8680,-1.4246,-1.64,0.35,27.24,2.21
6745161544696483968,294.3137,-32.3647,-3.1785,-1.7999,-1.56,0.33,24.13,1.97
6745172402374024832,294.5538,-32.1196,-2.7372,-1.3964,-1.50,0.34,25.82,2.15
4072213799357183232,282.1722,-27.0129,-2.5092,-1.1679,-1.30,0.36,26.51,2.16
6759172075916920832,287.5423,-29.7415,-2.2463,-1.4206,-1.44,0.34,28.08,2.45
6759215914637115648,288.4069,-29.5898,-2.4902,-1.2851,-1.62,0.34,27.07,2.23
6759239519777774336,288.5913,-29.5053,-2.5410,-1.6672,-1.58,0.33,26.47,2.54
6759512817138551936,290.2633,-28.8160,-2.4537,-1.6083,-1.68,0.33,26.69,2.49
6759530478042025728,290.8175,-28.6315,-2.3515,-1.5397,-1.32,0.38,24.94,2.47
6759924240657457536,283.9211,-32.4460,-2.5529,-1.1763,-1.43,0.38,27.23,2.40
6759955508003991424,284.6167,-31.9470,-2.7150,-1.5132,-1.39,0.37,26.66,2.16
6759984301466083072,283.8955,-32.1160,-3.0076,-1.5851,-1.69,0.32,26.47,2.34
4377981351612360832,253.3239,-2.9091,-1.4170,-1.1211,-1.31,0.34,23.96,1.87
6574795967476390912,331.5172,-37.6926,-2.6431,-2.9606,-1.56,0.33,21.37,1.68
6769645641420049664,291.7261,-24.7738,-2.6230,-1.6102,-1.84,0.33,28.08,2.49
6769669452719133824,292.1010,-24.6512,-2.5593,-1.6500,-1.90,0.33,25.87,2.32
4073277993485230720,280.7393,-26.0423,-2.3277,-0.9902,-1.72,0.42,27.63,2.68
4341818139295892224,241.4797,-13.1067,-1.2096,-1.2268,-2.12,0.35,47.84,4.13
4343003309751544064,239.7221,-11.7467,-1.6312,-0.6463,-2.04,0.34,36.43,3.44
4047595734011873024,279.8012,-28.9606,-2.5742,-1.1804,-1.12,0.38,25.37,2.38
6836567180420102912,325.8351,-18.6532,-2.5881,-3.3637,-1.38,0.36,21.05,1.62
6578011592311620864,323.5392,-42.6128,-2.6321,-2.3335,-1.27,0.35,22.87,1.67
6581201103744766464,315.7157,-41.8823,-2.5500,-1.9006,-2.21,0.35,22.78,1.79
6583517529930205056,318.2240,-38.5333,-2.6943,-2.2777,-1.48,0.33,24.21,2.03
6584934907794158592,327.7125,-39.2361,-3.0701,-2.5272,-1.66,0.34,20.29,1.64
3976761071779435776,171.4608,17.5751,-1.8299,-1.2776,-2.20,0.36,30.24,2.61
3978560388198621312,172.7975,20.8536,-1.2737,-1.0183,-1.79,0.35,33.80,3.03
3986209759312912768,159.9447,18.9998,-2.0966,-1.7745,-1.64,0.34,23.06,2.21
6258781993347363072,232.4952,-16.4303,-1.6319,-0.2916,-1.98,0.33,43.06,4.15
6260644188087611648,237.3644,-17.6548,-1.3883,-0.6731,-1.65,0.36,42.83,3.85
6260644604706625920,237.2631,-17.6714,-1.6804,-0.9740,-2.02,0.36,30.94,2.58
6262898221284727168,240.3217,-15.1846,-1.7079,-0.5387,-1.69,0.35,45.19,3.96
4349248948114280704,243.7700,-6.7242,-1.5319,-0.5844,-2.06,0.36,56.93,6.52
4350701506053060096,248.1095,-8.3224,-1.3337,-0.7792,-1.65,0.35,37.03,3.06
4352109739929891072,245.8497,-6.5909,-1.7403,-0.4533,-2.09,0.39,42.12,5.17
4353332916552838400,251.9609,-5.5212,-1.9617,-0.7294,-1.90,0.34,15.87,1.29
6756492497349554304,288.3875,-31.9715,-2.8059,-1.5847,-1.44,0.36,28.07,2.26
6756622652047615232,285.1617,-33.4438,-2.4814,-1.1807,-1.87,0.33,29.39,2.54
6756774964468386944,286.2334,-32.6409,-2.9558,-1.6662,-1.17,0.37,26.78,2.27
6756974461413360256,285.4617,-32.3669,-2.4595,-1.2584,-1.53,0.36,27.83,2.30
6756984631882913920,285.8395,-32.2918,-2.7362,-1.4257,-1.38,0.35,25.52,2.20
6757028333188276864,285.2418,-32.1481,-2.5030,-1.4405,-1.71,0.35,27.84,2.27
6757094716187396864,286.7702,-32.5656,-2.6994,-1.3172,-1.51,0.30,28.13,2.36
6757134715231009664,287.5158,-32.1247,-2.6648,-1.2280,-1.50,0.35,26.65,2.28
6818787149686133632,331.4607,-23.3191,-2.3242,-3.1496,-1.40,0.31,22.79,2.26
6758058266335010048,288.9082,-31.0861,-2.8313,-1.8786,-1.81,0.35,28.24,2.44
6758154684059265408,289.5098,-30.7309,-2.4358,-1.6699,-2.05,0.35,28.36,2.44
6758180518280313344,289.6381,-30.5921,-2.8354,-1.5685,-1.32,0.39,27.01,2.20
6758312597115636992,290.7376,-30.5931,-2.7970,-1.5629,-1.53,0.33,26.85,2.24
6758331636710943232,291.3679,-30.3498,-2.7228,-1.4391,-1.38,0.36,26.55,2.17
6758557891287601280,290.7855,-29.9296,-2.9250,-1.4069,-1.27,0.37,26.32,2.10
6758825351795362944,288.8809,-30.6405,-2.7768,-1.6156,-1.56,0.35,30.82,2.76
6758847410747594112,288.6441,-30.3770,-2.4716,-1.5822,-1.67,0.33,27.26,2.35
6758852457322970496,287.8803,-30.8988,-2.6107,-1.5443,-1.62,0.35,27.07,2.22
6758870667992462080,287.6133,-30.7104,-2.7870,-1.4627,-1.46,0.34,28.79,2.52
6758873519843578624,287.7897,-30.5650,-2.6352,-1.2524,-1.36,0.37,26.76,2.20
6758879945126082688,287.8450,-30.5042,-2.6114,-1.7244,-1.93,0.36,28.22,2.37
6758905577480384256,288.0329,-30.3507,-2.3315,-1.3712,-1.57,0.34,27.59,2.65
6758913858177776896,288.1785,-30.2058,-2.2898,-1.4843,-1.74,0.36,29.16,2.45
6758939421824667648,288.8888,-30.3157,-2.4503,-1.6364,-1.53,0.36,28.02,2.50
6758970173786723456,289.4936,-29.8922,-2.7776,-1.8744,-1.29,0.39,28.26,2.32
6758999070327735552,288.7908,-30.0269,-2.8708,-1.5377,-1.52,0.35,27.99,2.23
6759015459923343360,288.6539,-29.9280,-2.8103,-1.2677,-1.55,0.35,28.18,2.25
6759084767820952576,287.3959,-30.2126,-2.2284,-1.5735,-1.48,0.36,28.31,2.32
6759087787171284352,287.7163,-30.1975,-2.7930,-1.3140,-1.66,0.37,28.61,2.63
43855773621014912,57.5208,17.6447,-0.0197,-1.2091,-1.56,0.32,44.80,4.41
6760686030403040896,286.0186,-30.1353,-2.7021,-1.3885,-1.70,0.38,26.75,2.31
6760723242006628480,286.3547,-29.6705,-2.8281,-1.6532,-1.61,0.34,26.74,2.16
6760731110381803520,285.9773,-29.7524,-2.7209,-1.3753,-1.65,0.38,26.44,2.29
6760740421876251904,286.1623,-29.5377,-2.6562,-1.2353,-1.69,0.32,26.66,2.35
6760899717924859008,285.7358,-29.6641,-2.5396,-1.2255,-1.36,0.38,27.99,2.33
6760995890835619200,285.4593,-29.1668,-2.6025,-1.4870,-1.47,0.35,26.06,2.21
686784688178966912,134.8772,24.2760,-2.4477,-2.6876,-1.62,0.35,16.35,1.28
696574220020436480,146.0223,30.1487,-1.7256,-2.0066,-1.26,0.35,22.19,1.84
4047190048605112320,280.5510,-30.5392,-2.6309,-1.5045,-2.18,0.35,30.05,2.64
2520220941674560768,33.7587,6.5321,-0.7238,-2.3954,-1.78,0.40,27.27,2.34
2522297133161297152,11.9529,-7.8119,-1.2562,-3.2062,-1.61,0.33,19.58,1.52
4420104191826715264,226.6036,1.3531,-1.3071,-0.6074,-2.10,0.41,31.01,2.75
6742550067137401728,290.7340,-36.3011,-2.7937,-1.2711,-1.22,0.36,25.88,2.98
6743044778653488640,288.3732,-36.6019,-2.9819,-1.2905,-2.10,0.35,25.47,2.20
6743615047228530816,290.1540,-35.1835,-2.1559,-1.4694,-1.62,0.34,28.51,2.52
6032768753985069312,254.0757,-28.6209,-1.9202,-0.9578,-2.09,0.34,40.00,3.36
2351459620642345984,18.1031,-23.1367,-0.8293,-3.4212,-1.67,0.35,20.99,1.70
3306906186905405056,66.0466,11.9089,0.6373,-1.2159,-2.30,0.46,49.34,5.58
6781538375798306560,313.8391,-32.6105,-2.4560,-2.1648,-1.54,0.33,24.94,2.32
6786464084810426240,322.9791,-29.1544,-2.0477,-2.6190,-1.46,0.35,25.96,1.94
6788436746111986560,315.2810,-29.7576,-2.6670,-2.7128,-1.91,0.33,24.04,1.90
6698240985488998784,300.4733,-35.2282,-2.2985,-1.3439,-1.71,0.34,30.46,2.43
6698320223343606528,299.0160,-35.6040,-2.6806,-1.6167,-1.41,0.34,26.16,2.44
6698338773304527104,298.5012,-35.7451,-2.6105,-1.9229,-1.29,0.34,24.76,2.09
6698440684288345472,299.7618,-35.1904,-2.4876,-1.6918,-0.90,0.33,28.17,2.61
6698564241907206016,300.7313,-35.3226,-2.6011,-1.6829,-1.41,0.35,26.98,2.30
6698696458180460288,301.7616,-34.5674,-2.6074,-1.7878,-1.55,0.37,26.72,2.24
6698705048115011584,301.3983,-34.6121,-2.3956,-1.4930,-1.44,0.39,28.97,2.42
6796938925931591680,307.8741,-29.5952,-2.4269,-2.4263,-1.17,0.36,25.95,1.96
3641561006293992832,215.9353,-5.6954,-1.3536,-0.6969,-1.58,0.35,51.59,5.52
3642779574414926080,214.8754,-4.4008,-0.9983,-0.3418,-1.69,0.37,49.79,5.62
3644510613738828672,212.3018,-3.9689,-1.2007,-0.5218,-1.49,0.35,45.56,5.10
3646783957108251392,215.3006,-1.3431,-0.9995,-0.4483,-1.78,0.38,50.10,5.10
3650703819140908928,222.1734,-0.3323,-1.0199,-0.4155,-1.74,0.36,45.29,5.31
4335001098482938112,255.2004,-11.2862,-1.3471,-1.5179,-1.37,0.36,23.00,1.96
4432930892614986880,246.9565,2.7612,-1.0340,-0.6782,-2.43,0.36,18.27,1.45
6603457826134480512,341.9039,-33.5375,-2.6102,-3.1440,-1.47,0.36,20.21,1.74
6604083383826543232,343.4071,-31.7345,-1.8652,-2.6850,-1.77,0.37,23.55,2.03
6607396865196174336,341.8798,-30.7947,-2.3454,-2.9437,-1.79,0.34,22.43,1.81
6616793665229261056,330.4195,-29.6593,-2.3551,-2.7134,-1.52,0.33,24.54,1.98
16217006235782016,50.4847,11.2594,0.5150,-2.0377,-1.29,0.52,26.83,2.89
758588393813910528,168.1492,33.8133,-1.8154,-1.2353,-2.16,0.34,29.44,2.36
2549399987411023488,10.3568,1.1498,-0.8996,-3.0925,-1.65,0.34,22.67,1.74
2558328159267204608,21.8099,0.7343,-0.5381,-2.4709,-1.63,0.36,23.97,1.86
4402283139863715968,236.3023,-4.4751,-1.8141,-0.6293,-2.17,0.34,30.92,2.41
4404895613851780480,240.5334,-3.5730,-1.0683,-1.2415,-1.44,0.33,32.04,2.73
706418461158203776,131.0320,30.7465,-1.9736,-2.9317,-1.79,0.34,16.94,1.38
4071908448671332352,282.2108,-27.9484,-2.6604,-1.5170,-1.46,0.35,26.53,2.14
4071955968197005568,282.6638,-27.3951,-2.6962,-1.2939,-1.67,0.38,25.06,2.13
4071969437211899264,283.6847,-27.6320,-2.9550,-1.2761,-1.40,0.33,25.36,2.37
4071982768771244160,283.2056,-27.5342,-2.4662,-0.9790,-1.63,0.32,28.20,2.45
4072052995789221376,282.8974,-27.1978,-2.4011,-0.9683,-1.48,0.36,28.22,2.65
4072073478504820352,283.4752,-27.0391,-2.3476,-1.6753,-1.37,0.38,27.17,2.52
2391359759447156224,356.6302,-17.6820,-1.4988,-2.7967,-1.59,0.36,23.90,1.97
2398034894539215872,343.3125,-20.5723,-2.0146,-2.9939,-1.82,0.36,23.07,1.97
4337115528062756864,251.0160,-11.1537,-1.2005,-0.9727,-1.46,0.32,33.05,2.93
6776127404200061056,318.2495,-36.5310,-2.3042,-2.2486,-1.61,0.37,25.90,1.98
6777337721688181504,316.2529,-34.6849,-2.2837,-2.2484,-1.73,0.33,26.52,2.28
6777847654564426368,317.5134,-33.8058,-2.3213,-2.2598,-1.51,0.34,25.33,1.91
6778879168270897152,313.2072,-35.3159,-2.8514,-2.7429,-2.01,0.37,24.47,2.07
5969345109343047424,249.2341,-39.9011,-1.5163,-0.2185,-1.53,0.37,17.14,1.49
1515842495907482880,193.1556,34.4200,-1.1776,-0.6842,-2.48,0.37,55.45,5.17
1226704820800037504,214.1163,12.4212,-0.7610,-0.2807,-2.03,0.36,52.18,4.92
1230836437604328704,210.0370,14.5734,-0.9888,-0.7929,-2.08,0.36,59.90,5.98
4161465594924000000,264.4287,-13.3062,-2.2362,-1.1380,-1.23,0.34,16.70,1.37
4436133151516147840,244.5098,3.0820,-1.1452,-1.2944,-1.46,0.34,24.27,1.87
3616970939838898176,206.9097,-10.3727,-1.2710,-0.3298,-1.80,0.34,49.41,5.12
3619732672529664128,209.1939,-6.3154,-1.1928,-0.1989,-1.83,0.34,48.52,4.93
6731412705838939776,286.0042,-35.8209,-2.2394,-1.3426,-1.76,0.40,28.82,2.65
4333290430193265024,255.1161,-11.7958,-1.3288,-1.1938,-1.37,0.34,27.14,2.41
4334142036306003584,251.5181,-11.0288,-1.4317,-1.3108,-1.92,0.36,15.63,1.33
6589325562664765568,323.4014,-35.8722,-3.1276,-3.0643,-1.20,0.36,20.55,1.57
6589870718569609344,324.9765,-34.6216,-2.7472,-3.0516,-1.63,0.33,22.06,1.72
6596925631849022592,339.5844,-35.1120,-2.3917,-3.0393,-1.46,0.33,21.48,1.83
6599334386947743104,333.5809,-35.2664,-3.0209,-3.0961,-1.69,0.33,19.04,1.52
6600314665987852800,336.7814,-34.6718,-1.9939,-2.6844,-1.45,0.35,24.77,1.89
6600482959986634240,337.8364,-33.8296,-2.6309,-3.3998,-1.40,0.36,19.94,1.58
6338034997634613632,220.3605,-4.7139,-0.7883,-0.2631,-1.59,0.44,51.42,5.18
3696211712060908416,189.6241,0.3338,-1.2645,-0.3537,-1.46,0.36,42.11,3.58
3704323771411669504,194.0826,3.2259,-0.7578,-0.5300,-1.97,0.33,38.77,3.30
3704335178844806272,193.8568,3.2190,-1.5245,-0.4153,-1.59,0.32,35.94,3.10
3705768362187755776,192.8905,5.0109,-1.2641,-0.6391,-2.17,0.37,41.74,3.46
3705770763073776768,192.9617,5.0834,-1.0847,-0.4347,-1.56,0.36,50.42,4.28
3706243175116393088,193.7638,6.0368,-1.2304,-0.9000,-1.59,0.35,45.74,3.91
3706316125137275904,193.4987,6.4379,-1.4494,-0.4139,-2.48,0.38,41.58,3.24
3707104573757445248,189.5001,4.1700,-1.5823,-0.7032,-1.81,0.33,48.22,4.66
3707788469989804544,187.8236,4.8408,-0.9909,-0.6045,-1.68,0.33,48.15,4.48
3709307930635578240,192.7575,6.4867,-1.1043,-0.4314,-1.69,0.35,39.86,3.40
3709784117953537792,192.3417,7.7522,-1.5890,-0.6844,-1.59,0.35,35.64,2.96
3711178612230752000,202.8014,0.9751,-0.4159,-0.4926,-1.89,0.36,70.64,6.77
3714630146734084480,203.0978,4.3159,-1.6751,-0.5909,-1.82,0.34,41.93,3.53
3716301060810355200,201.5548,5.0269,-1.3147,-0.5070,-1.50,0.36,39.08,3.22
3716824222186908544,198.7993,4.9139,-1.2147,-0.3705,-1.69,0.36,46.42,4.16
170759172315972736,63.1302,34.1154,0.8545,-1.4604,-2.11,0.35,33.58,2.79
2488284286415900800,37.0482,-6.6507,-0.3480,-2.8670,-1.40,0.35,22.85,1.81
2492477651965485312,30.3838,-3.8032,-0.6955,-3.1983,-1.56,0.33,21.73,2.05
2495173036001506688,40.5961,-3.7272,-0.2079,-2.0639,-1.66,0.34,27.35,2.15
2502598351557251968,40.1561,1.9933,-0.3596,-2.6777,-2.26,0.37,25.14,2.12
3932026650929185920,187.2605,13.4194,-1.7487,-0.8244,-2.30,0.35,32.07,2.88
3933407023353885824,188.0180,14.9463,-0.9630,-0.9825,-1.64,0.34,33.53,2.89
3935419610669200768,189.3489,17.2765,-1.8570,-0.6401,-2.16,0.37,26.91,2.23
3939199143234647040,201.4651,19.5469,-1.5781,-0.5099,-1.52,0.34,51.02,4.52
3943743600886563712,198.9093,22.5740,-1.5995,-0.2540,-1.90,0.34,17.61,1.40
3946072710111804928,185.9120,16.7741,-1.8732,-1.0299,-1.61,0.33,32.98,2.68
3947619241935100800,188.9128,18.0575,-1.7573,-1.0496,-2.09,0.34,34.97,3.10
3948323165600284288,188.8361,19.2896,-1.9092,-0.5136,-1.62,0.35,30.43,2.51
3950583589707745536,183.4534,19.4841,-1.4176,-0.7051,-1.70,0.36,36.91,3.35
3951470242756330240,182.5665,20.3307,-1.3494,-0.5774,-1.62,0.35,35.35,2.85
3952093734568828160,186.8182,20.6260,-1.4307,-0.6715,-1.59,0.34,36.64,2.97
4126501606168768768,251.3051,-22.7437,-1.7717,-0.6230,-1.11,0.35,32.46,2.67
5154121494351775872,44.3132,-15.8262,-0.3530,-3.0345,-1.68,0.34,21.68,1.86
5158389038281276288,41.8328,-13.9243,-0.2913,-2.8995,-1.62,0.33,24.40,2.09
5162581544837495424,48.9850,-12.0412,-0.1201,-2.7954,-1.79,0.36,23.07,1.82
3902566130216193280,189.3759,8.3938,-1.3997,-0.7034,-1.19,0.35,39.87,3.29
3905675961416678272,184.5680,10.4587,-0.8484,-0.6215,-1.69,0.33,39.05,3.78
3909964228563729664,176.5539,7.6628,-1.1596,-0.7159,-1.95,0.37,39.89,4.38
3918142086813069056,180.1307,9.8547,-1.6424,-0.9285,-1.80,0.35,34.50,2.89
3918717509352025344,181.1535,11.1016,-1.7051,-1.0231,-2.19,0.36,30.65,2.56
3919971193125412352,180.8364,12.8454,-1.2057,-0.8674,-1.62,0.34,34.64,3.02
3920699757018199936,182.1467,13.2145,-1.2980,-0.8712,-2.23,0.36,38.53,3.35
3921984261477493760,181.9462,15.2316,-1.1339,-0.7180,-1.46,0.34,53.14,5.06
3924991975535269760,179.6162,15.3414,-1.1611,-0.9911,-1.57,0.38,40.69,3.38
3926665161650373504,179.4648,17.5032,-1.8859,-1.0591,-1.70,0.36,29.09,2.23
3927894823671461632,193.8998,12.1187,-1.3954,-0.5555,-1.35,0.34,40.81,3.45
3927936467673882112,192.7063,12.0430,-1.6549,-0.4612,-1.53,0.34,39.12,3.14
3928849650736473344,191.1508,12.3868,-1.4319,-0.9960,-2.27,0.34,35.00,3.04
3928939256638516352,191.1065,12.7995,-1.3807,-0.8050,-1.83,0.33,44.28,4.71
4130909513913173504,251.5142,-18.6413,-2.0760,-0.7739,-1.41,0.36,40.72,3.77
4048730709245661568,278.5027,-27.4636,-2.5137,-1.0844,-1.22,0.43,21.85,1.82
6735731514497835520,283.0323,-33.8315,-2.3785,-1.0298,-1.52,0.34,29.04,2.45
6735896582993085184,283.5129,-32.7543,-2.8046,-1.3860,-1.64,0.35,27.20,2.51
6268750475001536640,235.3950,-11.0970,-1.1020,-0.8623,-1.59,0.34,49.68,4.63
6762455419492459392,285.9535,-29.0466,-2.3457,-1.3082,-1.20,0.35,27.31,2.34
6762482426248914048,286.6843,-28.6486,-2.3073,-1.2794,-1.62,0.33,27.80,2.32
6762510468097897600,285.8568,-28.7848,-2.8353,-1.4609,-1.57,0.33,23.43,2.52
6762511082269269760,285.7221,-28.8758,-2.3012,-1.3280,-1.41,0.38,28.92,2.45
6762731568707982720,288.4304,-28.3161,-2.7972,-1.7445,-1.71,0.36,25.96,2.12
6762815028511814784,287.9182,-27.8805,-2.8274,-1.8059,-1.47,0.34,27.84,2.38
2417901042428950656,2.7323,-14.0494,-1.4270,-3.7158,-1.48,0.34,20.30,1.54
2421532286954723328,0.8291,-12.4781,-1.5880,-3.2156,-1.65,0.32,21.91,1.70
2427637119109550720,3.7348,-10.8181,-0.9936,-2.9486,-1.54,0.37,26.36,2.18
2431573405096140544,6.8340,-5.9220,-1.5433,-3.6663,-1.72,0.35,18.56,1.62
4380311800866819712,255.9357,-0.1029,-1.1478,-0.5069,-1.22,0.34,22.16,1.68
4381209517750815744,254.3800,0.0851,-1.1317,-1.1035,-1.12,0.37,28.24,2.20
6329286939526899968,216.8507,-9.1211,-1.4715,-0.5490,-1.55,0.40,58.37,6.02
3628603605357940992,197.6414,-7.0035,-1.4750,-0.9733,-1.37,0.35,31.62,2.53
3632326208131991296,205.8734,-6.1036,-1.3528,-0.4068,-1.64,0.36,40.57,3.51
3633871223831931520,205.4662,-4.3478,-1.5832,-0.3216,-1.90,0.34,49.83,4.72
3634339993742352512,204.9248,-3.1043,-1.0714,-0.3393,-2.04,0.38,61.49,5.42
3638528755087428992,203.6188,-1.2775,-0.7006,-0.9455,-1.70,0.33,45.34,3.90
4353639267979752192,251.4329,-4.5885,-1.2098,-1.2535,-2.06,0.32,15.47,1.29
48637824568169344,63.8672,19.5184,0.2093,-1.6222,-2.05,0.35,28.36,2.56
6315704947267341056,229.1423,-11.3074,-1.4932,-0.5787,-1.89,0.39,49.09,5.58
6316014597229156992,231.2107,-10.3116,-1.2957,-0.6421,-2.02,0.38,50.88,4.84
6278305368486382208,218.5436,-23.7715,-0.4605,-0.4570,-2.13,0.36,59.15,7.42
6280545181047025792,223.0047,-20.2870,-1.0606,-1.2390,-2.16,0.34,16.56,1.52
4130608797491578240,252.0796,-19.2305,-2.0583,-0.3834,-1.58,0.37,32.31,2.59
4416845930852699136,234.6633,0.5921,-0.9805,-0.5416,-1.47,0.34,55.06,5.04
6042093986959568000,241.2535,-27.9681,-1.3585,-0.7246,-1.33,0.34,37.37,3.11
6763287131335188224,285.3501,-28.4228,-2.7736,-1.5135,-1.53,0.33,26.41,2.20
6763368976216419840,284.9243,-28.0938,-2.5302,-1.3337,-1.63,0.33,26.55,2.52
6763660552956519424,284.3534,-27.1708,-2.5924,-1.2585,-1.54,0.33,26.86,2.39
3255142622578285696,63.8522,-0.1886,0.3403,-1.4258,-1.62,0.34,37.05,3.21
3267899500081492096,50.7465,2.0181,-0.1417,-2.0630,-1.72,0.35,30.37,2.64
4366124840989474688,255.7252,-3.1879,-1.4878,-0.8401,-1.50,0.36,22.77,1.83
4071551210457089280,280.7051,-28.9381,-2.8497,-1.2931,-1.74,0.34,28.45,2.48
4051551849861074560,277.0631,-28.5157,-2.7921,-1.1917,-1.88,0.34,28.83,3.81
6303623204263585664,215.7008,-11.5881,-0.9519,-1.2715,-2.14,0.36,40.69,3.73
4168483257916047488,263.7025,-8.0682,-2.1130,-0.4742,-1.57,0.33,19.99,1.71
6761281931350159104,283.3546,-29.7951,-2.3748,-1.2794,-1.68,0.37,27.49,2.45
6761286844791790848,283.6636,-29.6781,-2.7945,-1.4803,-1.34,0.35,25.97,2.39
6761365498556748672,282.2220,-30.0507,-2.6785,-1.5557,-1.65,0.32,26.01,2.29
225374148251546368,62.7946,37.0717,0.6210,-0.8618,-2.05,0.34,33.60,2.89
6235660951742296704,239.0205,-25.7966,-1.2413,-0.9488,-1.48,0.34,42.11,3.65
6236063540495798528,241.1090,-24.3134,-1.3340,-1.2612,-1.44,0.32,29.45,2.43
6236728951189628160,236.7680,-24.4821,-1.3163,-0.8869,-2.04,0.35,31.54,2.98
6846844861066080512,303.0238,-27.2075,-2.6928,-2.3928,-1.77,0.33,24.46,2.01
6755742596060136832,286.5202,-34.1981,-2.2929,-1.2382,-2.29,0.37,27.87,2.40
6755923500091329536,286.5011,-33.3510,-2.7541,-1.1181,-1.44,0.36,25.20,2.42
6756327394511837568,287.4873,-32.7274,-2.3845,-1.7212,-1.61,0.33,25.85,2.20
6756371546778161664,287.3333,-32.4952,-2.5495,-1.4521,-1.60,0.34,28.98,2.27
2365646859693684736,1.1795,-19.7130,-1.2891,-2.9280,-1.53,0.33,23.62,2.07
2366458402354124160,1.7058,-18.1219,-1.4208,-3.1990,-1.66,0.33,22.42,1.75
2372191732722090240,15.6120,-13.7410,-0.7944,-2.5991,-1.49,0.33,25.58,2.14
2372382089968808192,12.6001,-14.9214,-1.1921,-2.8013,-1.37,0.34,23.37,1.83
4048368557564695552,279.2901,-28.6866,-2.6275,-1.4125,-1.54,0.32,29.52,2.49
4048383190500792448,279.4331,-28.4037,-3.0798,-1.6424,-1.24,0.40,24.99,2.25
6050366678086815488,244.3275,-23.2532,-1.7216,-0.9986,-1.59,0.35,39.18,3.21
3278449829546028928,55.4775,8.5250,0.2087,-2.1023,-1.79,0.32,31.57,2.83
3285503299717198592,67.3874,5.7319,0.2104,-1.4174,-1.66,0.33,40.39,3.79
3676090305674861312,189.9145,-8.0108,-0.9437,-0.8931,-1.70,0.35,40.71,3.48
3678089664491490304,194.9721,-4.8037,-1.1605,-0.5912,-1.60,0.35,45.53,4.21
3681516640371922048,187.3862,-3.3145,-1.1937,-0.9255,-1.34,0.35,25.68,2.06
3691286209205654656,197.9542,1.4815,-0.5153,-0.4699,-2.27,0.34,50.32,4.68
3691501266808772736,198.6611,2.4698,-1.2857,-0.7400,-1.60,0.33,49.98,4.62
3692113316827657600,194.6824,1.9526,-0.6696,-0.6929,-1.75,0.34,49.96,4.79
3692583254969421056,197.8147,3.5285,-1.1249,-1.1861,-2.11,0.34,36.35,2.99
647964604797832064,146.4283,27.5037,-1.8695,-2.0859,-1.66,0.35,18.97,1.62
3742124504434057344,206.2917,15.6941,-1.2956,-0.5854,-2.17,0.34,42.63,3.71
3743331248509068928,201.8692,14.9973,-0.9316,-0.4326,-2.17,0.34,51.86,4.36
3743453156860957824,200.6609,14.7877,-0.7209,-0.6976,-2.10,0.36,61.94,5.79
3744589124171212032,198.8959,16.0861,-1.5959,-0.9068,-1.72,0.34,36.64,3.11
3746273202323454848,200.5862,17.3716,-1.0117,-0.7633,-2.04,0.36,48.27,4.22
6249068701469123072,241.5582,-18.2782,-1.2072,-1.3100,-1.88,0.36,41.97,3.47
6249107390533968640,241.0725,-18.2647,-1.3673,-0.4618,-1.68,0.34,41.14,3.43
6249403300898875392,242.7242,-17.5008,-1.6915,-0.4652,-2.12,0.39,41.36,3.97
6249596162110132608,242.6248,-17.3611,-1.8095,-0.6437,-1.41,0.36,42.41,3.76
6250077743905952640,241.4754,-16.8066,-1.1030,-0.9262,-1.68,0.35,40.99,4.41
6250991025750550400,241.9412,-14.6291,-1.6880,-0.8573,-2.21,0.34,36.04,3.23
4133723056795533312,251.8768,-15.9335,-1.8680,-0.7480,-2.04,0.37,41.76,3.82
4073603414568888960,283.7800,-26.5229,-2.5690,-1.5466,-1.63,0.34,22.86,1.93
6023843502683625088,248.0934,-33.6520,-1.4953,-0.4280,-1.75,0.39,16.39,1.42
4134441037902583680,258.6863,-18.3975,-2.2274,-0.6154,-1.59,0.36,31.57,2.56
6751076264415556096,296.2712,-31.6182,-3.2024,-1.8732,-1.08,0.35,23.27,1.92
6751158899585595648,296.1290,-30.9705,-2.4288,-1.4841,-1.74,0.35,28.99,2.34
6751197829169084672,294.5896,-31.7366,-2.7099,-2.0878,-1.60,0.34,24.00,2.03
6751335371203026432,295.4631,-30.9257,-2.5738,-1.6207,-1.52,0.58,27.71,2.70
6751593309759761792,296.7857,-30.2009,-2.5531,-1.7894,-1.18,0.38,29.15,2.34
6751708934577506176,297.5100,-29.8217,-2.7175,-2.0648,-1.61,0.33,26.15,2.25
6752107881202770560,293.7062,-30.6317,-2.7753,-1.3134,-1.48,0.34,29.07,2.59
6752224944829764096,294.9742,-29.9115,-2.5382,-1.5747,-1.80,0.37,28.48,2.91
6747519005000323456,296.7464,-34.1341,-2.3695,-1.4235,-1.58,0.37,29.35,2.49
6747585967832576000,296.9949,-33.2848,-2.5207,-1.1967,-1.45,0.33,27.41,2.28
6747857512843768320,296.1806,-32.7908,-2.9087,-1.4427,-0.77,0.36,25.35,2.16
6747890566913805568,295.6442,-32.7893,-2.9145,-1.8905,-1.38,0.35,26.90,2.25
6747957813219431296,296.8878,-32.3024,-2.3500,-1.6643,-1.50,0.36,28.73,2.46
6748165036800767488,297.8459,-32.1245,-2.5413,-1.6771,-1.72,0.37,25.37,2.04
6748325462419738368,298.4517,-31.1741,-2.9272,-1.5854,-2.18,0.34,26.56,2.16
6748501517421608320,297.4221,-30.8035,-2.3519,-1.6668,-1.51,0.35,29.55,2.31
6748592815544497408,297.5648,-30.7555,-2.4258,-1.7135,-1.35,0.34,31.34,2.70
6749439366480221184,302.5441,-29.9936,-3.1014,-2.1703,-1.81,0.34,24.25,2.03
6749860518090841600,299.0900,-30.7291,-2.2952,-1.8251,-1.71,0.38,29.33,2.47
6749982215985569024,299.8251,-30.2738,-2.8867,-1.6407,-1.60,0.40,26.05,2.13
6750425972008397440,300.4000,-29.3155,-2.7962,-2.0459,-2.18,0.33,24.95,2.26
6750594300367009664,301.7074,-28.2660,-2.7947,-1.7725,-1.74,0.34,28.19,2.35
6739850972249879296,295.7716,-37.3652,-2.9807,-1.5464,-1.48,0.35,23.90,2.07
6739938623942274688,294.5204,-37.5627,-2.5805,-1.7140,-2.09,0.35,27.52,2.20
6740741026914341376,296.7893,-34.6408,-3.0773,-1.7171,-1.74,0.33,22.74,1.94
6740946846040445824,294.9052,-35.7482,-3.1017,-1.7890,-1.64,0.33,27.32,2.49
6741475122722789632,296.0243,-34.6102,-2.6125,-1.6145,-1.76,0.34,30.31,2.40
6741515598495477504,296.5243,-34.2171,-2.6961,-1.5851,-1.37,0.34,26.07,2.10
6741586482636577536,296.0706,-33.8744,-2.4663,-1.9643,-1.54,0.34,27.43,2.14
6741693105198082816,294.4616,-34.1805,-2.8473,-1.6424,-1.16,0.36,26.52,2.26
6741885240562232704,295.2803,-32.9545,-2.2763,-2.0119,-1.69,0.37,26.73,2.48
4327573622560127744,251.3056,-13.4747,-1.3870,-1.4471,-1.38,0.34,22.11,1.73
6264747359324501120,233.9424,-15.5786,-1.1713,-0.3157,-1.59,0.34,48.61,4.65
6264781444183274112,234.1520,-15.3048,-1.0034,-0.2927,-1.99,0.37,45.66,4.23
6266918345032104704,236.7408,-13.6525,-1.3364,-0.7611,-1.90,0.35,46.93,4.60
6267102100915717120,235.9317,-13.2014,-0.9229,-0.8131,-1.47,0.34,49.79,5.17
6554665966859746176,346.2824,-34.0588,-2.0998,-2.7432,-1.52,0.36,22.21,1.72
6700806283555160448,303.9791,-32.3984,-2.6627,-1.9486,-1.62,0.34,24.58,2.22
6760157032188075392,284.7231,-31.1644,-2.2682,-1.2003,-1.57,0.33,27.21,2.25
6760183313076628096,284.8268,-30.7546,-2.6131,-1.4662,-1.67,0.33,26.77,2.44
6760189738341446144,283.2887,-31.9283,-2.9924,-1.4114,-1.67,0.39,27.21,2.10
6760209563914233088,283.2209,-31.6480,-2.5267,-1.6286,-1.53,0.35,28.85,2.49
6760248394715642496,283.8018,-31.2720,-2.4007,-1.1672,-1.49,0.36,28.75,2.44
6760265402791205376,283.1667,-31.4511,-2.9239,-1.4828,-1.84,0.33,26.69,2.24
6760282406560275968,282.9756,-31.3211,-2.7479,-1.4945,-1.52,0.37,26.09,2.17
6760468468832702848,285.5335,-31.2722,-2.9155,-1.6484,-1.67,0.33,26.15,2.15
6760490454772398208,285.2670,-31.0119,-3.0623,-1.4213,-1.59,0.36,26.49,2.12
6797462529686901376,304.3111,-29.7866,-2.2605,-2.1371,-1.40,0.34,24.74,2.24
6797529668616638336,305.5712,-29.3071,-2.3062,-2.1454,-1.74,0.33,29.76,2.42
6801955172857254400,312.8989,-27.0631,-3.1360,-2.9341,-1.37,0.34,20.98,1.69
6802035364187136384,314.0986,-26.5414,-2.7720,-2.7379,-1.91,0.33,22.06,1.82
6803363784687967488,319.1427,-25.0417,-2.8992,-2.8260,-1.35,0.35,21.61,1.69
6865327930706374784,299.0562,-21.0518,-2.4025,-1.8255,-1.73,0.35,28.10,2.33
166470286694395648,64.2252,31.7850,0.5943,-1.5089,-2.15,0.33,31.74,2.73
618859574233529728,144.4921,15.4964,-1.6668,-1.7637,-1.34,0.36,21.84,1.79
6753589030740466560,297.8940,-28.3512,-2.7036,-1.6277,-1.53,0.35,27.69,2.10
6755465789714492928,287.1123,-34.8125,-2.9724,-1.3912,-1.59,0.35,27.30,2.43
4396794923274364672,235.6469,-7.4397,-0.9673,-0.4465,-1.54,0.36,61.40,6.59
4047348824952553856,279.0105,-30.3873,-2.7286,-1.3783,-1.16,0.38,26.95,2.32
6757319497602572416,287.1362,-31.4302,-2.9342,-1.6494,-1.62,0.35,27.22,2.21
6757325063880770304,286.9771,-31.2885,-2.5004,-1.3592,-2.13,0.35,29.11,2.42
6757407527252053632,286.5895,-31.6027,-2.7668,-1.7399,-1.70,0.34,30.90,2.62
6757452023111969152,286.0987,-31.3871,-2.4689,-1.4238,-1.81,0.32,27.74,2.45
6757468794971654272,285.8956,-31.2851,-2.7278,-1.1222,-1.66,0.36,28.29,2.38
6757509300791684736,286.2313,-30.7508,-2.6916,-1.6469,-1.73,0.35,26.05,2.15
6757561390158954240,287.3970,-30.6445,-2.8921,-1.4508,-1.59,0.39,25.56,2.12
6757562936347643776,287.4144,-30.5576,-2.4799,-1.5567,-1.07,0.38,26.99,2.29
6757646499227011968,286.9781,-30.1266,-2.6983,-1.3228,-1.24,0.37,26.88,2.35
6757748582010257664,289.3929,-32.0258,-2.6923,-1.6610,-1.88,0.35,25.22,2.10
6757757240664328832,289.7008,-32.0229,-2.7238,-1.5361,-1.70,0.38,29.16,2.47
6757762673803936768,289.5293,-31.9047,-2.8270,-1.2489,-1.54,0.34,26.66,2.18
6757880729567206144,289.9266,-31.4602,-2.3504,-1.4028,-1.51,0.34,29.23,2.39
6757891247944304256,290.1155,-31.2505,-2.7139,-1.6515,-1.53,0.37,26.23,2.09
6757982782282019456,289.4371,-31.3716,-2.3375,-1.5520,-1.19,0.37,28.23,2.68
2456957344715228672,22.7762,-13.0592,-1.0043,-3.1996,-1.73,0.32,22.69,1.88
2462786268170638848,29.3892,-9.3027,-0.6039,-2.5932,-1.47,0.34,23.86,1.90
2468774071056503168,18.6659,-11.9273,-0.9334,-2.5524,-1.36,0.35,25.64,1.97
2470138942943815552,17.1301,-10.2434,-0.7700,-2.7442,-1.61,0.33,23.45,1.82
2473870586625364480,13.1074,-9.3309,-1.0097,-3.0466,-1.31,0.35,21.47,1.65
6042874915091907584,241.3256,-27.4450,-0.9947,-0.4641,-1.56,0.36,31.46,2.47
6694868371009993600,307.1018,-36.7850,-2.7639,-1.8847,-1.35,0.37,23.33,1.85
6704278644358347264,280.7823,-48.7536,-1.9727,-0.8718,-1.98,0.35,20.06,1.81
6680994565786496640,307.0838,-39.5482,-2.7111,-2.2492,-1.83,0.35,26.07,2.21
6683164550768587520,308.3386,-36.9009,-2.5281,-1.6800,-1.64,0.34,25.08,2.03
6307103708321518208,223.6560,-15.6964,-0.8545,-1.2020,-1.91,0.38,40.14,3.59
6309213464975928064,227.9267,-13.2809,-0.7565,-0.5998,-2.24,0.61,53.00,5.63
6311725093131495936,221.8947,-12.8877,-1.3178,-0.7292,-2.11,0.37,57.38,7.35
6805399285654060032,312.6775,-25.4545,-2.5608,-2.3593,-1.42,0.34,24.42,2.06
6761557530807376768,282.6779,-29.2466,-2.4754,-1.3431,-1.48,0.36,25.32,2.30
6761565025548366208,282.6400,-29.0312,-2.3808,-1.2920,-1.62,0.35,27.40,2.55
2598747821612215680,335.4357,-15.8671,-2.1133,-3.0607,-1.81,0.33,22.38,1.90
145908457181081856,67.1931,22.9392,-0.2324,-1.2339,-1.80,0.33,36.09,3.53
3717165757986027520,199.7169,4.9907,-1.1938,-0.2074,-2.13,0.34,53.90,5.49
3717243690168643968,199.3674,5.3918,-1.8714,-0.7538,-1.61,0.34,48.20,4.49
3719102070977692800,201.8154,7.4386,-0.7958,-0.6312,-1.61,0.34,46.54,3.99
3720251743527898496,208.6717,6.4226,-1.0483,-0.9105,-1.51,0.34,50.03,4.17
3720624168732401536,209.3588,6.7205,-0.8826,-0.1362,-2.29,0.35,63.86,6.39
3720803359063232512,210.1861,7.4974,-1.0538,-0.5487,-2.24,0.33,50.60,4.46
3721561605473871872,207.0142,7.6147,-1.0698,-0.7068,-1.71,0.36,46.00,4.55
3721871186716747648,209.2060,8.5657,-0.8372,-0.8520,-2.23,0.35,39.98,3.32
3722906003252584832,212.5506,9.2891,-0.9986,-0.6839,-1.66,0.34,52.75,4.57
3724035644076002432,211.1676,10.5795,-0.9323,-0.6434,-2.09,0.35,46.23,4.23
3724871650870094976,204.5736,8.5980,-1.6559,-0.6227,-1.57,0.36,40.41,3.34
3725493527774381952,206.7017,10.0358,-1.5587,-0.8563,-1.66,0.36,73.35,8.81
3730184083034174336,195.1983,6.5103,-1.8271,-0.7148,-1.45,0.35,35.92,2.89
3730450641588377984,195.0729,7.2531,-1.0065,-0.6031,-1.52,0.35,39.61,4.18
3730510393173574656,194.8925,7.5732,-0.9864,-1.1727,-1.50,0.35,41.06,3.33
3730845366263214848,197.9279,8.1155,-0.9741,-1.0575,-1.70,0.34,38.66,3.51
3731194942241415680,196.5296,9.1561,-1.3832,-0.6558,-1.63,0.34,36.59,2.95
3733635858056664576,195.0480,8.0271,-0.9340,-0.5012,-1.58,0.33,54.61,5.12
3734013471579749120,194.0234,9.0931,-1.9764,-0.8447,-1.49,0.36,34.10,2.94
3736293068422067840,196.9922,11.8650,-0.8302,-0.6905,-1.59,0.33,42.67,3.89
3736463733241691776,198.7261,11.7824,-1.3544,-0.3284,-1.50,0.35,43.17,3.53
3740743376094575104,205.2064,13.8202,-0.7465,-0.4797,-2.22,0.35,48.85,4.22
3740908165400028160,206.7485,13.9044,-1.0330,-1.0716,-1.64,0.39,52.58,4.86
3741389923291396480,203.6960,13.5859,-1.7739,-0.5414,-1.54,0.36,45.25,3.64
6051141318385532800,247.5449,-22.2373,-1.2881,-1.0612,-1.58,0.37,31.79,2.67
4325942875017932288,250.5102,-15.6906,-1.9484,-0.8135,-2.17,0.34,31.61,2.63
4326094538902867840,249.5986,-15.6852,-1.7055,-0.9013,-1.50,0.32,34.73,3.06
6745487481171709696,291.5994,-32.8913,-2.5307,-1.5089,-2.07,0.41,26.92,2.62
6745787514702606208,290.8253,-31.9945,-2.3557,-1.5763,-1.15,0.34,29.09,2.54
6746060292370661632,292.7662,-31.4510,-2.5872,-1.5460,-1.74,0.33,27.19,2.34
6746068160751298816,292.7842,-31.3099,-2.4275,-1.4049,-1.74,0.33,28.43,2.60
6746192306784714624,291.7462,-31.4351,-2.7873,-1.6840,-1.32,0.36,25.98,2.53
6746667119710130816,298.9125,-33.7715,-3.0976,-1.8622,-1.73,0.37,23.09,2.29
6747020170317865216,299.9257,-33.3345,-2.6884,-1.5648,-1.23,0.37,27.93,2.27
6737167098727889408,280.8780,-31.2561,-2.5225,-1.4362,-1.49,0.33,27.50,2.25
6732844093886115840,283.7181,-33.3072,-2.2520,-1.0964,-0.66,0.34,27.06,2.23
6732869760615368576,283.7531,-33.1326,-2.6529,-1.3232,-1.47,0.35,27.14,2.31
6254882850236975360,231.8676,-18.7655,-1.3958,-1.1141,-1.61,0.38,28.55,2.33
1171380346332653184,219.1356,6.2503,-1.0423,-0.0046,-1.21,0.38,49.93,5.77
1172422172254840064,216.8860,7.1339,-1.0812,-0.8993,-1.77,0.34,46.76,4.49
1173682792400328192,221.9185,8.8006,-0.4838,-0.6801,-2.19,0.34,59.36,6.63
6761906110365762944,283.2596,-28.7532,-3.0488,-1.7072,-2.01,0.34,27.28,2.48
6761913124039419136,283.6561,-28.8373,-3.0689,-1.4213,-1.62,0.33,26.02,2.34
6761916693152534272,283.6840,-28.6978,-2.9557,-1.7422,-1.97,0.36,26.06,2.13
6762055437788679680,284.3247,-28.0839,-2.9560,-1.4260,-1.64,0.36,27.24,2.66
6762270156076093696,287.0987,-29.0488,-2.6474,-1.3394,-1.70,0.34,26.75,2.50
6761420233610957568,282.0426,-29.7698,-2.2865,-1.2966,-0.56,0.69,26.65,2.34
692823579699819392,132.8433,27.5373,-0.0807,-0.5794,-1.63,0.40,69.56,7.82
700101281523846272,136.8573,31.2002,-0.3783,-0.4951,-1.65,0.40,78.72,8.94
907131487013638656,121.2321,37.0675,-0.3845,-0.6569,-2.50,0.55,84.17,9.90
737994541025607424,161.8281,33.6253,-0.1026,-0.2720,-1.89,0.66,64.20,7.51
739343061972818816,154.4697,27.2619,-0.1880,-0.1362,-1.54,0.55,71.36,7.49
740796818207812608,151.3815,29.3896,-0.6298,-0.6273,-1.47,0.46,65.69,6.38
713553978088173952,134.3707,33.8906,-0.1444,-0.7098,-1.73,0.46,77.94,8.32
802261751587184640,153.3806,37.9118,-0.3770,-0.4760,-2.11,0.45,64.93,7.27
812987350073862912,143.2685,39.6034,-0.2311,-0.5379,-2.27,0.41,62.06,7.92
782700821249802496,164.4420,45.0330,-0.7682,-0.7367,-2.63,0.48,66.35,5.36
666103179402655232,129.2949,23.0798,-0.2768,-0.5693,-2.17,0.49,81.91,9.95
626468430920516352,149.6040,18.8082,-0.4020,-0.7577,-1.87,0.59,69.56,9.89
627450432242959232,147.3215,19.4002,-0.8299,-0.3348,-1.54,0.39,66.72,7.08
632618171253164416,140.7552,18.3756,-0.3934,-0.3602,-2.38,0.43,82.03,9.31
633082817995378176,143.2144,18.1617,-0.7258,-0.1357,-1.40,0.44,73.93,7.78
634492460621831040,144.0643,20.1228,-0.7772,-0.1486,-1.74,0.46,76.67,8.25
638049346377720064,142.6053,22.0779,-0.1806,-0.9666,-1.95,0.44,83.38,9.69
641294353083879296,145.5965,22.7140,-0.4150,-0.6803,-2.64,0.45,72.42,7.86
646325580853701632,146.3427,25.3208,-0.7372,-0.5271,-1.79,0.41,74.05,7.78
591527257060081152,136.4568,9.8425,-0.2002,-0.2987,-1.73,0.58,60.87,7.13
625908955595998336,155.1695,21.3875,-0.9931,-0.7304,-1.55,0.46,72.08,9.55
684572432127856896,134.7797,19.8396,-0.2187,-0.6578,-2.40,0.37,74.19,9.90
911897663761711360,129.5493,41.0610,-0.3875,-0.2336,-2.15,0.35,80.02,8.09
647591801636678528,145.5647,27.2796,-0.2301,-0.5875,-1.82,0.39,65.44,6.29
611470061525803520,133.6313,16.4124,-0.4386,-0.4251,-2.42,0.35,83.07,9.79
